inventory_id,hospital_id,component_id,blood_group,units_available,received_date,expiry_date,status
1,1,3,O+,6,2025-12-16,2026-12-16,Available
2,1,4,AB+,8,2026-07-04,2026-07-09,Expiring
3,1,3,O-,10,2026-03-13,2027-03-13,Allocated
4,1,4,O-,4,2026-06-29,2026-07-04,Expired
5,1,4,B-,6,2026-06-28,2026-07-03,Expired
6,1,2,B+,10,2026-06-05,2026-07-17,Available
7,1,3,A+,6,2026-01-27,2027-01-27,Available
8,1,2,AB+,2,2026-05-26,2026-07-07,Expiring
9,1,4,A-,9,2026-07-04,2026-07-09,Expiring
10,1,1,A+,4,2026-06-25,2026-07-30,Available
11,1,1,B+,10,2026-06-04,2026-07-09,Expiring
12,1,2,A+,2,2026-06-20,2026-08-01,Available
13,1,3,B+,8,2025-08-24,2026-08-24,Available
14,1,1,A+,4,2026-05-30,2026-07-04,Expired
15,1,1,B-,8,2026-07-02,2026-08-06,Available
16,1,2,B+,6,2026-06-16,2026-07-28,Available
17,1,2,B+,6,2026-07-03,2026-08-14,Available
18,1,3,B+,7,2025-09-02,2026-09-02,Available
19,1,3,AB+,4,2026-02-18,2027-02-18,Available
20,1,2,A+,9,2026-06-04,2026-07-16,Available
21,1,4,B+,4,2026-06-25,2026-06-30,Expired
22,1,3,A+,8,2026-01-22,2027-01-22,Available
23,1,4,A-,9,2026-06-27,2026-07-02,Expired
24,1,1,B+,2,2026-06-30,2026-08-04,Available
25,1,3,O+,7,2026-05-27,2027-05-27,Available
26,1,1,B+,3,2026-07-05,2026-08-09,Available
27,1,1,A+,3,2026-06-28,2026-08-02,Available
28,1,1,O+,1,2026-06-28,2026-08-02,Available
29,1,3,B+,3,2025-10-25,2026-10-25,Available
30,1,1,B+,8,2026-06-02,2026-07-07,Expiring
31,1,4,B+,9,2026-07-03,2026-07-08,Expiring
32,1,1,A+,7,2026-06-09,2026-07-14,Available
33,1,4,AB+,7,2026-07-04,2026-07-09,Expiring
34,1,3,B+,5,2026-02-05,2027-02-05,Available
35,1,1,B+,6,2026-05-27,2026-07-01,Expired
36,1,3,A+,3,2025-09-20,2026-09-20,Available
37,1,2,AB+,4,2026-06-02,2026-07-14,Available
38,1,2,B+,6,2026-05-21,2026-07-02,Expired
39,1,4,O+,10,2026-06-27,2026-07-02,Expired
40,1,1,B+,8,2026-06-19,2026-07-24,Available
41,1,4,B+,3,2026-06-30,2026-07-05,Expiring
42,1,3,O+,9,2026-04-12,2027-04-12,Available
43,1,4,AB+,1,2026-06-28,2026-07-03,Expired
44,1,2,B+,7,2026-06-15,2026-07-27,Available
45,1,4,A+,2,2026-06-28,2026-07-03,Expired
46,1,1,O+,5,2026-07-05,2026-08-09,Available
47,1,4,A-,2,2026-07-02,2026-07-07,Expiring
48,1,1,AB-,8,2026-06-01,2026-07-06,Expiring
49,1,4,A-,2,2026-06-30,2026-07-05,Expiring
50,1,3,B-,10,2026-06-04,2027-06-04,Available
51,1,4,B+,2,2026-07-03,2026-07-08,Expiring
52,1,3,A+,9,2026-01-07,2027-01-07,Available
53,1,3,A+,1,2026-01-10,2027-01-10,Allocated
54,1,3,A+,5,2026-02-15,2027-02-15,Available
55,1,2,B+,10,2026-06-08,2026-07-20,Available
56,1,2,A+,10,2026-06-12,2026-07-24,Available
57,1,2,O+,9,2026-06-19,2026-07-31,Available
58,1,2,O-,4,2026-05-24,2026-07-05,Expiring
59,1,4,B+,10,2026-07-04,2026-07-09,Expiring
60,1,1,AB+,2,2026-06-26,2026-07-31,Available
61,1,1,A-,3,2026-06-18,2026-07-23,Available
62,1,4,A+,3,2026-07-04,2026-07-09,Expiring
63,1,3,A+,10,2025-10-11,2026-10-11,Available
64,1,4,AB-,6,2026-06-29,2026-07-04,Expired
65,1,3,A+,10,2025-09-14,2026-09-14,Available
66,1,3,B+,8,2025-08-24,2026-08-24,Available
67,1,4,A+,4,2026-07-05,2026-07-10,Expiring
68,1,2,A+,2,2026-06-22,2026-08-03,Allocated
69,1,3,O+,3,2025-08-25,2026-08-25,Available
70,1,2,B+,1,2026-06-05,2026-07-17,Available
71,1,1,A+,3,2026-07-02,2026-08-06,Available
72,1,1,A+,7,2026-06-07,2026-07-12,Available
73,1,1,B+,5,2026-06-15,2026-07-20,Available
74,1,3,O+,4,2026-05-06,2027-05-06,Available
75,1,3,A+,7,2025-12-24,2026-12-24,Available
76,1,2,A+,5,2026-06-13,2026-07-25,Available
77,1,3,AB+,9,2026-01-24,2027-01-24,Available
78,1,3,A-,4,2025-08-30,2026-08-30,Allocated
79,1,3,B+,5,2025-08-15,2026-08-15,Available
80,1,1,B+,9,2026-06-08,2026-07-13,Available
81,1,3,O+,5,2025-07-15,2026-07-15,Available
82,1,3,B+,7,2025-09-23,2026-09-23,Available
83,1,2,B+,1,2026-06-24,2026-08-05,Available
84,1,4,A+,6,2026-06-28,2026-07-03,Expired
85,1,1,B+,4,2026-06-08,2026-07-13,Available
86,1,3,O+,7,2026-03-30,2027-03-30,Available
87,1,4,O+,4,2026-07-05,2026-07-10,Expiring
88,1,4,O+,6,2026-06-28,2026-07-03,Expired
89,1,4,B+,4,2026-06-27,2026-07-02,Expired
90,1,1,A+,10,2026-07-05,2026-08-09,Available
91,1,3,A+,6,2026-05-18,2027-05-18,Allocated
92,1,2,O+,1,2026-06-03,2026-07-15,Available
93,1,1,A+,5,2026-07-03,2026-08-07,Available
94,1,1,AB+,1,2026-06-10,2026-07-15,Allocated
95,1,3,A+,5,2025-07-10,2026-07-10,Expiring
96,1,3,A+,1,2026-02-15,2027-02-15,Allocated
97,1,1,B+,8,2026-07-04,2026-08-08,Allocated
98,1,3,A+,8,2025-08-16,2026-08-16,Available
99,1,3,A+,9,2025-11-05,2026-11-05,Available
100,1,3,B+,6,2026-06-16,2027-06-16,Available
101,1,3,A+,3,2025-07-05,2026-07-05,Expiring
102,1,4,B+,3,2026-07-03,2026-07-08,Expiring
103,1,2,B+,7,2026-06-30,2026-08-11,Available
104,1,4,B+,1,2026-07-04,2026-07-09,Expiring
105,1,1,O+,1,2026-06-07,2026-07-12,Available
106,1,1,AB-,5,2026-06-01,2026-07-06,Expiring
107,1,3,O+,10,2026-03-28,2027-03-28,Available
108,1,3,B+,6,2026-01-16,2027-01-16,Available
109,1,2,B+,10,2026-06-25,2026-08-06,Available
110,1,2,AB+,9,2026-06-12,2026-07-24,Available
111,1,2,O+,7,2026-05-24,2026-07-05,Expiring
112,1,2,A+,1,2026-06-09,2026-07-21,Available
113,1,1,A+,3,2026-06-03,2026-07-08,Expiring
114,1,4,A-,2,2026-07-01,2026-07-06,Expiring
115,1,3,A+,8,2026-04-08,2027-04-08,Available
116,1,2,A+,4,2026-05-28,2026-07-09,Expiring
117,1,1,A+,7,2026-06-03,2026-07-08,Expiring
118,1,2,A+,1,2026-06-24,2026-08-05,Available
119,1,1,O+,6,2026-05-31,2026-07-05,Expiring
120,1,4,A+,6,2026-07-04,2026-07-09,Expiring
121,1,4,B+,10,2026-06-28,2026-07-03,Expired
122,1,1,A+,10,2026-06-30,2026-08-04,Allocated
123,1,4,B+,2,2026-07-04,2026-07-09,Expiring
124,1,1,A+,3,2026-06-30,2026-08-04,Available
125,1,4,A+,6,2026-07-03,2026-07-08,Expiring
126,1,2,AB+,1,2026-05-29,2026-07-10,Expiring
127,1,3,B+,1,2026-04-10,2027-04-10,Available
128,1,1,A+,8,2026-06-12,2026-07-17,Available
129,1,2,A+,4,2026-05-20,2026-07-01,Expired
130,1,3,O+,4,2026-01-29,2027-01-29,Available
131,1,1,A+,5,2026-06-27,2026-08-01,Available
132,1,4,B+,3,2026-07-01,2026-07-06,Expiring
133,1,3,O+,3,2026-02-13,2027-02-13,Available
134,1,2,A+,4,2026-06-09,2026-07-21,Available
135,1,4,B+,4,2026-07-01,2026-07-06,Expiring
136,1,1,O-,5,2026-06-24,2026-07-29,Available
137,1,3,A+,5,2025-11-22,2026-11-22,Available
138,1,4,B+,10,2026-06-30,2026-07-05,Expiring
139,1,1,B+,6,2026-06-12,2026-07-17,Available
140,1,1,O-,8,2026-06-02,2026-07-07,Expiring
141,1,2,A+,3,2026-05-26,2026-07-07,Expiring
142,1,2,B+,10,2026-07-03,2026-08-14,Available
143,1,2,AB+,10,2026-06-01,2026-07-13,Available
144,1,3,A+,7,2025-07-11,2026-07-11,Available
145,1,4,B+,5,2026-06-25,2026-06-30,Expired
146,1,1,AB+,6,2026-06-22,2026-07-27,Available
147,1,1,B-,9,2026-06-03,2026-07-08,Expiring
148,1,4,B-,2,2026-07-01,2026-07-06,Expiring
149,1,1,B+,4,2026-06-03,2026-07-08,Expiring
150,1,3,A+,4,2026-02-23,2027-02-23,Available
151,1,4,A+,2,2026-07-05,2026-07-10,Expiring
152,1,1,A-,3,2026-06-02,2026-07-07,Expiring
153,1,4,A+,3,2026-06-28,2026-07-03,Expired
154,1,1,A+,10,2026-06-06,2026-07-11,Available
155,1,4,A+,7,2026-06-26,2026-07-01,Expired
156,1,4,A+,10,2026-06-25,2026-06-30,Expired
157,1,4,A+,6,2026-07-05,2026-07-10,Expiring
158,1,1,B+,6,2026-06-29,2026-08-03,Available
159,1,1,O-,3,2026-07-05,2026-08-09,Available
160,1,2,O+,6,2026-06-14,2026-07-26,Available
161,1,4,O+,3,2026-07-04,2026-07-09,Expiring
162,1,3,O+,5,2026-01-03,2027-01-03,Available
163,1,1,A-,3,2026-06-01,2026-07-06,Expiring
164,1,2,A+,8,2026-07-04,2026-08-15,Available
165,1,1,O+,10,2026-06-06,2026-07-11,Available
166,1,1,B+,7,2026-06-08,2026-07-13,Available
167,1,4,B+,5,2026-07-02,2026-07-07,Expiring
168,1,1,A+,10,2026-06-12,2026-07-17,Available
169,1,1,AB+,5,2026-06-10,2026-07-15,Available
170,1,4,A+,9,2026-07-02,2026-07-07,Expiring
171,1,4,B-,7,2026-07-04,2026-07-09,Expiring
172,1,4,A+,5,2026-06-29,2026-07-04,Expired
173,1,1,O+,7,2026-05-30,2026-07-04,Expired
174,1,2,B+,1,2026-05-29,2026-07-10,Expiring
175,1,1,B+,9,2026-06-25,2026-07-30,Available
176,1,1,A+,10,2026-06-16,2026-07-21,Allocated
177,1,4,A+,4,2026-06-27,2026-07-02,Expired
178,1,2,O-,3,2026-05-30,2026-07-11,Available
179,1,4,A+,1,2026-06-30,2026-07-05,Expiring
180,1,4,B+,5,2026-07-04,2026-07-09,Expiring
181,1,1,A-,6,2026-06-26,2026-07-31,Available
182,1,4,AB+,8,2026-07-03,2026-07-08,Expiring
183,1,4,O+,3,2026-07-05,2026-07-10,Expiring
184,1,3,B+,3,2026-03-25,2027-03-25,Available
185,1,3,B+,3,2026-05-25,2027-05-25,Available
186,1,2,A+,7,2026-06-22,2026-08-03,Available
187,1,4,AB+,3,2026-07-02,2026-07-07,Expiring
188,1,4,O+,9,2026-06-25,2026-06-30,Expired
189,1,3,AB+,1,2025-12-26,2026-12-26,Available
190,1,4,O+,2,2026-06-30,2026-07-05,Expiring
191,1,3,O+,9,2025-11-06,2026-11-06,Available
192,1,2,A+,4,2026-05-22,2026-07-03,Expired
193,1,2,B+,7,2026-06-05,2026-07-17,Available
194,1,3,B+,4,2025-07-09,2026-07-09,Expiring
195,1,2,A+,7,2026-06-29,2026-08-10,Available
196,1,1,O+,7,2026-06-27,2026-08-01,Available
197,1,2,O+,7,2026-06-17,2026-07-29,Available
198,1,2,B+,2,2026-06-01,2026-07-13,Available
199,1,2,A-,10,2026-05-24,2026-07-05,Expiring
200,1,4,A+,4,2026-07-05,2026-07-10,Expiring
201,1,4,AB+,3,2026-06-26,2026-07-01,Expired
202,1,4,A+,6,2026-07-02,2026-07-07,Expiring
203,1,3,A-,6,2026-01-01,2027-01-01,Available
204,1,2,B-,10,2026-07-05,2026-08-16,Available
205,1,1,B+,2,2026-06-10,2026-07-15,Available
206,1,4,O+,8,2026-07-03,2026-07-08,Expiring
207,1,4,B+,1,2026-07-02,2026-07-07,Expiring
208,1,4,B+,5,2026-07-02,2026-07-07,Expiring
209,1,1,B+,2,2026-06-08,2026-07-13,Available
210,1,4,B+,3,2026-06-25,2026-06-30,Expired
211,1,1,O-,3,2026-06-08,2026-07-13,Available
212,1,4,B+,8,2026-06-29,2026-07-04,Expired
213,1,2,A+,5,2026-07-03,2026-08-14,Allocated
214,1,1,B+,3,2026-06-09,2026-07-14,Available
215,1,1,A+,2,2026-06-02,2026-07-07,Expiring
216,1,4,B+,2,2026-06-28,2026-07-03,Expired
217,1,3,B+,2,2026-01-09,2027-01-09,Available
218,1,1,A-,1,2026-06-10,2026-07-15,Available
219,1,2,A-,10,2026-06-27,2026-08-08,Available
220,1,2,O-,8,2026-05-23,2026-07-04,Expired
221,1,2,A+,8,2026-07-05,2026-08-16,Available
222,1,1,O-,7,2026-06-10,2026-07-15,Available
223,1,2,A+,7,2026-06-16,2026-07-28,Available
224,1,3,AB+,2,2025-08-15,2026-08-15,Available
225,1,2,A+,9,2026-06-07,2026-07-19,Available
226,1,4,A+,6,2026-06-28,2026-07-03,Expired
227,1,4,B+,6,2026-06-27,2026-07-02,Expired
228,1,1,B+,3,2026-06-28,2026-08-02,Allocated
229,1,1,B-,7,2026-06-01,2026-07-06,Expiring
230,1,3,B+,2,2025-07-25,2026-07-25,Available
231,1,3,O+,10,2026-01-14,2027-01-14,Available
232,1,2,B+,10,2026-06-03,2026-07-15,Available
233,1,4,O+,7,2026-06-28,2026-07-03,Expired
234,1,3,B-,8,2026-06-11,2027-06-11,Available
235,1,3,A+,8,2026-05-04,2027-05-04,Available
236,1,4,B+,10,2026-07-05,2026-07-10,Expiring
237,1,1,B-,5,2026-06-12,2026-07-17,Available
238,1,3,A+,5,2025-07-25,2026-07-25,Available
239,1,4,B+,9,2026-07-05,2026-07-10,Expiring
240,1,3,B-,3,2026-02-19,2027-02-19,Available
241,1,1,A+,1,2026-06-09,2026-07-14,Available
242,1,3,A+,1,2026-02-03,2027-02-03,Available
243,1,3,A+,1,2026-01-04,2027-01-04,Available
244,1,4,A+,4,2026-06-29,2026-07-04,Expired
245,1,2,O+,2,2026-06-24,2026-08-05,Available
246,1,1,A+,3,2026-06-27,2026-08-01,Available
247,1,1,B+,5,2026-06-08,2026-07-13,Available
248,1,3,A+,10,2025-11-13,2026-11-13,Available
249,1,2,A+,9,2026-05-20,2026-07-01,Expired
250,1,4,A+,8,2026-06-26,2026-07-01,Expired
251,1,1,A+,2,2026-07-03,2026-08-07,Available
252,1,1,A-,3,2026-07-03,2026-08-07,Available
253,1,2,A+,2,2026-05-20,2026-07-01,Expired
254,1,4,B+,9,2026-06-29,2026-07-04,Expired
255,1,3,B-,6,2026-05-26,2027-05-26,Allocated
256,1,2,A+,5,2026-05-19,2026-06-30,Expired
257,1,4,A+,7,2026-06-29,2026-07-04,Expired
258,1,2,A-,3,2026-07-04,2026-08-15,Allocated
259,1,3,A+,2,2026-02-24,2027-02-24,Available
260,1,1,AB+,2,2026-06-08,2026-07-13,Available
261,1,3,A+,5,2025-09-16,2026-09-16,Allocated
262,1,1,O+,9,2026-05-27,2026-07-01,Expired
263,1,2,A+,4,2026-06-01,2026-07-13,Available
264,1,3,A+,6,2026-06-10,2027-06-10,Available
265,1,1,A-,7,2026-06-22,2026-07-27,Available
266,1,4,O+,5,2026-07-03,2026-07-08,Expiring
267,1,4,B-,1,2026-06-27,2026-07-02,Expired
268,1,1,B+,7,2026-05-28,2026-07-02,Expired
269,1,1,B-,5,2026-06-24,2026-07-29,Available
270,1,3,B+,4,2025-12-09,2026-12-09,Available
271,1,4,A+,3,2026-06-29,2026-07-04,Expired
272,1,2,A-,5,2026-06-18,2026-07-30,Available
273,1,4,B+,6,2026-06-25,2026-06-30,Expired
274,1,4,A+,4,2026-07-04,2026-07-09,Expiring
275,1,2,A+,1,2026-06-21,2026-08-02,Available
276,1,3,A-,2,2026-03-14,2027-03-14,Available
277,1,3,A+,10,2025-07-06,2026-07-06,Expiring
278,1,1,B+,10,2026-06-06,2026-07-11,Available
279,1,2,A+,6,2026-05-28,2026-07-09,Expiring
280,1,4,B+,7,2026-06-27,2026-07-02,Expired
281,1,1,B+,9,2026-06-05,2026-07-10,Expiring
282,1,1,A+,6,2026-07-05,2026-08-09,Available
283,1,4,O+,8,2026-06-30,2026-07-05,Expiring
284,1,2,AB+,8,2026-06-26,2026-08-07,Available
285,1,2,A+,4,2026-06-04,2026-07-16,Available
286,1,2,B+,7,2026-06-25,2026-08-06,Available
287,1,1,A+,10,2026-07-03,2026-08-07,Allocated
288,1,2,A+,8,2026-05-26,2026-07-07,Expiring
289,1,4,B+,6,2026-06-27,2026-07-02,Expired
290,1,4,B+,4,2026-07-04,2026-07-09,Expiring
291,1,2,B+,9,2026-05-19,2026-06-30,Expired
292,1,2,A-,5,2026-06-12,2026-07-24,Available
293,1,3,AB+,8,2026-01-25,2027-01-25,Available
294,1,2,A+,3,2026-07-04,2026-08-15,Available
295,1,4,A+,10,2026-07-03,2026-07-08,Expiring
296,1,3,AB+,10,2026-01-06,2027-01-06,Available
297,1,2,AB+,5,2026-07-04,2026-08-15,Available
298,1,3,A+,4,2025-10-27,2026-10-27,Available
299,1,2,A+,3,2026-06-01,2026-07-13,Available
300,1,4,A+,2,2026-07-04,2026-07-09,Expiring
301,1,2,O+,4,2026-06-10,2026-07-22,Available
302,1,4,O+,10,2026-07-04,2026-07-09,Expiring
303,1,3,A+,3,2026-02-07,2027-02-07,Available
304,1,2,O+,7,2026-05-19,2026-06-30,Expired
305,1,2,O+,7,2026-05-31,2026-07-12,Available
306,1,1,B+,7,2026-06-22,2026-07-27,Allocated
307,1,1,A+,6,2026-06-18,2026-07-23,Available
308,1,2,A-,2,2026-05-26,2026-07-07,Expiring
309,1,4,A+,6,2026-06-25,2026-06-30,Expired
310,1,4,AB-,9,2026-06-27,2026-07-02,Expired
311,1,4,B+,7,2026-06-27,2026-07-02,Expired
312,1,4,A+,7,2026-07-02,2026-07-07,Expiring
313,1,4,A+,8,2026-06-28,2026-07-03,Expired
314,1,4,AB-,8,2026-07-01,2026-07-06,Expiring
315,1,2,O+,3,2026-06-25,2026-08-06,Available
316,1,1,O+,9,2026-07-05,2026-08-09,Available
317,1,2,O+,3,2026-06-06,2026-07-18,Available
318,1,2,O+,7,2026-06-29,2026-08-10,Available
319,1,4,A+,7,2026-06-29,2026-07-04,Expired
320,1,3,B+,4,2025-12-07,2026-12-07,Available
321,1,3,A+,4,2025-08-23,2026-08-23,Available
322,1,3,O+,9,2025-08-22,2026-08-22,Allocated
323,1,4,A-,10,2026-06-26,2026-07-01,Expired
324,1,2,O-,7,2026-05-20,2026-07-01,Expired
325,1,2,B-,6,2026-07-04,2026-08-15,Available
326,1,4,A+,10,2026-07-03,2026-07-08,Expiring
327,1,1,B+,8,2026-05-26,2026-06-30,Expired
328,1,4,AB+,2,2026-06-25,2026-06-30,Expired
329,1,3,O+,1,2025-12-28,2026-12-28,Available
330,1,2,A+,7,2026-05-25,2026-07-06,Expiring
331,1,4,A+,9,2026-06-27,2026-07-02,Expired
332,1,3,O+,3,2026-03-29,2027-03-29,Available
333,1,2,B+,4,2026-05-20,2026-07-01,Expired
334,1,2,B+,8,2026-06-24,2026-08-05,Allocated
335,1,4,B+,6,2026-07-02,2026-07-07,Expiring
336,1,2,A+,5,2026-06-27,2026-08-08,Available
337,1,2,A+,4,2026-07-04,2026-08-15,Available
338,1,3,B+,4,2025-11-12,2026-11-12,Available
339,1,2,A+,4,2026-06-07,2026-07-19,Available
340,1,1,O+,9,2026-06-06,2026-07-11,Available
341,1,2,A-,6,2026-05-28,2026-07-09,Expiring
342,1,3,O+,4,2026-04-15,2027-04-15,Available
343,1,2,A+,1,2026-07-01,2026-08-12,Available
344,1,1,AB+,9,2026-06-09,2026-07-14,Allocated
345,1,3,A-,2,2025-12-20,2026-12-20,Available
346,1,4,B+,9,2026-07-01,2026-07-06,Expiring
347,1,2,B+,10,2026-06-28,2026-08-09,Available
348,1,4,O+,1,2026-06-27,2026-07-02,Expired
349,1,1,B+,8,2026-06-07,2026-07-12,Available
350,1,4,A-,5,2026-07-05,2026-07-10,Expiring
351,1,2,A+,1,2026-06-10,2026-07-22,Available
352,1,3,AB+,9,2025-07-04,2026-07-04,Expired
353,1,2,B-,8,2026-05-26,2026-07-07,Expiring
354,1,1,A-,2,2026-06-08,2026-07-13,Available
355,1,4,A+,10,2026-07-01,2026-07-06,Expiring
356,1,1,A+,3,2026-06-28,2026-08-02,Available
357,1,1,B+,3,2026-06-14,2026-07-19,Allocated
358,1,3,B+,4,2025-10-31,2026-10-31,Available
359,1,1,A+,2,2026-06-14,2026-07-19,Available
360,1,3,AB+,8,2025-07-07,2026-07-07,Expiring
361,2,3,A+,5,2026-03-02,2027-03-02,Available
362,2,3,B+,8,2025-07-18,2026-07-18,Available
363,2,2,O+,5,2026-06-07,2026-07-19,Available
364,2,3,A+,1,2025-09-04,2026-09-04,Available
365,2,3,B+,9,2026-04-21,2027-04-21,Available
366,2,4,B-,6,2026-07-02,2026-07-07,Expiring
367,2,1,A+,6,2026-05-30,2026-07-04,Expired
368,2,2,A+,5,2026-05-21,2026-07-02,Expired
369,2,2,B+,3,2026-06-16,2026-07-28,Available
370,2,3,B+,8,2026-01-30,2027-01-30,Available
371,2,2,B+,5,2026-05-23,2026-07-04,Expired
372,2,3,O+,3,2026-04-17,2027-04-17,Available
373,2,3,A+,7,2026-02-06,2027-02-06,Available
374,2,2,A-,1,2026-06-21,2026-08-02,Available
375,2,3,B+,5,2025-09-10,2026-09-10,Available
376,2,3,A-,5,2026-06-29,2027-06-29,Available
377,2,4,B+,9,2026-06-27,2026-07-02,Expired
378,2,4,A+,8,2026-06-29,2026-07-04,Expired
379,2,4,B+,3,2026-06-26,2026-07-01,Expired
380,2,2,O+,3,2026-06-13,2026-07-25,Available
381,2,1,B+,6,2026-06-03,2026-07-08,Expiring
382,2,3,B+,6,2025-10-11,2026-10-11,Available
383,2,1,AB+,3,2026-06-04,2026-07-09,Expiring
384,2,1,B+,8,2026-06-02,2026-07-07,Expiring
385,2,1,A+,8,2026-06-24,2026-07-29,Available
386,2,2,O+,2,2026-07-05,2026-08-16,Available
387,2,4,A+,4,2026-07-01,2026-07-06,Expiring
388,2,3,B+,3,2026-03-13,2027-03-13,Available
389,2,4,B+,4,2026-07-04,2026-07-09,Expiring
390,2,4,A+,8,2026-06-30,2026-07-05,Expiring
391,2,3,A+,10,2025-11-12,2026-11-12,Allocated
392,2,1,B+,9,2026-07-05,2026-08-09,Available
393,2,2,A+,4,2026-05-19,2026-06-30,Expired
394,2,2,O+,1,2026-06-12,2026-07-24,Available
395,2,4,AB+,6,2026-07-04,2026-07-09,Expiring
396,2,4,A-,2,2026-06-27,2026-07-02,Expired
397,2,3,A+,9,2026-02-17,2027-02-17,Allocated
398,2,2,B+,9,2026-05-19,2026-06-30,Expired
399,2,2,B+,1,2026-06-30,2026-08-11,Available
400,2,2,A+,4,2026-06-02,2026-07-14,Available
401,2,4,O-,4,2026-07-03,2026-07-08,Expiring
402,2,3,A+,8,2026-03-11,2027-03-11,Available
403,2,2,B+,5,2026-05-28,2026-07-09,Expiring
404,2,3,A+,5,2025-09-26,2026-09-26,Available
405,2,1,B+,2,2026-06-23,2026-07-28,Allocated
406,2,4,A+,9,2026-07-03,2026-07-08,Expiring
407,2,3,A+,1,2026-01-31,2027-01-31,Available
408,2,2,A+,10,2026-06-20,2026-08-01,Available
409,2,3,B+,8,2025-11-03,2026-11-03,Available
410,2,1,B+,6,2026-07-02,2026-08-06,Available
411,2,3,B+,4,2026-05-29,2027-05-29,Available
412,2,3,B+,2,2025-11-21,2026-11-21,Available
413,2,4,B+,9,2026-07-04,2026-07-09,Expiring
414,2,2,B+,4,2026-05-29,2026-07-10,Expiring
415,2,2,B+,8,2026-05-28,2026-07-09,Expiring
416,2,3,A+,10,2026-02-02,2027-02-02,Available
417,2,3,B-,2,2025-11-27,2026-11-27,Available
418,2,3,A+,4,2025-11-21,2026-11-21,Available
419,2,3,O+,10,2025-08-14,2026-08-14,Available
420,2,3,A+,5,2026-07-05,2027-07-05,Available
421,2,3,A+,5,2025-09-01,2026-09-01,Available
422,2,3,A+,6,2026-04-06,2027-04-06,Available
423,2,1,O+,5,2026-06-03,2026-07-08,Expiring
424,2,1,B+,5,2026-06-16,2026-07-21,Available
425,2,4,AB+,6,2026-07-02,2026-07-07,Expiring
426,2,3,B+,9,2026-02-15,2027-02-15,Available
427,2,1,B+,8,2026-05-26,2026-06-30,Expired
428,2,4,O-,3,2026-07-04,2026-07-09,Expiring
429,2,2,A+,1,2026-06-04,2026-07-16,Available
430,2,4,B+,8,2026-06-27,2026-07-02,Expired
431,2,4,A+,3,2026-06-28,2026-07-03,Expired
432,2,3,B-,2,2026-04-05,2027-04-05,Available
433,2,4,A+,5,2026-06-25,2026-06-30,Expired
434,2,1,O+,8,2026-06-29,2026-08-03,Available
435,2,1,A+,3,2026-06-01,2026-07-06,Expiring
436,2,4,B+,2,2026-07-02,2026-07-07,Expiring
437,2,4,A+,4,2026-07-02,2026-07-07,Expiring
438,2,3,O-,9,2026-01-29,2027-01-29,Available
439,2,4,A+,8,2026-06-27,2026-07-02,Expired
440,2,1,A+,5,2026-06-29,2026-08-03,Allocated
441,2,3,B-,10,2026-03-20,2027-03-20,Available
442,2,2,A-,3,2026-06-15,2026-07-27,Available
443,2,1,A-,3,2026-06-10,2026-07-15,Available
444,2,2,A+,3,2026-05-27,2026-07-08,Expiring
445,2,3,A+,9,2026-01-20,2027-01-20,Allocated
446,2,1,A-,7,2026-05-28,2026-07-02,Expired
447,2,2,AB+,5,2026-05-20,2026-07-01,Expired
448,2,1,A+,5,2026-06-21,2026-07-26,Available
449,2,4,A-,6,2026-07-01,2026-07-06,Expiring
450,2,4,A+,5,2026-07-03,2026-07-08,Expiring
451,2,3,O+,6,2026-01-16,2027-01-16,Available
452,2,2,AB+,8,2026-06-15,2026-07-27,Available
453,2,1,A+,7,2026-05-30,2026-07-04,Expired
454,2,3,B+,1,2025-12-04,2026-12-04,Available
455,2,4,B+,1,2026-06-29,2026-07-04,Expired
456,2,3,AB+,6,2025-12-08,2026-12-08,Available
457,2,2,A+,8,2026-06-27,2026-08-08,Available
458,2,3,AB+,4,2026-06-26,2027-06-26,Available
459,2,1,O-,5,2026-06-19,2026-07-24,Available
460,2,4,AB+,6,2026-07-05,2026-07-10,Expiring
461,2,4,A+,7,2026-06-29,2026-07-04,Expired
462,2,3,A+,9,2026-01-20,2027-01-20,Available
463,2,2,A+,4,2026-06-23,2026-08-04,Available
464,2,3,B-,5,2025-11-22,2026-11-22,Available
465,2,1,AB-,3,2026-06-20,2026-07-25,Available
466,2,4,AB-,10,2026-06-28,2026-07-03,Expired
467,2,3,A-,1,2025-11-07,2026-11-07,Available
468,2,4,B+,8,2026-06-29,2026-07-04,Expired
469,2,1,B+,5,2026-06-20,2026-07-25,Allocated
470,2,1,A+,7,2026-05-29,2026-07-03,Expired
471,2,1,AB+,2,2026-07-02,2026-08-06,Available
472,2,3,B+,5,2026-01-11,2027-01-11,Available
473,2,1,B-,5,2026-06-07,2026-07-12,Available
474,2,1,B+,2,2026-06-27,2026-08-01,Available
475,2,2,B+,7,2026-05-20,2026-07-01,Expired
476,2,1,AB+,3,2026-06-26,2026-07-31,Available
477,2,4,A+,4,2026-06-26,2026-07-01,Expired
478,2,1,A-,2,2026-05-31,2026-07-05,Expiring
479,2,1,A+,4,2026-06-07,2026-07-12,Available
480,2,1,A+,5,2026-06-01,2026-07-06,Expiring
481,2,3,O+,9,2025-09-23,2026-09-23,Available
482,2,4,B+,3,2026-07-05,2026-07-10,Expiring
483,2,4,AB+,6,2026-07-04,2026-07-09,Expiring
484,2,4,A+,8,2026-06-30,2026-07-05,Expiring
485,2,3,A+,3,2026-03-18,2027-03-18,Available
486,2,2,B+,8,2026-06-21,2026-08-02,Available
487,2,3,O+,5,2026-03-26,2027-03-26,Available
488,2,1,A-,3,2026-07-04,2026-08-08,Available
489,2,2,B+,7,2026-06-09,2026-07-21,Available
490,2,1,A+,1,2026-06-04,2026-07-09,Expiring
491,2,1,O+,1,2026-06-02,2026-07-07,Expiring
492,2,4,B-,6,2026-06-27,2026-07-02,Expired
493,2,1,A+,10,2026-07-04,2026-08-08,Available
494,2,3,B+,9,2026-06-19,2027-06-19,Available
495,2,4,A-,9,2026-06-30,2026-07-05,Expiring
496,2,2,A+,5,2026-06-04,2026-07-16,Available
497,2,3,B+,2,2025-08-15,2026-08-15,Available
498,2,1,AB+,2,2026-05-30,2026-07-04,Expired
499,2,3,O+,2,2025-09-23,2026-09-23,Available
500,2,2,O+,2,2026-06-03,2026-07-15,Available
501,2,2,O+,10,2026-06-06,2026-07-18,Available
502,2,3,A+,2,2026-03-30,2027-03-30,Available
503,2,3,B+,5,2025-11-27,2026-11-27,Available
504,2,3,B+,6,2026-04-19,2027-04-19,Available
505,2,1,AB+,6,2026-05-30,2026-07-04,Expired
506,2,4,A-,9,2026-06-28,2026-07-03,Expired
507,2,1,B+,1,2026-06-08,2026-07-13,Available
508,2,4,A+,1,2026-07-01,2026-07-06,Expiring
509,2,1,O+,7,2026-05-27,2026-07-01,Expired
510,2,4,O+,1,2026-07-05,2026-07-10,Expiring
511,2,4,O+,6,2026-07-02,2026-07-07,Expiring
512,2,1,A+,3,2026-06-08,2026-07-13,Available
513,2,4,B-,10,2026-07-02,2026-07-07,Expiring
514,2,1,B+,9,2026-06-15,2026-07-20,Available
515,2,4,B+,4,2026-06-25,2026-06-30,Expired
516,2,2,O+,6,2026-05-30,2026-07-11,Available
517,2,2,A+,10,2026-05-21,2026-07-02,Expired
518,2,1,A+,4,2026-06-26,2026-07-31,Available
519,2,4,A+,5,2026-07-02,2026-07-07,Expiring
520,2,4,A+,2,2026-07-03,2026-07-08,Expiring
521,2,4,A+,9,2026-07-05,2026-07-10,Expiring
522,2,3,A+,1,2025-08-31,2026-08-31,Available
523,2,3,B+,6,2025-10-02,2026-10-02,Allocated
524,2,3,O-,6,2026-01-19,2027-01-19,Allocated
525,2,1,B+,4,2026-06-22,2026-07-27,Available
526,2,3,A-,5,2025-11-30,2026-11-30,Available
527,2,1,A+,6,2026-06-22,2026-07-27,Available
528,2,4,A+,2,2026-06-28,2026-07-03,Expired
529,2,3,A+,1,2025-12-25,2026-12-25,Available
530,2,2,O+,4,2026-05-19,2026-06-30,Expired
531,2,1,A+,1,2026-06-11,2026-07-16,Available
532,2,4,A+,4,2026-06-29,2026-07-04,Expired
533,2,1,B-,7,2026-06-22,2026-07-27,Available
534,2,4,A+,2,2026-07-04,2026-07-09,Expiring
535,2,3,A-,9,2026-04-07,2027-04-07,Allocated
536,2,2,B-,9,2026-05-20,2026-07-01,Expired
537,2,2,B+,3,2026-06-28,2026-08-09,Available
538,2,1,A+,8,2026-06-28,2026-08-02,Available
539,2,3,A+,6,2026-01-03,2027-01-03,Available
540,2,3,A+,2,2026-03-20,2027-03-20,Available
541,2,4,B+,8,2026-06-30,2026-07-05,Expiring
542,2,4,O+,9,2026-07-01,2026-07-06,Expiring
543,2,3,O+,8,2026-05-09,2027-05-09,Available
544,2,3,B+,7,2025-12-23,2026-12-23,Available
545,2,4,B-,6,2026-07-04,2026-07-09,Expiring
546,2,1,B+,5,2026-06-12,2026-07-17,Available
547,2,1,A+,5,2026-06-08,2026-07-13,Available
548,2,4,B+,7,2026-07-04,2026-07-09,Expiring
549,2,1,A+,1,2026-06-05,2026-07-10,Expiring
550,2,3,O+,6,2026-02-15,2027-02-15,Available
551,2,4,B+,3,2026-07-02,2026-07-07,Expiring
552,2,4,O+,1,2026-06-26,2026-07-01,Expired
553,2,3,B+,9,2026-05-01,2027-05-01,Available
554,2,2,A+,8,2026-05-22,2026-07-03,Expired
555,2,2,A+,1,2026-07-03,2026-08-14,Available
556,2,1,A+,5,2026-06-22,2026-07-27,Available
557,2,3,O+,3,2025-12-05,2026-12-05,Available
558,2,3,AB-,9,2026-04-07,2027-04-07,Allocated
559,2,4,O-,3,2026-06-25,2026-06-30,Expired
560,2,3,A+,2,2025-12-31,2026-12-31,Available
561,2,2,B+,8,2026-07-04,2026-08-15,Available
562,2,4,O+,6,2026-06-29,2026-07-04,Expired
563,2,4,B+,10,2026-07-01,2026-07-06,Expiring
564,2,3,A+,1,2026-01-22,2027-01-22,Available
565,2,4,O-,1,2026-06-30,2026-07-05,Expiring
566,2,1,B+,1,2026-06-05,2026-07-10,Expiring
567,2,4,B+,7,2026-07-03,2026-07-08,Expiring
568,2,1,A+,9,2026-07-03,2026-08-07,Available
569,2,4,A-,9,2026-06-26,2026-07-01,Expired
570,2,2,A+,3,2026-06-25,2026-08-06,Available
571,2,4,B+,4,2026-06-30,2026-07-05,Expiring
572,2,2,B+,7,2026-06-30,2026-08-11,Allocated
573,2,3,O+,8,2026-05-09,2027-05-09,Available
574,2,2,O+,9,2026-06-09,2026-07-21,Available
575,2,3,B+,1,2025-08-31,2026-08-31,Available
576,2,4,O+,5,2026-06-28,2026-07-03,Expired
577,2,3,A+,6,2026-05-01,2027-05-01,Available
578,2,3,O+,10,2025-12-30,2026-12-30,Available
579,2,3,B+,8,2026-05-17,2027-05-17,Available
580,2,1,O+,4,2026-05-30,2026-07-04,Expired
581,2,2,O+,4,2026-06-27,2026-08-08,Available
582,2,2,B-,4,2026-06-26,2026-08-07,Available
583,2,3,AB-,7,2026-05-18,2027-05-18,Available
584,2,3,B+,2,2025-08-25,2026-08-25,Available
585,2,3,A+,3,2026-02-27,2027-02-27,Available
586,2,3,A+,6,2026-02-01,2027-02-01,Available
587,2,2,B+,10,2026-06-06,2026-07-18,Available
588,2,1,A+,5,2026-05-30,2026-07-04,Expired
589,2,1,O-,6,2026-06-27,2026-08-01,Available
590,2,2,O-,3,2026-05-24,2026-07-05,Expiring
591,2,4,A+,1,2026-06-26,2026-07-01,Expired
592,2,4,B+,1,2026-06-29,2026-07-04,Expired
593,2,4,B+,3,2026-07-02,2026-07-07,Expiring
594,2,1,B-,3,2026-07-05,2026-08-09,Available
595,2,2,A+,3,2026-06-20,2026-08-01,Available
596,2,1,A+,10,2026-07-05,2026-08-09,Available
597,2,1,B-,4,2026-06-13,2026-07-18,Available
598,2,2,AB+,7,2026-05-30,2026-07-11,Available
599,2,2,A+,8,2026-06-22,2026-08-03,Available
600,2,1,O+,8,2026-06-01,2026-07-06,Expiring
601,2,1,B+,5,2026-06-28,2026-08-02,Available
602,2,4,AB-,6,2026-06-27,2026-07-02,Expired
603,2,2,B+,3,2026-06-14,2026-07-26,Available
604,2,3,A+,9,2025-10-29,2026-10-29,Available
605,2,3,O+,6,2026-05-17,2027-05-17,Available
606,2,1,AB+,2,2026-06-19,2026-07-24,Available
607,2,3,B+,1,2025-11-29,2026-11-29,Allocated
608,2,4,B+,2,2026-07-03,2026-07-08,Expiring
609,2,4,O+,8,2026-07-02,2026-07-07,Expiring
610,2,2,AB+,2,2026-06-28,2026-08-09,Available
611,2,3,AB-,3,2026-02-04,2027-02-04,Available
612,2,4,A+,8,2026-07-01,2026-07-06,Expiring
613,2,1,B+,9,2026-06-08,2026-07-13,Allocated
614,2,3,A+,9,2026-05-24,2027-05-24,Available
615,2,3,B+,4,2025-10-17,2026-10-17,Available
616,2,3,AB-,4,2025-07-22,2026-07-22,Available
617,2,4,A+,6,2026-07-02,2026-07-07,Expiring
618,2,4,B+,10,2026-06-27,2026-07-02,Expired
619,2,2,O-,10,2026-06-26,2026-08-07,Available
620,2,1,B+,1,2026-06-02,2026-07-07,Expiring
621,2,3,AB+,6,2025-10-06,2026-10-06,Available
622,2,3,A+,9,2025-07-15,2026-07-15,Available
623,2,4,A+,2,2026-07-03,2026-07-08,Expiring
624,2,4,B-,3,2026-06-25,2026-06-30,Expired
625,2,1,B+,10,2026-05-26,2026-06-30,Expired
626,2,3,A+,3,2026-03-12,2027-03-12,Available
627,2,3,B+,7,2025-08-27,2026-08-27,Available
628,2,1,A+,1,2026-06-18,2026-07-23,Allocated
629,2,3,B+,5,2025-12-12,2026-12-12,Available
630,2,3,A+,7,2025-10-11,2026-10-11,Available
631,2,2,B+,6,2026-06-06,2026-07-18,Available
632,2,4,A+,1,2026-07-01,2026-07-06,Expiring
633,2,1,O+,5,2026-07-01,2026-08-05,Available
634,2,3,A+,5,2025-07-28,2026-07-28,Available
635,2,2,O+,10,2026-05-20,2026-07-01,Expired
636,2,4,B+,2,2026-06-26,2026-07-01,Expired
637,2,4,B-,7,2026-07-05,2026-07-10,Expiring
638,2,2,A+,3,2026-06-27,2026-08-08,Available
639,2,1,B+,4,2026-06-25,2026-07-30,Available
640,2,2,A+,7,2026-06-25,2026-08-06,Available
641,3,2,AB-,4,2026-06-23,2026-08-04,Available
642,3,2,A-,4,2026-07-01,2026-08-12,Allocated
643,3,4,A+,3,2026-07-01,2026-07-06,Expiring
644,3,1,O+,2,2026-06-10,2026-07-15,Available
645,3,2,B+,3,2026-05-29,2026-07-10,Expiring
646,3,1,AB-,8,2026-06-22,2026-07-27,Available
647,3,2,B+,6,2026-06-18,2026-07-30,Available
648,3,3,A+,9,2026-05-06,2027-05-06,Available
649,3,2,O+,10,2026-06-29,2026-08-10,Available
650,3,3,B+,8,2025-08-01,2026-08-01,Available
651,3,1,A+,9,2026-06-28,2026-08-02,Available
652,3,2,A+,3,2026-06-06,2026-07-18,Available
653,3,3,B+,6,2025-07-02,2026-07-02,Expired
654,3,1,B+,1,2026-06-18,2026-07-23,Available
655,3,4,A+,2,2026-07-01,2026-07-06,Expiring
656,3,3,B+,8,2025-08-19,2026-08-19,Available
657,3,2,O+,8,2026-06-25,2026-08-06,Available
658,3,2,A+,9,2026-06-21,2026-08-02,Available
659,3,1,O+,10,2026-05-28,2026-07-02,Expired
660,3,3,O+,4,2026-01-01,2027-01-01,Available
661,3,1,B+,7,2026-06-04,2026-07-09,Expiring
662,3,1,A-,1,2026-06-09,2026-07-14,Available
663,3,3,B+,5,2026-02-12,2027-02-12,Allocated
664,3,1,A+,9,2026-05-26,2026-06-30,Expired
665,3,4,B+,7,2026-06-30,2026-07-05,Expiring
666,3,4,A+,5,2026-06-25,2026-06-30,Expired
667,3,3,O+,2,2026-01-04,2027-01-04,Available
668,3,1,O+,4,2026-06-04,2026-07-09,Expiring
669,3,1,AB+,8,2026-05-29,2026-07-03,Expired
670,3,2,A+,10,2026-06-21,2026-08-02,Available
671,3,3,A-,2,2026-02-19,2027-02-19,Allocated
672,3,3,B+,8,2025-07-08,2026-07-08,Expiring
673,3,2,B+,10,2026-05-31,2026-07-12,Available
674,3,1,A+,10,2026-06-11,2026-07-16,Available
675,3,2,AB+,7,2026-05-24,2026-07-05,Expiring
676,3,3,B+,10,2026-06-14,2027-06-14,Available
677,3,1,O+,10,2026-06-29,2026-08-03,Available
678,3,1,AB+,6,2026-06-20,2026-07-25,Available
679,3,3,O-,10,2025-07-07,2026-07-07,Expiring
680,3,3,A-,7,2025-12-02,2026-12-02,Available
681,3,1,O+,6,2026-07-03,2026-08-07,Available
682,3,3,B+,8,2025-11-22,2026-11-22,Available
683,3,3,A+,1,2025-10-11,2026-10-11,Allocated
684,3,4,A+,7,2026-06-25,2026-06-30,Expired
685,3,3,O+,1,2025-07-28,2026-07-28,Available
686,3,2,O+,1,2026-06-24,2026-08-05,Available
687,3,1,A+,2,2026-06-14,2026-07-19,Available
688,3,1,B+,1,2026-06-09,2026-07-14,Available
689,3,3,B+,6,2026-02-26,2027-02-26,Available
690,3,3,AB+,6,2026-01-10,2027-01-10,Allocated
691,3,2,AB+,5,2026-06-20,2026-08-01,Available
692,3,2,A+,6,2026-07-02,2026-08-13,Available
693,3,3,A+,5,2025-08-14,2026-08-14,Available
694,3,2,O+,4,2026-06-25,2026-08-06,Available
695,3,3,A+,6,2025-09-28,2026-09-28,Available
696,3,4,AB+,3,2026-06-30,2026-07-05,Expiring
697,3,2,A+,2,2026-06-04,2026-07-16,Available
698,3,3,A+,9,2025-08-24,2026-08-24,Available
699,3,3,A+,6,2026-03-11,2027-03-11,Available
700,3,4,A-,2,2026-07-04,2026-07-09,Expiring
701,3,4,B+,7,2026-06-25,2026-06-30,Expired
702,3,4,A+,10,2026-06-30,2026-07-05,Expiring
703,3,4,O+,3,2026-06-28,2026-07-03,Expired
704,3,4,AB+,4,2026-06-29,2026-07-04,Expired
705,3,3,A+,8,2026-02-20,2027-02-20,Available
706,3,1,A+,6,2026-06-07,2026-07-12,Available
707,3,4,B+,6,2026-07-03,2026-07-08,Expiring
708,3,3,AB+,2,2026-06-27,2027-06-27,Available
709,3,4,A+,9,2026-07-01,2026-07-06,Expiring
710,3,3,O+,9,2025-07-12,2026-07-12,Available
711,3,4,A+,9,2026-06-27,2026-07-02,Expired
712,3,4,O-,7,2026-07-03,2026-07-08,Expiring
713,3,2,B+,2,2026-05-27,2026-07-08,Expiring
714,3,1,B+,2,2026-06-23,2026-07-28,Available
715,3,4,B+,7,2026-06-26,2026-07-01,Expired
716,3,4,O+,3,2026-07-01,2026-07-06,Expiring
717,3,3,A+,6,2025-07-04,2026-07-04,Expired
718,3,1,O-,6,2026-06-01,2026-07-06,Expiring
719,3,3,B+,3,2025-12-14,2026-12-14,Allocated
720,3,1,A+,5,2026-06-29,2026-08-03,Available
721,3,2,B+,6,2026-06-30,2026-08-11,Allocated
722,3,3,A+,1,2025-11-21,2026-11-21,Available
723,3,4,A-,5,2026-07-03,2026-07-08,Expiring
724,3,4,B+,8,2026-07-05,2026-07-10,Expiring
725,3,2,O+,4,2026-06-21,2026-08-02,Available
726,3,1,B+,8,2026-06-21,2026-07-26,Available
727,3,3,B+,3,2026-03-17,2027-03-17,Available
728,3,2,A+,1,2026-06-20,2026-08-01,Available
729,3,3,B+,8,2025-10-31,2026-10-31,Available
730,3,2,B+,10,2026-05-31,2026-07-12,Available
731,3,1,A+,9,2026-06-24,2026-07-29,Available
732,3,1,A+,10,2026-05-26,2026-06-30,Expired
733,3,1,A+,5,2026-06-11,2026-07-16,Available
734,3,3,A+,5,2025-12-31,2026-12-31,Available
735,3,3,B+,4,2025-12-31,2026-12-31,Available
736,3,2,A+,2,2026-06-13,2026-07-25,Allocated
737,3,3,A+,6,2026-04-28,2027-04-28,Available
738,3,4,A+,9,2026-07-02,2026-07-07,Expiring
739,3,1,A+,3,2026-05-29,2026-07-03,Expired
740,3,1,A+,9,2026-06-29,2026-08-03,Available
741,3,4,A+,6,2026-06-27,2026-07-02,Expired
742,3,2,AB+,10,2026-06-29,2026-08-10,Available
743,3,3,O+,9,2026-01-08,2027-01-08,Available
744,3,3,A+,8,2026-03-13,2027-03-13,Available
745,3,4,B+,8,2026-07-05,2026-07-10,Expiring
746,3,3,B-,8,2025-08-23,2026-08-23,Available
747,3,2,B-,2,2026-06-08,2026-07-20,Allocated
748,3,4,O-,1,2026-07-03,2026-07-08,Expiring
749,3,3,B+,8,2025-09-22,2026-09-22,Available
750,3,1,A+,6,2026-07-02,2026-08-06,Available
751,3,1,B-,2,2026-06-26,2026-07-31,Available
752,3,3,O-,5,2026-06-02,2027-06-02,Available
753,3,4,O+,10,2026-07-05,2026-07-10,Expiring
754,3,1,AB+,7,2026-06-04,2026-07-09,Expiring
755,3,2,B+,3,2026-05-21,2026-07-02,Expired
756,3,1,A+,4,2026-06-10,2026-07-15,Available
757,3,3,O-,9,2026-01-28,2027-01-28,Available
758,3,2,B+,6,2026-06-16,2026-07-28,Available
759,3,4,A+,7,2026-06-27,2026-07-02,Expired
760,3,2,B+,9,2026-06-26,2026-08-07,Allocated
761,3,1,B+,6,2026-05-29,2026-07-03,Expired
762,3,2,B+,10,2026-07-05,2026-08-16,Available
763,3,3,O+,10,2026-01-03,2027-01-03,Available
764,3,4,O+,10,2026-07-04,2026-07-09,Expiring
765,3,2,O+,9,2026-07-01,2026-08-12,Available
766,3,4,A+,4,2026-07-03,2026-07-08,Expiring
767,3,3,A+,10,2026-02-28,2027-02-28,Available
768,3,3,O+,3,2026-04-05,2027-04-05,Available
769,3,3,B+,2,2025-10-25,2026-10-25,Available
770,3,3,O+,7,2026-05-18,2027-05-18,Available
771,3,1,O+,7,2026-06-11,2026-07-16,Available
772,3,3,AB+,3,2025-11-05,2026-11-05,Available
773,3,4,A+,2,2026-07-03,2026-07-08,Expiring
774,3,1,A+,6,2026-06-16,2026-07-21,Available
775,3,1,O+,5,2026-06-08,2026-07-13,Available
776,3,1,A-,5,2026-06-24,2026-07-29,Available
777,3,3,O-,6,2026-03-11,2027-03-11,Allocated
778,3,2,A+,2,2026-05-26,2026-07-07,Expiring
779,3,3,O+,8,2026-01-13,2027-01-13,Available
780,3,3,B-,5,2025-10-10,2026-10-10,Available
781,3,1,A+,1,2026-05-28,2026-07-02,Expired
782,3,4,O+,1,2026-06-27,2026-07-02,Expired
783,3,3,A+,6,2025-07-21,2026-07-21,Available
784,3,4,O+,9,2026-07-05,2026-07-10,Expiring
785,3,4,B-,1,2026-07-05,2026-07-10,Expiring
786,3,3,B+,7,2026-01-19,2027-01-19,Available
787,3,1,A+,10,2026-05-30,2026-07-04,Expired
788,3,3,A+,2,2025-12-26,2026-12-26,Allocated
789,3,2,O-,10,2026-06-23,2026-08-04,Available
790,3,1,B+,4,2026-06-01,2026-07-06,Expiring
791,3,2,AB+,2,2026-06-13,2026-07-25,Available
792,3,4,B-,10,2026-07-03,2026-07-08,Expiring
793,3,3,B+,10,2025-12-26,2026-12-26,Available
794,3,3,O+,3,2025-11-22,2026-11-22,Available
795,3,1,B-,1,2026-06-07,2026-07-12,Available
796,3,3,AB+,2,2025-10-03,2026-10-03,Available
797,3,2,A+,5,2026-06-16,2026-07-28,Available
798,3,2,AB+,3,2026-05-23,2026-07-04,Expired
799,3,3,B+,9,2025-09-06,2026-09-06,Available
800,3,2,O+,8,2026-06-29,2026-08-10,Available
801,3,4,B+,10,2026-07-03,2026-07-08,Expiring
802,3,3,AB+,8,2026-01-14,2027-01-14,Allocated
803,3,4,A+,7,2026-06-27,2026-07-02,Expired
804,3,1,A+,2,2026-06-07,2026-07-12,Available
805,3,2,O+,6,2026-07-01,2026-08-12,Available
806,3,3,A+,4,2026-04-24,2027-04-24,Allocated
807,3,2,A+,4,2026-06-04,2026-07-16,Available
808,3,3,A+,6,2026-06-14,2027-06-14,Available
809,3,1,A-,10,2026-06-05,2026-07-10,Expiring
810,3,4,A+,9,2026-07-04,2026-07-09,Expiring
811,3,1,B+,6,2026-06-30,2026-08-04,Allocated
812,3,1,A+,10,2026-05-30,2026-07-04,Expired
813,3,2,O-,9,2026-05-22,2026-07-03,Expired
814,3,4,A+,7,2026-06-27,2026-07-02,Expired
815,3,1,A+,4,2026-06-01,2026-07-06,Expiring
816,3,2,A+,6,2026-06-17,2026-07-29,Available
817,3,3,A+,5,2026-03-26,2027-03-26,Allocated
818,3,1,O+,7,2026-06-08,2026-07-13,Available
819,3,4,A+,8,2026-07-04,2026-07-09,Expiring
820,3,3,A+,8,2026-06-23,2027-06-23,Available
821,3,3,AB+,8,2025-09-21,2026-09-21,Available
822,3,2,AB+,8,2026-06-16,2026-07-28,Allocated
823,3,4,O-,1,2026-07-01,2026-07-06,Expiring
824,3,3,A+,1,2025-10-08,2026-10-08,Available
825,3,4,A+,5,2026-07-04,2026-07-09,Expiring
826,3,3,O+,10,2025-09-08,2026-09-08,Available
827,3,1,A+,1,2026-06-15,2026-07-20,Available
828,3,2,A+,5,2026-07-02,2026-08-13,Available
829,3,1,B+,9,2026-06-13,2026-07-18,Available
830,3,1,B+,9,2026-06-08,2026-07-13,Available
831,3,3,A+,9,2026-04-05,2027-04-05,Available
832,3,2,B+,1,2026-05-22,2026-07-03,Expired
833,3,2,A+,2,2026-06-22,2026-08-03,Available
834,3,4,B-,4,2026-07-03,2026-07-08,Expiring
835,3,2,A+,6,2026-05-21,2026-07-02,Expired
836,3,3,A+,4,2026-05-29,2027-05-29,Available
837,3,2,B+,10,2026-05-30,2026-07-11,Available
838,3,2,O+,4,2026-06-11,2026-07-23,Allocated
839,3,4,A-,5,2026-07-04,2026-07-09,Expiring
840,3,3,A-,4,2026-07-03,2027-07-03,Available
841,3,3,A+,3,2026-01-17,2027-01-17,Allocated
842,3,3,O-,6,2026-03-11,2027-03-11,Allocated
843,3,4,A+,1,2026-06-29,2026-07-04,Expired
844,3,3,A+,3,2026-04-17,2027-04-17,Available
845,3,4,B+,5,2026-06-26,2026-07-01,Expired
846,3,4,B+,10,2026-06-29,2026-07-04,Expired
847,3,1,B-,5,2026-05-26,2026-06-30,Expired
848,3,3,A+,5,2026-03-23,2027-03-23,Available
849,3,2,B+,7,2026-07-05,2026-08-16,Available
850,3,2,A+,5,2026-06-11,2026-07-23,Available
851,3,4,A-,8,2026-07-02,2026-07-07,Expiring
852,3,4,B+,10,2026-07-01,2026-07-06,Expiring
853,3,4,B+,7,2026-07-05,2026-07-10,Expiring
854,3,1,O+,8,2026-07-03,2026-08-07,Available
855,3,4,B+,2,2026-07-02,2026-07-07,Expiring
856,3,1,B-,2,2026-05-26,2026-06-30,Expired
857,3,1,B+,3,2026-06-28,2026-08-02,Allocated
858,3,3,O+,2,2025-10-28,2026-10-28,Available
859,3,4,O+,3,2026-06-30,2026-07-05,Expiring
860,3,3,B+,7,2026-02-24,2027-02-24,Available
861,3,3,A+,5,2026-02-09,2027-02-09,Available
862,3,3,A+,2,2026-02-22,2027-02-22,Available
863,3,2,O+,4,2026-06-10,2026-07-22,Allocated
864,3,4,B+,8,2026-06-27,2026-07-02,Expired
865,3,3,A+,3,2026-03-25,2027-03-25,Available
866,3,2,B+,8,2026-07-03,2026-08-14,Available
867,3,2,B+,4,2026-06-28,2026-08-09,Available
868,3,4,A+,3,2026-06-29,2026-07-04,Expired
869,3,4,A+,2,2026-07-04,2026-07-09,Expiring
870,3,1,A+,7,2026-06-20,2026-07-25,Available
871,3,3,AB+,3,2025-11-23,2026-11-23,Available
872,3,3,B-,9,2026-06-14,2027-06-14,Available
873,3,2,A+,4,2026-06-23,2026-08-04,Available
874,3,3,AB-,10,2026-06-13,2027-06-13,Available
875,3,1,AB+,6,2026-06-26,2026-07-31,Available
876,3,4,B+,3,2026-07-01,2026-07-06,Expiring
877,3,1,B+,8,2026-06-13,2026-07-18,Available
878,3,1,B+,7,2026-07-02,2026-08-06,Available
879,3,3,A+,9,2026-02-06,2027-02-06,Available
880,3,2,B+,4,2026-06-24,2026-08-05,Available
881,3,3,A+,8,2025-07-01,2026-07-01,Expired
882,3,4,O+,8,2026-07-05,2026-07-10,Expiring
883,3,2,B+,4,2026-07-01,2026-08-12,Available
884,3,3,AB+,9,2026-02-08,2027-02-08,Available
885,3,4,B+,6,2026-06-27,2026-07-02,Expired
886,3,3,A+,2,2026-06-06,2027-06-06,Available
887,3,4,AB+,9,2026-06-29,2026-07-04,Expired
888,3,3,A+,1,2025-10-05,2026-10-05,Available
889,3,3,AB+,6,2026-04-10,2027-04-10,Available
890,3,3,A-,2,2026-04-23,2027-04-23,Available
891,3,2,B+,7,2026-07-05,2026-08-16,Available
892,3,1,A+,7,2026-07-02,2026-08-06,Available
893,3,1,A+,4,2026-06-28,2026-08-02,Available
894,3,4,B+,10,2026-07-05,2026-07-10,Expiring
895,3,1,O+,2,2026-06-01,2026-07-06,Expiring
896,3,3,O+,8,2026-06-25,2027-06-25,Allocated
897,3,4,A+,7,2026-06-25,2026-06-30,Expired
898,3,2,O+,10,2026-06-17,2026-07-29,Available
899,3,3,O+,8,2026-03-06,2027-03-06,Available
900,3,1,O+,8,2026-06-13,2026-07-18,Available
901,3,3,A-,8,2026-04-18,2027-04-18,Available
902,3,2,B+,4,2026-06-12,2026-07-24,Available
903,3,4,B+,3,2026-06-25,2026-06-30,Expired
904,3,3,A-,5,2025-12-19,2026-12-19,Available
905,3,2,B+,1,2026-06-12,2026-07-24,Available
906,3,3,A+,3,2026-02-02,2027-02-02,Available
907,3,3,O+,9,2025-12-07,2026-12-07,Available
908,3,1,B+,3,2026-06-10,2026-07-15,Available
909,3,1,AB-,4,2026-06-13,2026-07-18,Allocated
910,3,4,AB+,7,2026-06-29,2026-07-04,Expired
911,3,4,A+,8,2026-06-28,2026-07-03,Expired
912,3,4,A+,7,2026-06-28,2026-07-03,Expired
913,3,2,A+,6,2026-06-06,2026-07-18,Available
914,3,3,O+,7,2025-07-30,2026-07-30,Available
915,3,1,B+,4,2026-06-02,2026-07-07,Expiring
916,3,2,B+,4,2026-06-20,2026-08-01,Available
917,3,1,O+,4,2026-05-30,2026-07-04,Expired
918,3,3,A+,10,2025-08-02,2026-08-02,Available
919,3,4,A+,9,2026-06-28,2026-07-03,Expired
920,3,3,A+,6,2025-12-08,2026-12-08,Available
921,3,4,AB+,7,2026-07-02,2026-07-07,Expiring
922,3,3,B+,8,2026-04-24,2027-04-24,Available
923,3,3,A+,8,2025-08-06,2026-08-06,Available
924,3,4,B+,7,2026-06-26,2026-07-01,Expired
925,3,1,A+,4,2026-07-02,2026-08-06,Available
926,3,1,A+,3,2026-05-31,2026-07-05,Expiring
927,3,1,O+,9,2026-06-11,2026-07-16,Available
928,3,1,B-,1,2026-06-07,2026-07-12,Available
929,3,4,B-,10,2026-06-29,2026-07-04,Expired
930,3,1,AB+,5,2026-06-24,2026-07-29,Allocated
931,3,4,O+,10,2026-06-25,2026-06-30,Expired
932,3,3,A+,7,2026-04-17,2027-04-17,Available
933,3,4,O-,3,2026-07-02,2026-07-07,Expiring
934,3,1,B+,6,2026-06-09,2026-07-14,Available
935,3,4,A-,8,2026-07-03,2026-07-08,Expiring
936,3,2,B+,10,2026-06-15,2026-07-27,Allocated
937,3,2,B+,9,2026-05-27,2026-07-08,Expiring
938,3,3,O+,1,2025-08-18,2026-08-18,Available
939,3,4,O+,2,2026-07-04,2026-07-09,Expiring
940,3,2,A+,1,2026-07-04,2026-08-15,Allocated
941,3,2,B+,6,2026-07-02,2026-08-13,Available
942,3,4,AB+,6,2026-06-30,2026-07-05,Expiring
943,3,2,O+,3,2026-06-23,2026-08-04,Allocated
944,3,4,O+,2,2026-07-01,2026-07-06,Expiring
945,3,2,O+,10,2026-06-12,2026-07-24,Allocated
946,3,3,B+,8,2025-09-10,2026-09-10,Available
947,3,4,O-,5,2026-07-03,2026-07-08,Expiring
948,3,2,AB+,2,2026-06-16,2026-07-28,Available
949,3,4,A+,3,2026-07-03,2026-07-08,Expiring
950,3,3,O+,7,2026-04-13,2027-04-13,Available
951,3,3,B+,7,2025-08-23,2026-08-23,Available
952,3,2,AB+,8,2026-05-31,2026-07-12,Available
953,3,1,A-,4,2026-06-18,2026-07-23,Allocated
954,3,1,A-,8,2026-06-26,2026-07-31,Available
955,3,3,B+,3,2026-06-15,2027-06-15,Available
956,3,1,A+,7,2026-06-05,2026-07-10,Expiring
957,3,3,B+,3,2025-11-03,2026-11-03,Available
958,3,3,O+,6,2025-09-08,2026-09-08,Allocated
959,3,1,O+,10,2026-05-29,2026-07-03,Expired
960,3,4,O+,8,2026-07-03,2026-07-08,Expiring
961,3,1,B+,8,2026-07-04,2026-08-08,Allocated
962,3,2,B+,6,2026-05-30,2026-07-11,Available
963,3,4,A+,6,2026-07-04,2026-07-09,Expiring
964,3,1,B+,3,2026-07-01,2026-08-05,Available
965,3,1,O+,7,2026-06-16,2026-07-21,Allocated
966,3,3,A+,4,2026-05-10,2027-05-10,Allocated
967,3,1,B+,5,2026-06-15,2026-07-20,Available
968,3,3,A+,6,2026-05-24,2027-05-24,Available
969,3,4,AB+,1,2026-06-28,2026-07-03,Expired
970,3,4,A+,10,2026-06-26,2026-07-01,Expired
971,3,3,B+,3,2025-12-04,2026-12-04,Available
972,3,4,A+,4,2026-07-01,2026-07-06,Expiring
973,3,4,A+,5,2026-06-27,2026-07-02,Expired
974,3,1,B+,1,2026-06-02,2026-07-07,Expiring
975,3,3,AB+,6,2025-10-28,2026-10-28,Allocated
976,3,1,B+,4,2026-07-02,2026-08-06,Available
977,3,3,O+,8,2026-02-21,2027-02-21,Allocated
978,3,3,A+,1,2026-01-14,2027-01-14,Available
979,3,1,A+,2,2026-06-06,2026-07-11,Available
980,3,4,O+,3,2026-07-05,2026-07-10,Expiring
981,3,2,A+,1,2026-05-27,2026-07-08,Expiring
982,3,2,O+,10,2026-05-19,2026-06-30,Expired
983,3,1,A+,5,2026-07-04,2026-08-08,Available
984,3,4,O+,7,2026-06-28,2026-07-03,Expired
985,3,3,B+,1,2025-12-19,2026-12-19,Available
986,3,3,A+,7,2026-02-17,2027-02-17,Available
987,3,4,A+,7,2026-06-27,2026-07-02,Expired
988,3,3,B-,6,2025-12-09,2026-12-09,Available
989,3,1,O+,5,2026-06-13,2026-07-18,Available
990,3,2,A+,5,2026-06-04,2026-07-16,Available
991,3,1,B+,2,2026-06-07,2026-07-12,Available
992,3,2,B-,9,2026-06-15,2026-07-27,Available
993,3,2,A+,3,2026-07-04,2026-08-15,Available
994,3,4,B-,4,2026-07-04,2026-07-09,Expiring
995,3,1,A+,3,2026-07-01,2026-08-05,Available
996,3,3,B+,10,2026-04-18,2027-04-18,Available
997,3,3,O+,2,2026-05-22,2027-05-22,Available
998,3,3,O+,6,2026-06-29,2027-06-29,Available
999,3,3,O-,2,2025-08-23,2026-08-23,Available
1000,3,3,A-,8,2025-08-19,2026-08-19,Available
1001,3,1,A+,2,2026-06-14,2026-07-19,Available
1002,3,3,O+,3,2026-06-07,2027-06-07,Available
1003,3,4,AB+,3,2026-07-04,2026-07-09,Expiring
1004,3,3,AB+,2,2026-05-20,2027-05-20,Available
1005,3,2,O+,4,2026-05-23,2026-07-04,Expired
1006,3,1,A+,1,2026-06-22,2026-07-27,Available
1007,3,1,AB+,6,2026-06-11,2026-07-16,Available
1008,3,3,A+,8,2026-03-29,2027-03-29,Available
1009,3,3,B+,8,2025-07-08,2026-07-08,Expiring
1010,3,4,A+,3,2026-06-26,2026-07-01,Expired
1011,3,2,AB+,5,2026-06-05,2026-07-17,Available
1012,3,4,O+,1,2026-06-26,2026-07-01,Expired
1013,3,1,A+,3,2026-06-07,2026-07-12,Available
1014,3,2,O+,3,2026-06-30,2026-08-11,Allocated
1015,3,4,O+,3,2026-07-01,2026-07-06,Expiring
1016,3,2,B+,10,2026-06-01,2026-07-13,Allocated
1017,3,2,B+,2,2026-05-22,2026-07-03,Expired
1018,3,1,A+,4,2026-07-01,2026-08-05,Available
1019,3,3,B-,4,2026-01-22,2027-01-22,Available
1020,3,4,A+,10,2026-06-25,2026-06-30,Expired
1021,3,3,A+,10,2026-02-04,2027-02-04,Available
1022,3,3,A+,5,2025-08-12,2026-08-12,Available
1023,3,1,A+,6,2026-06-19,2026-07-24,Available
1024,3,2,A+,1,2026-06-02,2026-07-14,Available
1025,3,1,A+,5,2026-06-19,2026-07-24,Available
1026,3,4,A+,1,2026-07-04,2026-07-09,Expiring
1027,3,3,A+,8,2026-06-03,2027-06-03,Available
1028,3,4,O+,10,2026-07-05,2026-07-10,Expiring
1029,3,2,AB+,2,2026-06-08,2026-07-20,Available
1030,3,1,AB-,1,2026-06-07,2026-07-12,Allocated
1031,3,1,A+,6,2026-06-30,2026-08-04,Available
1032,3,2,AB-,10,2026-06-12,2026-07-24,Available
1033,3,1,A+,10,2026-07-01,2026-08-05,Available
1034,3,1,AB+,8,2026-06-15,2026-07-20,Available
1035,3,3,B+,6,2025-11-02,2026-11-02,Available
1036,3,4,A+,6,2026-06-28,2026-07-03,Expired
1037,3,3,A+,4,2025-09-29,2026-09-29,Available
1038,3,2,A+,1,2026-06-25,2026-08-06,Available
1039,3,2,B+,8,2026-06-09,2026-07-21,Available
1040,3,3,A+,7,2026-01-20,2027-01-20,Available
1041,4,3,A-,8,2025-11-10,2026-11-10,Available
1042,4,4,A+,7,2026-06-29,2026-07-04,Expired
1043,4,1,O-,3,2026-07-04,2026-08-08,Available
1044,4,2,AB-,3,2026-06-11,2026-07-23,Available
1045,4,3,O+,7,2026-06-28,2027-06-28,Available
1046,4,3,B+,3,2025-08-01,2026-08-01,Available
1047,4,1,A+,4,2026-06-24,2026-07-29,Available
1048,4,3,A+,8,2025-12-17,2026-12-17,Available
1049,4,4,A+,4,2026-06-30,2026-07-05,Expiring
1050,4,4,B-,8,2026-07-05,2026-07-10,Expiring
1051,4,2,B+,3,2026-06-10,2026-07-22,Available
1052,4,2,O+,5,2026-05-31,2026-07-12,Available
1053,4,4,A+,10,2026-06-28,2026-07-03,Expired
1054,4,2,A+,8,2026-05-20,2026-07-01,Expired
1055,4,2,B-,7,2026-06-08,2026-07-20,Allocated
1056,4,4,B+,8,2026-07-03,2026-07-08,Expiring
1057,4,1,AB+,6,2026-07-02,2026-08-06,Allocated
1058,4,2,A+,6,2026-07-01,2026-08-12,Available
1059,4,1,A+,5,2026-05-28,2026-07-02,Expired
1060,4,1,B+,4,2026-06-26,2026-07-31,Available
1061,4,4,B+,4,2026-06-28,2026-07-03,Expired
1062,4,3,O+,8,2025-12-04,2026-12-04,Available
1063,4,3,A+,3,2026-01-29,2027-01-29,Available
1064,4,1,B+,10,2026-06-16,2026-07-21,Available
1065,4,1,A+,10,2026-06-28,2026-08-02,Available
1066,4,2,B+,6,2026-06-17,2026-07-29,Available
1067,4,2,A+,3,2026-05-22,2026-07-03,Expired
1068,4,1,O+,10,2026-06-12,2026-07-17,Allocated
1069,4,1,A-,1,2026-07-01,2026-08-05,Available
1070,4,1,AB+,4,2026-06-09,2026-07-14,Available
1071,4,2,B+,4,2026-06-15,2026-07-27,Allocated
1072,4,4,A-,8,2026-06-30,2026-07-05,Expiring
1073,4,2,A+,9,2026-06-18,2026-07-30,Available
1074,4,4,AB+,4,2026-06-30,2026-07-05,Expiring
1075,4,4,A+,6,2026-07-03,2026-07-08,Expiring
1076,4,2,B+,10,2026-05-26,2026-07-07,Expiring
1077,4,2,B+,10,2026-06-21,2026-08-02,Available
1078,4,2,O+,8,2026-06-20,2026-08-01,Available
1079,4,3,A+,6,2026-06-26,2027-06-26,Available
1080,4,2,A+,7,2026-06-29,2026-08-10,Available
1081,4,4,A+,6,2026-06-26,2026-07-01,Expired
1082,4,1,A+,9,2026-06-30,2026-08-04,Available
1083,4,3,O+,5,2025-08-31,2026-08-31,Available
1084,4,1,O+,4,2026-06-11,2026-07-16,Available
1085,4,1,B+,3,2026-06-18,2026-07-23,Available
1086,4,1,A+,8,2026-07-02,2026-08-06,Available
1087,4,3,O+,1,2025-08-15,2026-08-15,Available
1088,4,3,B+,8,2025-08-22,2026-08-22,Available
1089,4,4,A+,6,2026-07-01,2026-07-06,Expiring
1090,4,3,O-,6,2025-10-30,2026-10-30,Available
1091,4,3,A+,4,2025-10-04,2026-10-04,Available
1092,4,4,B+,4,2026-06-25,2026-06-30,Expired
1093,4,1,O-,10,2026-05-28,2026-07-02,Expired
1094,4,1,O+,5,2026-06-28,2026-08-02,Available
1095,4,2,A+,4,2026-05-19,2026-06-30,Expired
1096,4,3,B+,9,2025-10-10,2026-10-10,Available
1097,4,3,A+,7,2025-12-25,2026-12-25,Available
1098,4,1,AB+,5,2026-07-05,2026-08-09,Available
1099,4,2,A-,5,2026-06-26,2026-08-07,Available
1100,4,3,B+,7,2025-08-06,2026-08-06,Available
1101,4,3,A+,3,2025-11-09,2026-11-09,Available
1102,4,1,A+,9,2026-06-11,2026-07-16,Available
1103,4,3,B+,6,2025-11-20,2026-11-20,Available
1104,4,3,A+,8,2026-02-15,2027-02-15,Available
1105,4,1,A+,8,2026-05-28,2026-07-02,Expired
1106,4,3,A+,3,2026-02-10,2027-02-10,Available
1107,4,1,B-,1,2026-06-15,2026-07-20,Available
1108,4,4,B-,9,2026-06-30,2026-07-05,Expiring
1109,4,1,A+,6,2026-06-05,2026-07-10,Expiring
1110,4,4,A+,6,2026-07-03,2026-07-08,Expiring
1111,4,4,A+,9,2026-06-29,2026-07-04,Expired
1112,4,2,O-,7,2026-07-04,2026-08-15,Available
1113,4,1,A+,3,2026-06-10,2026-07-15,Available
1114,4,2,A+,5,2026-07-03,2026-08-14,Available
1115,4,4,B+,1,2026-06-26,2026-07-01,Expired
1116,4,1,AB-,1,2026-06-03,2026-07-08,Expiring
1117,4,3,B-,3,2025-06-30,2026-06-30,Expired
1118,4,1,B+,2,2026-06-04,2026-07-09,Expiring
1119,4,2,B-,3,2026-07-01,2026-08-12,Available
1120,4,3,O-,3,2025-10-11,2026-10-11,Allocated
1121,4,2,O-,2,2026-06-20,2026-08-01,Available
1122,4,2,AB+,6,2026-06-13,2026-07-25,Available
1123,4,1,O+,2,2026-06-14,2026-07-19,Available
1124,4,1,A+,1,2026-06-01,2026-07-06,Expiring
1125,4,3,O+,7,2025-10-10,2026-10-10,Available
1126,4,4,A+,3,2026-06-29,2026-07-04,Expired
1127,4,3,O+,2,2025-09-28,2026-09-28,Available
1128,4,1,AB+,3,2026-06-07,2026-07-12,Available
1129,4,2,B-,4,2026-06-19,2026-07-31,Available
1130,4,1,O-,1,2026-05-31,2026-07-05,Expiring
1131,4,4,A+,4,2026-07-05,2026-07-10,Expiring
1132,4,4,B-,1,2026-06-28,2026-07-03,Expired
1133,4,1,B+,4,2026-07-03,2026-08-07,Available
1134,4,2,B-,3,2026-06-26,2026-08-07,Available
1135,4,1,A+,7,2026-06-15,2026-07-20,Available
1136,4,2,A+,7,2026-05-24,2026-07-05,Expiring
1137,4,4,B+,9,2026-07-05,2026-07-10,Expiring
1138,4,1,B+,8,2026-06-17,2026-07-22,Available
1139,4,1,AB+,9,2026-06-09,2026-07-14,Available
1140,4,1,B+,10,2026-06-23,2026-07-28,Available
1141,4,1,B+,10,2026-06-21,2026-07-26,Available
1142,4,4,A+,2,2026-06-30,2026-07-05,Expiring
1143,4,4,B-,6,2026-06-26,2026-07-01,Expired
1144,4,2,A-,3,2026-06-03,2026-07-15,Available
1145,4,2,A+,9,2026-06-26,2026-08-07,Available
1146,4,4,O+,10,2026-06-25,2026-06-30,Expired
1147,4,3,A+,5,2026-02-11,2027-02-11,Available
1148,4,2,O-,7,2026-06-03,2026-07-15,Available
1149,4,2,A+,10,2026-06-23,2026-08-04,Available
1150,4,4,O+,6,2026-07-02,2026-07-07,Expiring
1151,4,2,A+,7,2026-06-19,2026-07-31,Available
1152,4,4,A-,8,2026-07-01,2026-07-06,Expiring
1153,4,3,A+,8,2026-06-21,2027-06-21,Available
1154,4,3,A+,9,2025-08-06,2026-08-06,Available
1155,4,4,B+,3,2026-07-02,2026-07-07,Expiring
1156,4,3,B+,1,2026-05-09,2027-05-09,Available
1157,4,4,B+,4,2026-07-04,2026-07-09,Expiring
1158,4,3,A-,10,2026-03-25,2027-03-25,Available
1159,4,3,B+,4,2026-02-03,2027-02-03,Available
1160,4,2,AB+,6,2026-06-16,2026-07-28,Available
1161,4,4,A+,4,2026-06-25,2026-06-30,Expired
1162,4,1,O+,5,2026-05-30,2026-07-04,Expired
1163,4,4,A+,9,2026-07-02,2026-07-07,Expiring
1164,4,1,A+,5,2026-07-04,2026-08-08,Available
1165,4,1,B+,6,2026-06-24,2026-07-29,Available
1166,4,2,O+,7,2026-05-20,2026-07-01,Expired
1167,4,2,A-,6,2026-05-20,2026-07-01,Expired
1168,4,1,B-,7,2026-06-06,2026-07-11,Available
1169,4,3,A+,8,2026-04-12,2027-04-12,Available
1170,4,3,A+,5,2025-09-03,2026-09-03,Available
1171,4,4,O-,4,2026-06-25,2026-06-30,Expired
1172,4,3,O-,10,2026-05-27,2027-05-27,Available
1173,4,1,O+,1,2026-07-05,2026-08-09,Available
1174,4,4,B+,5,2026-07-05,2026-07-10,Expiring
1175,4,4,O-,5,2026-07-05,2026-07-10,Expiring
1176,4,4,A-,7,2026-06-28,2026-07-03,Expired
1177,4,3,O+,3,2025-09-18,2026-09-18,Available
1178,4,4,A+,4,2026-06-30,2026-07-05,Expiring
1179,4,4,AB-,4,2026-06-25,2026-06-30,Expired
1180,4,2,B+,6,2026-06-08,2026-07-20,Available
1181,4,1,A+,1,2026-06-09,2026-07-14,Available
1182,4,2,B+,2,2026-07-03,2026-08-14,Available
1183,4,4,B+,8,2026-07-01,2026-07-06,Expiring
1184,4,2,A+,2,2026-06-22,2026-08-03,Allocated
1185,4,3,O+,1,2025-07-21,2026-07-21,Available
1186,4,2,A+,3,2026-06-05,2026-07-17,Available
1187,4,3,O+,4,2026-05-22,2027-05-22,Available
1188,4,4,B+,9,2026-06-26,2026-07-01,Expired
1189,4,4,A+,5,2026-07-01,2026-07-06,Expiring
1190,4,3,AB+,10,2026-06-24,2027-06-24,Available
1191,4,3,AB+,3,2025-07-16,2026-07-16,Available
1192,4,2,O+,7,2026-06-10,2026-07-22,Available
1193,4,4,AB+,7,2026-06-28,2026-07-03,Expired
1194,4,1,A-,7,2026-06-06,2026-07-11,Available
1195,4,4,O+,10,2026-07-05,2026-07-10,Expiring
1196,4,3,A-,2,2026-06-13,2027-06-13,Allocated
1197,4,1,A+,5,2026-06-18,2026-07-23,Available
1198,4,2,A+,5,2026-06-23,2026-08-04,Available
1199,4,3,A+,4,2026-02-16,2027-02-16,Available
1200,4,3,A+,1,2025-11-18,2026-11-18,Allocated
1201,4,2,A+,10,2026-07-03,2026-08-14,Available
1202,4,2,B+,9,2026-06-08,2026-07-20,Allocated
1203,4,1,O+,4,2026-06-04,2026-07-09,Expiring
1204,4,1,AB+,5,2026-07-02,2026-08-06,Available
1205,4,1,O-,6,2026-05-28,2026-07-02,Expired
1206,4,3,O-,8,2025-11-14,2026-11-14,Available
1207,4,2,AB+,6,2026-06-12,2026-07-24,Available
1208,4,4,A+,3,2026-06-27,2026-07-02,Expired
1209,4,3,B+,6,2026-01-22,2027-01-22,Available
1210,4,3,B+,7,2025-09-11,2026-09-11,Available
1211,4,3,B-,5,2026-01-09,2027-01-09,Available
1212,4,3,B+,8,2025-07-26,2026-07-26,Available
1213,4,1,A+,6,2026-06-09,2026-07-14,Allocated
1214,4,1,A+,10,2026-06-30,2026-08-04,Available
1215,4,1,O+,6,2026-06-27,2026-08-01,Allocated
1216,4,3,B+,8,2025-08-09,2026-08-09,Available
1217,4,1,A+,3,2026-06-01,2026-07-06,Expiring
1218,4,4,B+,6,2026-07-05,2026-07-10,Expiring
1219,4,1,O+,3,2026-06-03,2026-07-08,Expiring
1220,4,3,O-,6,2025-09-02,2026-09-02,Available
1221,4,2,B+,3,2026-05-19,2026-06-30,Expired
1222,4,1,A+,3,2026-05-30,2026-07-04,Expired
1223,4,4,B-,7,2026-07-02,2026-07-07,Expiring
1224,4,1,A+,7,2026-06-30,2026-08-04,Available
1225,4,3,AB-,9,2025-10-22,2026-10-22,Available
1226,4,2,A+,10,2026-06-29,2026-08-10,Available
1227,4,4,A+,3,2026-06-27,2026-07-02,Expired
1228,4,3,A+,6,2026-03-11,2027-03-11,Available
1229,4,3,A+,6,2026-01-20,2027-01-20,Available
1230,4,2,AB+,9,2026-06-10,2026-07-22,Available
1231,4,1,O-,4,2026-06-10,2026-07-15,Available
1232,4,3,A+,2,2025-12-09,2026-12-09,Available
1233,4,1,O+,3,2026-06-06,2026-07-11,Available
1234,4,2,A+,1,2026-06-23,2026-08-04,Available
1235,4,1,O-,2,2026-06-03,2026-07-08,Expiring
1236,4,4,A+,3,2026-06-28,2026-07-03,Expired
1237,4,4,O+,5,2026-07-04,2026-07-09,Expiring
1238,4,4,AB+,7,2026-07-02,2026-07-07,Expiring
1239,4,3,B+,4,2026-01-31,2027-01-31,Available
1240,4,1,A+,4,2026-06-29,2026-08-03,Available
1241,4,2,B-,5,2026-07-04,2026-08-15,Available
1242,4,3,B+,2,2026-04-01,2027-04-01,Available
1243,4,4,B+,2,2026-06-28,2026-07-03,Expired
1244,4,1,A+,6,2026-06-08,2026-07-13,Available
1245,4,1,A+,10,2026-07-05,2026-08-09,Available
1246,4,4,A+,6,2026-06-29,2026-07-04,Expired
1247,4,4,B+,5,2026-07-02,2026-07-07,Expiring
1248,4,3,A+,10,2025-11-28,2026-11-28,Available
1249,4,2,O+,10,2026-06-05,2026-07-17,Available
1250,4,2,O+,8,2026-05-23,2026-07-04,Expired
1251,4,4,O+,8,2026-07-05,2026-07-10,Expiring
1252,4,1,O-,6,2026-06-15,2026-07-20,Available
1253,4,4,B+,7,2026-06-28,2026-07-03,Expired
1254,4,2,B+,2,2026-06-01,2026-07-13,Available
1255,4,1,O+,10,2026-05-29,2026-07-03,Expired
1256,4,3,A+,8,2026-01-07,2027-01-07,Allocated
1257,4,3,A-,1,2025-12-23,2026-12-23,Allocated
1258,4,3,AB-,8,2026-05-22,2027-05-22,Available
1259,4,4,B+,2,2026-07-04,2026-07-09,Expiring
1260,4,1,B+,2,2026-06-20,2026-07-25,Available
1261,4,2,A+,6,2026-05-19,2026-06-30,Expired
1262,4,2,O+,10,2026-06-20,2026-08-01,Allocated
1263,4,4,A+,6,2026-07-05,2026-07-10,Expiring
1264,4,3,A+,9,2026-01-28,2027-01-28,Available
1265,4,3,A+,4,2025-11-16,2026-11-16,Available
1266,4,4,A+,1,2026-07-04,2026-07-09,Expiring
1267,4,4,AB+,3,2026-06-25,2026-06-30,Expired
1268,4,3,A+,1,2025-09-05,2026-09-05,Allocated
1269,4,4,O-,2,2026-06-28,2026-07-03,Expired
1270,4,1,O+,3,2026-06-03,2026-07-08,Expiring
1271,4,4,B-,5,2026-06-28,2026-07-03,Expired
1272,4,2,B+,10,2026-05-22,2026-07-03,Expired
1273,4,3,AB-,9,2025-12-19,2026-12-19,Available
1274,4,2,O+,5,2026-07-02,2026-08-13,Available
1275,4,2,AB+,9,2026-05-22,2026-07-03,Expired
1276,4,4,A+,3,2026-06-28,2026-07-03,Expired
1277,4,3,B+,5,2025-11-16,2026-11-16,Available
1278,4,4,B+,5,2026-07-05,2026-07-10,Expiring
1279,4,2,A+,6,2026-05-28,2026-07-09,Expiring
1280,4,3,AB+,2,2025-11-29,2026-11-29,Available
1281,4,2,A-,4,2026-07-01,2026-08-12,Available
1282,4,4,O+,1,2026-07-02,2026-07-07,Expiring
1283,4,1,O+,3,2026-06-11,2026-07-16,Available
1284,4,1,B+,5,2026-07-03,2026-08-07,Available
1285,4,3,A+,10,2026-01-12,2027-01-12,Available
1286,4,2,A-,8,2026-06-21,2026-08-02,Available
1287,4,2,O+,2,2026-06-28,2026-08-09,Available
1288,4,1,AB-,10,2026-06-27,2026-08-01,Available
1289,4,4,B+,8,2026-06-28,2026-07-03,Expired
1290,4,3,A+,7,2025-12-30,2026-12-30,Available
1291,4,4,AB+,6,2026-06-27,2026-07-02,Expired
1292,4,1,A+,9,2026-05-26,2026-06-30,Expired
1293,4,4,A+,7,2026-07-04,2026-07-09,Expiring
1294,4,3,A+,1,2025-11-05,2026-11-05,Available
1295,4,1,A+,7,2026-05-31,2026-07-05,Expiring
1296,4,4,O-,2,2026-07-04,2026-07-09,Expiring
1297,4,2,B+,5,2026-06-30,2026-08-11,Available
1298,4,1,A+,8,2026-06-13,2026-07-18,Available
1299,4,1,B+,3,2026-06-20,2026-07-25,Available
1300,4,2,A+,2,2026-06-25,2026-08-06,Available
1301,4,4,A-,4,2026-06-25,2026-06-30,Expired
1302,4,4,O+,9,2026-06-28,2026-07-03,Expired
1303,4,3,B+,9,2025-12-26,2026-12-26,Available
1304,4,3,B+,3,2026-06-01,2027-06-01,Available
1305,4,3,O+,9,2026-05-07,2027-05-07,Available
1306,4,3,O+,3,2026-03-24,2027-03-24,Available
1307,4,1,A-,1,2026-06-10,2026-07-15,Available
1308,4,3,O+,1,2025-10-17,2026-10-17,Available
1309,4,2,AB-,5,2026-05-24,2026-07-05,Expiring
1310,4,2,B+,9,2026-05-29,2026-07-10,Expiring
1311,4,3,O+,5,2026-07-01,2027-07-01,Available
1312,4,1,AB+,6,2026-06-27,2026-08-01,Allocated
1313,4,1,O+,4,2026-06-05,2026-07-10,Expiring
1314,4,4,AB+,8,2026-07-02,2026-07-07,Expiring
1315,4,1,A+,8,2026-06-05,2026-07-10,Expiring
1316,4,2,A-,2,2026-06-22,2026-08-03,Available
1317,4,2,O+,9,2026-05-31,2026-07-12,Available
1318,4,1,O-,3,2026-07-01,2026-08-05,Available
1319,4,3,A+,3,2025-10-17,2026-10-17,Available
1320,4,4,AB+,8,2026-07-04,2026-07-09,Expiring
1321,4,2,B+,2,2026-06-03,2026-07-15,Available
1322,4,2,A+,7,2026-06-20,2026-08-01,Available
1323,4,3,AB-,4,2026-01-01,2027-01-01,Available
1324,4,1,B+,1,2026-06-09,2026-07-14,Available
1325,4,1,O+,6,2026-07-03,2026-08-07,Available
1326,4,1,O-,4,2026-07-04,2026-08-08,Available
1327,4,3,B+,7,2025-12-26,2026-12-26,Available
1328,4,2,AB+,3,2026-06-21,2026-08-02,Available
1329,4,1,A+,7,2026-06-03,2026-07-08,Expiring
1330,4,1,AB+,3,2026-05-26,2026-06-30,Expired
1331,4,3,A+,10,2026-03-04,2027-03-04,Available
1332,4,4,O-,2,2026-06-28,2026-07-03,Expired
1333,4,4,A-,10,2026-06-29,2026-07-04,Expired
1334,4,3,A+,7,2026-06-20,2027-06-20,Available
1335,4,4,A+,3,2026-07-04,2026-07-09,Expiring
1336,4,3,A+,1,2025-08-11,2026-08-11,Available
1337,4,3,A+,5,2025-12-16,2026-12-16,Available
1338,4,3,AB-,5,2026-01-12,2027-01-12,Available
1339,4,4,O-,6,2026-06-26,2026-07-01,Expired
1340,4,3,A+,8,2026-01-29,2027-01-29,Available
1341,4,4,O+,10,2026-06-29,2026-07-04,Expired
1342,4,4,A+,10,2026-06-27,2026-07-02,Expired
1343,4,4,O+,10,2026-06-26,2026-07-01,Expired
1344,4,2,A+,8,2026-06-27,2026-08-08,Available
1345,4,1,B+,6,2026-06-04,2026-07-09,Expiring
1346,4,1,AB-,9,2026-06-01,2026-07-06,Expiring
1347,4,1,B+,2,2026-05-27,2026-07-01,Expired
1348,4,3,A+,5,2026-02-27,2027-02-27,Allocated
1349,4,4,A+,10,2026-07-01,2026-07-06,Expiring
1350,4,1,A+,4,2026-06-03,2026-07-08,Expiring
1351,4,2,B+,6,2026-06-15,2026-07-27,Allocated
1352,4,3,A+,4,2025-09-19,2026-09-19,Available
1353,4,2,B+,4,2026-06-16,2026-07-28,Available
1354,4,4,B+,7,2026-06-27,2026-07-02,Expired
1355,4,2,AB+,5,2026-06-18,2026-07-30,Available
1356,4,2,B+,4,2026-05-24,2026-07-05,Expiring
1357,4,3,AB+,3,2025-08-26,2026-08-26,Available
1358,4,4,AB+,4,2026-07-01,2026-07-06,Expiring
1359,4,4,B+,6,2026-06-25,2026-06-30,Expired
1360,4,1,O+,9,2026-06-01,2026-07-06,Expiring
1361,4,4,A+,4,2026-06-30,2026-07-05,Expiring
1362,4,2,B+,10,2026-06-06,2026-07-18,Available
1363,4,3,A+,5,2026-05-06,2027-05-06,Available
1364,4,1,B+,10,2026-06-22,2026-07-27,Available
1365,4,2,AB+,3,2026-06-14,2026-07-26,Available
1366,4,1,B+,6,2026-06-04,2026-07-09,Expiring
1367,4,4,B-,7,2026-07-02,2026-07-07,Expiring
1368,4,2,A+,5,2026-06-05,2026-07-17,Allocated
1369,4,3,AB+,9,2025-11-12,2026-11-12,Available
1370,4,3,O-,10,2026-02-25,2027-02-25,Available
1371,4,4,A+,7,2026-07-04,2026-07-09,Expiring
1372,4,4,O+,7,2026-06-27,2026-07-02,Expired
1373,4,4,AB+,2,2026-07-05,2026-07-10,Expiring
1374,4,3,A+,5,2026-03-31,2027-03-31,Allocated
1375,4,1,A+,9,2026-06-06,2026-07-11,Available
1376,4,3,AB+,9,2026-02-14,2027-02-14,Available
1377,4,3,A+,5,2026-03-26,2027-03-26,Available
1378,4,3,O+,8,2025-11-29,2026-11-29,Available
1379,4,4,A+,7,2026-06-28,2026-07-03,Expired
1380,4,3,B+,6,2025-12-19,2026-12-19,Available
1381,4,2,B+,2,2026-06-24,2026-08-05,Available
1382,4,1,A-,1,2026-07-02,2026-08-06,Available
1383,4,4,B+,2,2026-07-01,2026-07-06,Expiring
1384,4,1,O+,9,2026-05-31,2026-07-05,Expiring
1385,4,4,B+,3,2026-07-01,2026-07-06,Expiring
1386,4,3,A+,7,2026-05-17,2027-05-17,Available
1387,4,4,A-,10,2026-06-25,2026-06-30,Expired
1388,4,4,AB+,1,2026-07-05,2026-07-10,Expiring
1389,4,4,A+,6,2026-07-04,2026-07-09,Expiring
1390,4,2,O+,5,2026-05-27,2026-07-08,Expiring
1391,4,3,A+,7,2026-02-10,2027-02-10,Available
1392,4,4,B+,10,2026-07-02,2026-07-07,Expiring
1393,4,1,B+,10,2026-05-28,2026-07-02,Expired
1394,4,1,A+,9,2026-06-18,2026-07-23,Available
1395,4,4,B+,3,2026-07-02,2026-07-07,Expiring
1396,4,2,A+,9,2026-07-04,2026-08-15,Available
1397,4,2,O-,3,2026-06-21,2026-08-02,Available
1398,4,4,A+,4,2026-06-29,2026-07-04,Expired
1399,4,3,A+,10,2025-10-01,2026-10-01,Available
1400,4,2,A+,2,2026-06-25,2026-08-06,Available
1401,4,2,O-,5,2026-05-27,2026-07-08,Expiring
1402,4,4,A+,2,2026-06-28,2026-07-03,Expired
1403,4,1,O+,4,2026-06-29,2026-08-03,Available
1404,4,2,A+,4,2026-06-21,2026-08-02,Available
1405,4,1,A+,3,2026-06-25,2026-07-30,Allocated
1406,4,3,A-,2,2026-02-12,2027-02-12,Available
1407,4,1,AB+,7,2026-06-16,2026-07-21,Available
1408,4,4,B+,7,2026-06-26,2026-07-01,Expired
1409,4,3,AB-,4,2025-11-19,2026-11-19,Available
1410,4,2,B+,7,2026-06-30,2026-08-11,Available
1411,4,3,O+,3,2025-11-21,2026-11-21,Available
1412,4,4,B+,10,2026-06-29,2026-07-04,Expired
1413,4,3,A+,1,2025-12-23,2026-12-23,Available
1414,4,1,B+,4,2026-06-18,2026-07-23,Available
1415,4,2,O+,7,2026-06-04,2026-07-16,Available
1416,4,1,AB+,6,2026-06-02,2026-07-07,Expiring
1417,4,4,B+,1,2026-06-30,2026-07-05,Expiring
1418,4,3,A-,9,2025-10-23,2026-10-23,Available
1419,4,1,A+,10,2026-06-07,2026-07-12,Available
1420,4,1,O+,2,2026-06-26,2026-07-31,Available
1421,4,4,A+,7,2026-06-25,2026-06-30,Expired
1422,4,2,O+,7,2026-06-25,2026-08-06,Available
1423,4,4,A-,6,2026-06-30,2026-07-05,Expiring
1424,4,2,A+,5,2026-06-10,2026-07-22,Available
1425,4,4,AB+,4,2026-07-01,2026-07-06,Expiring
1426,4,1,A+,10,2026-06-11,2026-07-16,Available
1427,4,1,AB+,10,2026-07-04,2026-08-08,Available
1428,4,2,O+,2,2026-05-22,2026-07-03,Expired
1429,4,3,B+,1,2025-11-16,2026-11-16,Available
1430,4,3,A-,6,2026-01-10,2027-01-10,Available
1431,4,4,B+,7,2026-06-28,2026-07-03,Expired
1432,4,1,A+,7,2026-06-07,2026-07-12,Available
1433,4,3,A-,6,2026-02-25,2027-02-25,Available
1434,4,3,A+,5,2025-12-30,2026-12-30,Available
1435,4,3,O+,4,2026-04-10,2027-04-10,Available
1436,4,2,A+,9,2026-05-25,2026-07-06,Expiring
1437,4,4,B-,9,2026-06-26,2026-07-01,Expired
1438,4,1,B+,1,2026-06-23,2026-07-28,Allocated
1439,4,4,A+,1,2026-06-30,2026-07-05,Expiring
1440,4,2,AB+,2,2026-06-21,2026-08-02,Available
1441,4,1,A-,2,2026-06-25,2026-07-30,Available
1442,4,1,O+,1,2026-05-31,2026-07-05,Expiring
1443,4,2,B-,2,2026-06-19,2026-07-31,Available
1444,4,3,A+,8,2026-02-25,2027-02-25,Available
1445,4,2,A+,7,2026-06-26,2026-08-07,Available
1446,4,1,B+,4,2026-06-24,2026-07-29,Available
1447,4,3,B+,9,2026-04-11,2027-04-11,Available
1448,4,2,A+,10,2026-06-30,2026-08-11,Available
1449,4,1,A+,5,2026-06-24,2026-07-29,Available
1450,4,2,B+,3,2026-06-08,2026-07-20,Available
1451,4,1,B+,10,2026-06-23,2026-07-28,Available
1452,4,2,A+,2,2026-07-01,2026-08-12,Available
1453,4,4,AB+,9,2026-07-03,2026-07-08,Expiring
1454,4,3,O+,8,2026-05-03,2027-05-03,Available
1455,4,3,A-,3,2025-12-29,2026-12-29,Available
1456,4,1,AB+,4,2026-06-24,2026-07-29,Available
1457,4,1,B+,3,2026-06-15,2026-07-20,Available
1458,4,1,O+,1,2026-06-03,2026-07-08,Expiring
1459,4,4,B+,9,2026-06-27,2026-07-02,Expired
1460,4,3,A-,7,2026-06-06,2027-06-06,Available
1461,4,3,B+,8,2026-06-11,2027-06-11,Available
1462,4,1,O-,4,2026-06-27,2026-08-01,Available
1463,4,2,AB+,10,2026-06-12,2026-07-24,Available
1464,4,2,A+,4,2026-06-06,2026-07-18,Available
1465,4,4,A+,4,2026-07-04,2026-07-09,Expiring
1466,4,4,AB+,10,2026-07-03,2026-07-08,Expiring
1467,4,4,B+,2,2026-07-05,2026-07-10,Expiring
1468,4,2,O+,3,2026-06-11,2026-07-23,Available
1469,4,4,A+,9,2026-06-28,2026-07-03,Expired
1470,4,4,B+,7,2026-06-28,2026-07-03,Expired
1471,4,1,A+,9,2026-05-31,2026-07-05,Expiring
1472,4,4,O+,9,2026-06-29,2026-07-04,Expired
1473,4,4,B-,9,2026-06-28,2026-07-03,Expired
1474,4,2,A+,10,2026-06-13,2026-07-25,Available
1475,4,3,AB-,5,2025-12-10,2026-12-10,Available
1476,4,1,B+,3,2026-06-09,2026-07-14,Available
1477,4,3,B+,3,2025-10-23,2026-10-23,Available
1478,4,1,B+,2,2026-06-22,2026-07-27,Available
1479,4,4,O-,5,2026-06-30,2026-07-05,Expiring
1480,4,1,AB+,10,2026-06-28,2026-08-02,Allocated
1481,4,4,A+,7,2026-06-29,2026-07-04,Expired
1482,4,2,B+,6,2026-06-16,2026-07-28,Available
1483,4,2,AB+,4,2026-06-04,2026-07-16,Available
1484,4,4,O+,7,2026-07-02,2026-07-07,Expiring
1485,4,3,B+,3,2025-08-13,2026-08-13,Available
1486,4,3,O+,3,2025-09-06,2026-09-06,Available
1487,4,2,A+,7,2026-06-16,2026-07-28,Available
1488,4,3,AB+,4,2026-06-27,2027-06-27,Allocated
1489,4,2,B+,8,2026-06-19,2026-07-31,Available
1490,4,2,O+,8,2026-05-21,2026-07-02,Expired
1491,4,1,B+,4,2026-06-12,2026-07-17,Available
1492,4,4,A+,1,2026-06-29,2026-07-04,Expired
1493,4,2,O+,3,2026-06-20,2026-08-01,Available
1494,4,1,B+,5,2026-06-29,2026-08-03,Available
1495,4,2,AB+,8,2026-06-13,2026-07-25,Allocated
1496,4,1,O+,2,2026-06-08,2026-07-13,Available
1497,4,4,O+,9,2026-06-30,2026-07-05,Expiring
1498,4,4,A+,8,2026-06-27,2026-07-02,Expired
1499,4,3,A+,8,2026-06-15,2027-06-15,Available
1500,4,3,AB+,4,2026-01-17,2027-01-17,Available
1501,4,3,A+,3,2025-10-19,2026-10-19,Available
1502,4,3,O+,3,2026-05-15,2027-05-15,Available
1503,4,2,A+,5,2026-05-31,2026-07-12,Available
1504,4,4,A+,4,2026-06-27,2026-07-02,Expired
1505,4,4,A-,9,2026-06-25,2026-06-30,Expired
1506,4,3,A+,1,2025-12-27,2026-12-27,Available
1507,4,3,A+,10,2026-01-15,2027-01-15,Available
1508,4,3,O+,6,2025-08-21,2026-08-21,Available
1509,4,3,O+,9,2026-06-09,2027-06-09,Available
1510,4,3,B+,8,2025-11-23,2026-11-23,Available
1511,4,2,A+,1,2026-06-03,2026-07-15,Available
1512,4,2,A+,10,2026-05-31,2026-07-12,Available
1513,4,4,O+,7,2026-07-03,2026-07-08,Expiring
1514,4,1,B-,8,2026-06-14,2026-07-19,Available
1515,4,3,A+,5,2025-08-14,2026-08-14,Available
1516,4,1,B+,2,2026-06-23,2026-07-28,Available
1517,4,1,A+,7,2026-06-18,2026-07-23,Available
1518,4,2,O+,5,2026-07-03,2026-08-14,Available
1519,4,2,A+,4,2026-06-27,2026-08-08,Available
1520,4,2,A-,7,2026-06-23,2026-08-04,Available
1521,5,1,B+,7,2026-06-26,2026-07-31,Available
1522,5,3,O-,4,2026-02-25,2027-02-25,Available
1523,5,3,A+,3,2026-06-02,2027-06-02,Available
1524,5,1,B-,8,2026-06-19,2026-07-24,Available
1525,5,2,A-,8,2026-06-21,2026-08-02,Allocated
1526,5,4,AB+,8,2026-07-03,2026-07-08,Expiring
1527,5,4,A+,2,2026-07-04,2026-07-09,Expiring
1528,5,4,B+,8,2026-06-25,2026-06-30,Expired
1529,5,3,A+,10,2026-01-11,2027-01-11,Available
1530,5,2,A+,8,2026-06-12,2026-07-24,Allocated
1531,5,3,B+,10,2026-02-23,2027-02-23,Available
1532,5,1,A+,6,2026-06-14,2026-07-19,Available
1533,5,4,B+,10,2026-06-25,2026-06-30,Expired
1534,5,2,B+,5,2026-06-02,2026-07-14,Available
1535,5,1,B+,4,2026-06-20,2026-07-25,Available
1536,5,2,AB+,8,2026-06-08,2026-07-20,Available
1537,5,2,O+,5,2026-06-03,2026-07-15,Available
1538,5,2,A+,7,2026-05-20,2026-07-01,Expired
1539,5,4,O+,10,2026-07-05,2026-07-10,Expiring
1540,5,1,O+,5,2026-06-16,2026-07-21,Available
1541,5,4,B+,9,2026-07-03,2026-07-08,Expiring
1542,5,3,B-,4,2026-03-13,2027-03-13,Available
1543,5,4,A+,8,2026-07-02,2026-07-07,Expiring
1544,5,2,B+,2,2026-06-26,2026-08-07,Available
1545,5,1,O+,6,2026-06-03,2026-07-08,Expiring
1546,5,3,B-,7,2025-12-06,2026-12-06,Available
1547,5,4,A+,5,2026-06-30,2026-07-05,Expiring
1548,5,3,O+,4,2026-05-25,2027-05-25,Available
1549,5,2,B+,2,2026-06-05,2026-07-17,Available
1550,5,4,AB+,7,2026-07-05,2026-07-10,Expiring
1551,5,3,A+,7,2025-12-10,2026-12-10,Available
1552,5,4,AB+,1,2026-06-28,2026-07-03,Expired
1553,5,4,A+,6,2026-06-30,2026-07-05,Expiring
1554,5,4,O+,5,2026-07-04,2026-07-09,Expiring
1555,5,2,O-,8,2026-06-20,2026-08-01,Available
1556,5,2,B+,7,2026-06-04,2026-07-16,Available
1557,5,2,AB+,7,2026-06-10,2026-07-22,Available
1558,5,3,A+,4,2026-02-09,2027-02-09,Available
1559,5,4,A+,6,2026-07-03,2026-07-08,Expiring
1560,5,1,A+,10,2026-06-25,2026-07-30,Available
1561,5,3,A+,2,2025-12-25,2026-12-25,Available
1562,5,2,A+,1,2026-06-30,2026-08-11,Available
1563,5,4,B+,8,2026-06-29,2026-07-04,Expired
1564,5,3,AB+,3,2026-05-19,2027-05-19,Allocated
1565,5,4,A+,8,2026-07-05,2026-07-10,Expiring
1566,5,1,A+,1,2026-06-24,2026-07-29,Available
1567,5,3,B+,6,2025-12-30,2026-12-30,Available
1568,5,4,A-,1,2026-07-04,2026-07-09,Expiring
1569,5,2,AB-,5,2026-06-25,2026-08-06,Available
1570,5,1,AB+,10,2026-07-03,2026-08-07,Available
1571,5,2,O-,10,2026-07-03,2026-08-14,Available
1572,5,1,B+,3,2026-06-23,2026-07-28,Available
1573,5,2,B-,2,2026-06-04,2026-07-16,Available
1574,5,1,B+,10,2026-06-17,2026-07-22,Available
1575,5,3,B+,10,2026-05-30,2027-05-30,Available
1576,5,1,A-,8,2026-07-01,2026-08-05,Available
1577,5,3,B+,3,2026-02-22,2027-02-22,Available
1578,5,3,B+,9,2025-07-12,2026-07-12,Available
1579,5,2,O+,4,2026-05-28,2026-07-09,Expiring
1580,5,1,A+,1,2026-06-17,2026-07-22,Available
1581,5,3,A+,3,2026-01-13,2027-01-13,Available
1582,5,4,B-,6,2026-06-28,2026-07-03,Expired
1583,5,1,B+,5,2026-06-03,2026-07-08,Expiring
1584,5,2,O+,7,2026-06-17,2026-07-29,Available
1585,5,3,B+,5,2026-03-07,2027-03-07,Available
1586,5,2,A+,4,2026-06-22,2026-08-03,Available
1587,5,2,O+,3,2026-05-21,2026-07-02,Expired
1588,5,3,A+,2,2026-06-17,2027-06-17,Available
1589,5,3,A+,3,2026-05-06,2027-05-06,Available
1590,5,1,O-,3,2026-06-07,2026-07-12,Available
1591,5,4,O+,5,2026-07-04,2026-07-09,Expiring
1592,5,1,A+,6,2026-06-14,2026-07-19,Available
1593,5,1,A+,7,2026-06-05,2026-07-10,Expiring
1594,5,1,B+,2,2026-06-09,2026-07-14,Allocated
1595,5,3,O+,9,2025-07-28,2026-07-28,Available
1596,5,3,B-,4,2026-02-01,2027-02-01,Available
1597,5,1,O+,6,2026-07-03,2026-08-07,Available
1598,5,1,O-,6,2026-06-23,2026-07-28,Available
1599,5,1,B+,5,2026-07-03,2026-08-07,Available
1600,5,3,A-,8,2025-10-24,2026-10-24,Available
1601,5,1,A+,6,2026-06-10,2026-07-15,Available
1602,5,3,A+,7,2026-01-19,2027-01-19,Available
1603,5,1,A+,3,2026-05-30,2026-07-04,Expired
1604,5,4,A+,3,2026-07-05,2026-07-10,Expiring
1605,5,4,B+,7,2026-07-01,2026-07-06,Expiring
1606,5,1,B-,8,2026-06-30,2026-08-04,Available
1607,5,2,A+,3,2026-06-14,2026-07-26,Available
1608,5,4,A+,4,2026-07-03,2026-07-08,Expiring
1609,5,3,A+,10,2025-10-16,2026-10-16,Available
1610,5,1,A+,4,2026-06-18,2026-07-23,Available
1611,5,2,A+,1,2026-06-09,2026-07-21,Available
1612,5,1,A+,6,2026-05-26,2026-06-30,Expired
1613,5,3,A-,6,2025-07-06,2026-07-06,Expiring
1614,5,4,A+,6,2026-06-26,2026-07-01,Expired
1615,5,1,AB-,1,2026-06-14,2026-07-19,Available
1616,5,1,A+,4,2026-06-03,2026-07-08,Expiring
1617,6,4,B+,3,2026-07-02,2026-07-07,Expiring
1618,6,2,B+,9,2026-06-14,2026-07-26,Available
1619,6,4,B+,9,2026-06-29,2026-07-04,Expired
1620,6,1,O+,10,2026-05-29,2026-07-03,Expired
1621,6,4,A+,4,2026-06-26,2026-07-01,Expired
1622,6,1,O+,1,2026-06-08,2026-07-13,Available
1623,6,4,A+,9,2026-06-26,2026-07-01,Expired
1624,6,3,A+,9,2026-02-07,2027-02-07,Allocated
1625,6,1,O+,1,2026-06-06,2026-07-11,Available
1626,6,4,A+,7,2026-07-05,2026-07-10,Expiring
1627,6,4,A-,2,2026-06-26,2026-07-01,Expired
1628,6,4,A+,7,2026-06-28,2026-07-03,Expired
1629,6,4,A+,10,2026-06-28,2026-07-03,Expired
1630,6,4,A+,4,2026-06-26,2026-07-01,Expired
1631,6,4,A+,10,2026-06-30,2026-07-05,Expiring
1632,6,1,O-,8,2026-06-21,2026-07-26,Available
1633,6,4,A+,1,2026-06-25,2026-06-30,Expired
1634,6,2,A-,10,2026-06-21,2026-08-02,Available
1635,6,1,A+,1,2026-06-19,2026-07-24,Available
1636,6,1,B+,4,2026-07-03,2026-08-07,Allocated
1637,6,4,B+,4,2026-06-28,2026-07-03,Expired
1638,6,1,A-,1,2026-06-10,2026-07-15,Available
1639,6,4,O+,5,2026-07-04,2026-07-09,Expiring
1640,6,1,B-,9,2026-06-01,2026-07-06,Expiring
1641,6,1,A+,1,2026-06-09,2026-07-14,Available
1642,6,4,B-,5,2026-06-25,2026-06-30,Expired
1643,6,3,B-,1,2025-09-01,2026-09-01,Available
1644,6,1,O+,4,2026-05-29,2026-07-03,Expired
1645,6,1,A-,9,2026-06-01,2026-07-06,Expiring
1646,6,4,B+,2,2026-07-01,2026-07-06,Expiring
1647,6,4,A+,7,2026-07-02,2026-07-07,Expiring
1648,6,4,O+,6,2026-06-27,2026-07-02,Expired
1649,6,3,O+,9,2026-04-06,2027-04-06,Available
1650,6,1,O-,7,2026-07-05,2026-08-09,Available
1651,6,4,A+,4,2026-06-25,2026-06-30,Expired
1652,6,4,O+,1,2026-06-28,2026-07-03,Expired
1653,6,2,B+,3,2026-06-29,2026-08-10,Allocated
1654,6,1,A+,3,2026-06-19,2026-07-24,Available
1655,6,2,A+,5,2026-05-24,2026-07-05,Expiring
1656,6,4,A+,3,2026-06-29,2026-07-04,Expired
1657,6,2,A+,4,2026-06-08,2026-07-20,Available
1658,6,3,A+,2,2026-01-01,2027-01-01,Available
1659,6,4,A+,5,2026-07-01,2026-07-06,Expiring
1660,6,4,B+,9,2026-06-27,2026-07-02,Expired
1661,6,4,B+,2,2026-06-25,2026-06-30,Expired
1662,6,1,AB+,3,2026-07-01,2026-08-05,Available
1663,6,1,A+,4,2026-07-05,2026-08-09,Available
1664,6,1,B+,3,2026-06-18,2026-07-23,Available
1665,6,1,A-,6,2026-06-07,2026-07-12,Available
1666,6,1,B+,8,2026-06-01,2026-07-06,Expiring
1667,6,3,A+,2,2025-10-17,2026-10-17,Available
1668,6,1,A+,5,2026-05-27,2026-07-01,Expired
1669,6,2,B+,6,2026-06-30,2026-08-11,Available
1670,6,2,AB+,3,2026-06-13,2026-07-25,Available
1671,6,1,O+,9,2026-06-23,2026-07-28,Allocated
1672,6,4,O+,10,2026-07-05,2026-07-10,Expiring
1673,6,1,O+,2,2026-06-30,2026-08-04,Available
1674,6,2,A+,3,2026-06-14,2026-07-26,Available
1675,6,4,A+,4,2026-06-27,2026-07-02,Expired
1676,6,2,A+,6,2026-06-05,2026-07-17,Available
1677,6,1,AB-,7,2026-06-11,2026-07-16,Available
1678,6,3,B+,7,2025-10-16,2026-10-16,Available
1679,6,1,B+,10,2026-06-23,2026-07-28,Available
1680,6,2,B-,2,2026-05-29,2026-07-10,Expiring
1681,6,3,B+,8,2026-03-11,2027-03-11,Available
1682,6,3,O+,7,2025-11-13,2026-11-13,Available
1683,6,4,A+,4,2026-06-30,2026-07-05,Expiring
1684,6,3,O+,1,2026-06-14,2027-06-14,Available
1685,6,4,A+,10,2026-07-05,2026-07-10,Expiring
1686,6,2,B-,1,2026-06-13,2026-07-25,Allocated
1687,6,3,O+,6,2025-12-27,2026-12-27,Available
1688,6,3,A+,6,2026-07-02,2027-07-02,Available
1689,6,4,B+,3,2026-07-04,2026-07-09,Expiring
1690,6,1,A+,10,2026-06-29,2026-08-03,Available
1691,6,4,A+,10,2026-07-04,2026-07-09,Expiring
1692,6,1,A+,8,2026-06-27,2026-08-01,Available
1693,6,3,B+,6,2025-09-26,2026-09-26,Available
1694,6,2,A+,6,2026-07-03,2026-08-14,Available
1695,6,3,A-,7,2025-10-04,2026-10-04,Available
1696,6,2,A+,1,2026-06-29,2026-08-10,Allocated
1697,6,1,A+,5,2026-06-27,2026-08-01,Available
1698,6,1,A-,5,2026-06-26,2026-07-31,Available
1699,6,3,B+,2,2025-12-07,2026-12-07,Allocated
1700,6,2,AB+,2,2026-06-12,2026-07-24,Available
1701,6,4,O+,7,2026-07-01,2026-07-06,Expiring
1702,6,4,A+,1,2026-07-05,2026-07-10,Expiring
1703,6,2,B+,6,2026-06-17,2026-07-29,Available
1704,6,2,A+,3,2026-06-30,2026-08-11,Allocated
1705,6,4,AB-,10,2026-06-26,2026-07-01,Expired
1706,6,1,A+,6,2026-06-29,2026-08-03,Available
1707,6,1,B+,6,2026-06-19,2026-07-24,Available
1708,6,2,O+,3,2026-06-28,2026-08-09,Available
1709,6,4,A+,2,2026-06-26,2026-07-01,Expired
1710,6,2,B+,1,2026-06-21,2026-08-02,Available
1711,6,4,A+,9,2026-06-27,2026-07-02,Expired
1712,6,1,B+,9,2026-06-30,2026-08-04,Allocated
1713,6,4,A+,5,2026-06-27,2026-07-02,Expired
1714,6,1,B+,5,2026-05-31,2026-07-05,Expiring
1715,6,2,AB+,7,2026-06-29,2026-08-10,Available
1716,6,3,AB+,5,2026-06-15,2027-06-15,Allocated
1717,6,2,O+,2,2026-06-09,2026-07-21,Available
1718,6,2,A+,1,2026-06-18,2026-07-30,Available
1719,6,2,A-,10,2026-06-29,2026-08-10,Available
1720,6,1,B+,1,2026-06-05,2026-07-10,Expiring
1721,6,1,O+,6,2026-06-05,2026-07-10,Expiring
1722,6,3,O+,9,2025-12-10,2026-12-10,Available
1723,6,4,B+,10,2026-07-03,2026-07-08,Expiring
1724,6,4,B+,4,2026-06-27,2026-07-02,Expired
1725,6,4,A+,6,2026-07-04,2026-07-09,Expiring
1726,6,4,A+,3,2026-07-03,2026-07-08,Expiring
1727,6,1,O+,2,2026-05-30,2026-07-04,Expired
1728,6,3,A+,1,2025-08-17,2026-08-17,Available
1729,6,2,O+,3,2026-05-20,2026-07-01,Expired
1730,6,3,A-,9,2026-04-10,2027-04-10,Available
1731,6,3,O+,1,2025-12-09,2026-12-09,Available
1732,6,2,AB-,10,2026-06-18,2026-07-30,Available
1733,6,4,A+,8,2026-07-02,2026-07-07,Expiring
1734,6,2,O+,4,2026-05-31,2026-07-12,Available
1735,6,2,B+,10,2026-06-22,2026-08-03,Available
1736,6,2,AB+,9,2026-06-23,2026-08-04,Available
1737,6,4,AB+,7,2026-07-03,2026-07-08,Expiring
1738,6,4,A+,7,2026-06-26,2026-07-01,Expired
1739,6,3,O+,5,2025-09-12,2026-09-12,Available
1740,6,4,A+,2,2026-06-26,2026-07-01,Expired
1741,6,2,A+,7,2026-05-21,2026-07-02,Expired
1742,6,3,A-,10,2026-02-25,2027-02-25,Available
1743,6,2,A+,7,2026-06-28,2026-08-09,Available
1744,6,3,B+,3,2026-02-26,2027-02-26,Available
1745,6,1,A-,2,2026-05-29,2026-07-03,Expired
1746,6,2,A+,4,2026-05-24,2026-07-05,Expiring
1747,6,2,A+,1,2026-06-27,2026-08-08,Available
1748,6,1,O+,1,2026-06-20,2026-07-25,Available
1749,6,4,B-,7,2026-06-25,2026-06-30,Expired
1750,6,1,O+,4,2026-06-27,2026-08-01,Available
1751,6,3,B+,10,2026-05-09,2027-05-09,Available
1752,6,2,A+,2,2026-06-22,2026-08-03,Available
1753,6,4,B-,7,2026-07-05,2026-07-10,Expiring
1754,6,3,A-,6,2026-05-12,2027-05-12,Available
1755,6,3,O+,3,2026-04-23,2027-04-23,Available
1756,6,2,B+,6,2026-06-28,2026-08-09,Available
1757,6,1,A+,7,2026-06-09,2026-07-14,Available
1758,6,1,A-,8,2026-06-18,2026-07-23,Available
1759,6,4,A+,3,2026-06-25,2026-06-30,Expired
1760,6,1,AB-,7,2026-06-22,2026-07-27,Available
1761,6,4,O+,4,2026-06-25,2026-06-30,Expired
1762,6,3,A+,8,2025-10-28,2026-10-28,Allocated
1763,6,2,A-,1,2026-06-08,2026-07-20,Available
1764,6,2,B-,8,2026-06-08,2026-07-20,Available
1765,6,3,B+,8,2026-06-05,2027-06-05,Available
1766,6,4,A+,7,2026-07-02,2026-07-07,Expiring
1767,6,2,A+,5,2026-06-28,2026-08-09,Available
1768,6,2,B-,3,2026-06-18,2026-07-30,Available
1769,6,1,O+,8,2026-07-05,2026-08-09,Available
1770,6,4,O+,2,2026-06-27,2026-07-02,Expired
1771,6,4,B+,8,2026-06-26,2026-07-01,Expired
1772,6,3,B+,5,2026-01-08,2027-01-08,Available
1773,6,2,A-,4,2026-06-07,2026-07-19,Available
1774,6,2,B+,8,2026-06-18,2026-07-30,Allocated
1775,6,1,B+,3,2026-06-18,2026-07-23,Available
1776,6,1,O+,3,2026-06-07,2026-07-12,Available
1777,6,2,O-,8,2026-06-20,2026-08-01,Available
1778,6,1,B-,9,2026-05-31,2026-07-05,Expiring
1779,6,1,B-,2,2026-06-26,2026-07-31,Available
1780,6,3,A+,9,2025-12-28,2026-12-28,Available
1781,6,1,B+,5,2026-06-29,2026-08-03,Available
1782,6,2,B+,5,2026-06-02,2026-07-14,Available
1783,6,3,B+,2,2026-06-25,2027-06-25,Available
1784,6,4,O+,4,2026-07-04,2026-07-09,Expiring
1785,6,3,O+,5,2026-02-11,2027-02-11,Available
1786,6,4,O+,9,2026-06-25,2026-06-30,Expired
1787,6,2,A+,10,2026-05-27,2026-07-08,Expiring
1788,6,2,A+,3,2026-06-02,2026-07-14,Available
1789,6,3,A+,1,2025-10-08,2026-10-08,Available
1790,6,2,A+,6,2026-07-04,2026-08-15,Available
1791,6,2,B+,7,2026-05-31,2026-07-12,Available
1792,6,3,A-,8,2026-07-05,2027-07-05,Available
1793,6,3,B+,5,2026-05-11,2027-05-11,Available
1794,6,2,AB+,5,2026-06-08,2026-07-20,Available
1795,6,3,B+,10,2026-02-16,2027-02-16,Available
1796,6,3,B-,10,2025-12-12,2026-12-12,Available
1797,6,4,A-,2,2026-06-30,2026-07-05,Expiring
1798,6,4,B+,8,2026-06-29,2026-07-04,Expired
1799,6,4,B-,4,2026-06-26,2026-07-01,Expired
1800,6,2,O+,6,2026-06-20,2026-08-01,Available
1801,6,4,O+,6,2026-06-30,2026-07-05,Expiring
1802,6,3,A+,4,2025-11-06,2026-11-06,Available
1803,6,1,A+,4,2026-06-04,2026-07-09,Expiring
1804,6,4,A+,9,2026-06-29,2026-07-04,Expired
1805,6,4,O-,2,2026-07-05,2026-07-10,Expiring
1806,6,4,AB+,10,2026-07-04,2026-07-09,Expiring
1807,6,3,B+,4,2026-04-26,2027-04-26,Available
1808,6,1,B+,4,2026-07-03,2026-08-07,Available
1809,6,4,A-,2,2026-06-27,2026-07-02,Expired
1810,6,3,O+,9,2026-05-14,2027-05-14,Available
1811,6,3,A+,4,2026-04-27,2027-04-27,Available
1812,6,3,O+,6,2026-03-16,2027-03-16,Available
1813,6,1,A+,1,2026-06-19,2026-07-24,Allocated
1814,6,4,A+,2,2026-06-29,2026-07-04,Expired
1815,6,2,O+,10,2026-06-18,2026-07-30,Available
1816,6,4,O+,2,2026-07-02,2026-07-07,Expiring
1817,6,4,B+,4,2026-06-30,2026-07-05,Expiring
1818,6,1,A+,2,2026-05-27,2026-07-01,Expired
1819,6,4,B-,5,2026-07-04,2026-07-09,Expiring
1820,6,1,A+,9,2026-05-28,2026-07-02,Expired
1821,6,2,B+,4,2026-05-19,2026-06-30,Expired
1822,6,3,A+,8,2026-06-13,2027-06-13,Available
1823,6,3,A-,3,2025-10-01,2026-10-01,Available
1824,6,3,A+,1,2025-07-14,2026-07-14,Allocated
1825,6,3,B+,4,2025-10-28,2026-10-28,Available
1826,6,3,B+,2,2026-01-17,2027-01-17,Available
1827,6,2,A+,4,2026-05-29,2026-07-10,Expiring
1828,6,2,O+,5,2026-05-30,2026-07-11,Available
1829,6,2,A+,6,2026-05-22,2026-07-03,Expired
1830,6,4,B-,8,2026-06-30,2026-07-05,Expiring
1831,6,3,B-,3,2025-09-24,2026-09-24,Available
1832,6,3,B-,10,2026-05-17,2027-05-17,Available
1833,6,1,AB+,4,2026-06-18,2026-07-23,Available
1834,6,1,B+,4,2026-06-25,2026-07-30,Available
1835,6,1,A-,4,2026-06-24,2026-07-29,Available
1836,6,4,A+,3,2026-07-02,2026-07-07,Expiring
1837,6,2,B+,8,2026-06-17,2026-07-29,Available
1838,6,3,B+,4,2025-11-17,2026-11-17,Available
1839,6,1,AB+,2,2026-07-03,2026-08-07,Available
1840,6,4,B+,6,2026-07-02,2026-07-07,Expiring
1841,6,2,B-,5,2026-05-26,2026-07-07,Expiring
1842,6,2,O+,7,2026-05-23,2026-07-04,Expired
1843,6,2,AB+,2,2026-06-26,2026-08-07,Available
1844,6,1,B+,8,2026-06-25,2026-07-30,Available
1845,6,2,A+,6,2026-06-25,2026-08-06,Available
1846,6,4,O+,7,2026-07-03,2026-07-08,Expiring
1847,6,1,A+,2,2026-06-29,2026-08-03,Available
1848,6,4,O+,2,2026-07-02,2026-07-07,Expiring
1849,6,3,A+,7,2026-04-18,2027-04-18,Available
1850,6,3,A+,3,2026-03-10,2027-03-10,Available
1851,6,1,A-,9,2026-06-02,2026-07-07,Expiring
1852,6,1,A+,10,2026-06-02,2026-07-07,Expiring
1853,6,1,A-,6,2026-05-29,2026-07-03,Expired
1854,6,1,B+,3,2026-06-07,2026-07-12,Available
1855,6,4,A+,9,2026-06-26,2026-07-01,Expired
1856,6,3,A+,10,2025-08-01,2026-08-01,Available
1857,6,3,A+,7,2025-11-18,2026-11-18,Available
1858,6,3,O-,5,2025-11-20,2026-11-20,Available
1859,6,1,A+,4,2026-05-28,2026-07-02,Expired
1860,6,2,A+,1,2026-05-20,2026-07-01,Expired
1861,6,4,A+,7,2026-07-02,2026-07-07,Expiring
1862,6,4,B+,7,2026-07-01,2026-07-06,Expiring
1863,6,3,A-,8,2025-10-04,2026-10-04,Allocated
1864,6,1,AB+,2,2026-05-29,2026-07-03,Expired
1865,6,3,A+,3,2025-07-15,2026-07-15,Allocated
1866,6,2,A+,9,2026-06-21,2026-08-02,Allocated
1867,6,1,A-,9,2026-06-28,2026-08-02,Available
1868,6,2,O+,10,2026-05-25,2026-07-06,Expiring
1869,6,2,B+,3,2026-05-21,2026-07-02,Expired
1870,6,1,B+,9,2026-07-02,2026-08-06,Available
1871,6,2,O+,3,2026-06-21,2026-08-02,Available
1872,6,1,A+,9,2026-07-02,2026-08-06,Available
1873,6,3,B-,2,2025-09-30,2026-09-30,Available
1874,6,1,B+,2,2026-05-31,2026-07-05,Expiring
1875,6,3,B+,9,2026-01-13,2027-01-13,Available
1876,6,1,O+,5,2026-06-19,2026-07-24,Available
1877,6,1,O+,3,2026-06-27,2026-08-01,Available
1878,6,2,A+,4,2026-06-04,2026-07-16,Available
1879,6,4,B+,2,2026-07-02,2026-07-07,Expiring
1880,6,1,B+,3,2026-06-02,2026-07-07,Expiring
1881,6,3,A+,8,2025-08-20,2026-08-20,Available
1882,6,3,B-,9,2025-07-01,2026-07-01,Expired
1883,6,2,A+,6,2026-06-30,2026-08-11,Available
1884,6,1,B+,6,2026-06-18,2026-07-23,Available
1885,6,2,A+,1,2026-07-05,2026-08-16,Available
1886,6,4,B+,1,2026-07-05,2026-07-10,Expiring
1887,6,3,AB+,6,2026-05-24,2027-05-24,Available
1888,6,1,A+,10,2026-05-26,2026-06-30,Expired
1889,6,1,B+,2,2026-06-30,2026-08-04,Available
1890,6,1,O+,2,2026-06-05,2026-07-10,Expiring
1891,6,3,O+,9,2025-11-23,2026-11-23,Available
1892,6,4,A-,10,2026-07-05,2026-07-10,Expiring
1893,6,4,A-,3,2026-07-05,2026-07-10,Expiring
1894,6,1,B+,6,2026-06-13,2026-07-18,Available
1895,6,3,O+,9,2026-05-08,2027-05-08,Available
1896,6,2,B+,5,2026-06-17,2026-07-29,Available
1897,6,3,B-,3,2025-09-29,2026-09-29,Available
1898,6,4,A-,9,2026-06-26,2026-07-01,Expired
1899,6,1,A+,5,2026-06-05,2026-07-10,Expiring
1900,6,3,A+,9,2025-10-27,2026-10-27,Allocated
1901,6,4,AB+,3,2026-07-04,2026-07-09,Expiring
1902,6,1,A-,5,2026-06-24,2026-07-29,Available
1903,6,3,O+,6,2026-06-14,2027-06-14,Available
1904,6,2,B+,9,2026-07-03,2026-08-14,Available
1905,6,2,A-,1,2026-07-04,2026-08-15,Available
1906,6,2,A-,5,2026-07-05,2026-08-16,Available
1907,6,1,A+,6,2026-06-11,2026-07-16,Available
1908,6,3,B+,6,2026-05-21,2027-05-21,Available
1909,6,1,O+,9,2026-06-18,2026-07-23,Available
1910,6,3,O+,10,2025-12-24,2026-12-24,Available
1911,6,3,B+,3,2025-12-06,2026-12-06,Available
1912,6,4,A+,4,2026-06-27,2026-07-02,Expired
1913,6,1,A+,6,2026-06-15,2026-07-20,Available
1914,6,4,A+,5,2026-06-30,2026-07-05,Expiring
1915,6,2,A+,10,2026-06-25,2026-08-06,Available
1916,6,4,A+,9,2026-07-05,2026-07-10,Expiring
1917,6,1,O+,8,2026-07-03,2026-08-07,Available
1918,6,3,A+,4,2026-03-21,2027-03-21,Available
1919,6,4,A+,9,2026-06-26,2026-07-01,Expired
1920,6,3,O+,10,2025-11-12,2026-11-12,Available
1921,6,2,B+,10,2026-07-04,2026-08-15,Available
1922,6,4,A-,3,2026-06-27,2026-07-02,Expired
1923,6,3,A+,2,2026-05-02,2027-05-02,Available
1924,6,4,A+,2,2026-07-05,2026-07-10,Expiring
1925,6,4,A+,5,2026-06-29,2026-07-04,Expired
1926,6,1,AB+,2,2026-06-02,2026-07-07,Expiring
1927,6,1,AB-,9,2026-05-31,2026-07-05,Expiring
1928,6,3,A+,5,2026-07-03,2027-07-03,Available
1929,6,2,B+,3,2026-06-19,2026-07-31,Available
1930,6,2,B+,8,2026-06-05,2026-07-17,Available
1931,6,3,B+,9,2026-02-28,2027-02-28,Available
1932,6,4,B-,9,2026-07-02,2026-07-07,Expiring
1933,6,1,B-,7,2026-07-01,2026-08-05,Available
1934,6,4,A+,2,2026-07-03,2026-07-08,Expiring
1935,6,2,AB+,7,2026-06-26,2026-08-07,Available
1936,6,2,O+,3,2026-06-17,2026-07-29,Available
1937,7,1,AB-,7,2026-06-16,2026-07-21,Available
1938,7,4,B+,4,2026-07-05,2026-07-10,Expiring
1939,7,1,A+,3,2026-06-09,2026-07-14,Available
1940,7,4,A+,7,2026-06-27,2026-07-02,Expired
1941,7,4,A+,2,2026-07-02,2026-07-07,Expiring
1942,7,2,B-,5,2026-06-16,2026-07-28,Available
1943,7,1,A+,7,2026-07-03,2026-08-07,Available
1944,7,4,B-,7,2026-06-25,2026-06-30,Expired
1945,7,1,A+,6,2026-06-25,2026-07-30,Allocated
1946,7,4,A+,5,2026-06-30,2026-07-05,Expiring
1947,7,2,A+,3,2026-07-03,2026-08-14,Available
1948,7,2,O+,6,2026-06-21,2026-08-02,Available
1949,7,3,A+,3,2025-07-21,2026-07-21,Available
1950,7,3,B+,2,2026-06-24,2027-06-24,Available
1951,7,3,A-,7,2026-01-29,2027-01-29,Available
1952,7,2,B-,9,2026-06-17,2026-07-29,Available
1953,7,4,A+,9,2026-06-27,2026-07-02,Expired
1954,7,1,AB+,4,2026-07-04,2026-08-08,Available
1955,7,2,B-,4,2026-06-12,2026-07-24,Available
1956,7,2,A+,9,2026-06-03,2026-07-15,Available
1957,7,4,O-,6,2026-07-01,2026-07-06,Expiring
1958,7,2,A+,3,2026-05-20,2026-07-01,Expired
1959,7,3,A+,10,2025-11-09,2026-11-09,Available
1960,7,4,A+,6,2026-07-05,2026-07-10,Expiring
1961,7,2,A+,5,2026-07-03,2026-08-14,Available
1962,7,3,A+,5,2026-06-06,2027-06-06,Available
1963,7,1,O+,4,2026-06-22,2026-07-27,Allocated
1964,7,4,A+,4,2026-06-30,2026-07-05,Expiring
1965,7,2,B+,5,2026-06-02,2026-07-14,Available
1966,7,4,B+,7,2026-07-04,2026-07-09,Expiring
1967,7,4,B+,3,2026-07-02,2026-07-07,Expiring
1968,7,4,A+,2,2026-07-04,2026-07-09,Expiring
1969,7,3,A+,10,2026-05-18,2027-05-18,Available
1970,7,3,A+,2,2025-11-09,2026-11-09,Available
1971,7,4,A+,4,2026-06-26,2026-07-01,Expired
1972,7,2,B+,10,2026-06-20,2026-08-01,Available
1973,7,3,AB+,4,2025-07-23,2026-07-23,Available
1974,7,4,A+,7,2026-07-03,2026-07-08,Expiring
1975,7,4,A+,6,2026-06-25,2026-06-30,Expired
1976,7,4,A-,1,2026-07-02,2026-07-07,Expiring
1977,7,2,A+,1,2026-06-09,2026-07-21,Available
1978,7,4,A+,10,2026-07-04,2026-07-09,Expiring
1979,7,1,B+,8,2026-06-03,2026-07-08,Expiring
1980,7,3,A+,7,2026-01-19,2027-01-19,Available
1981,7,4,A+,7,2026-06-27,2026-07-02,Expired
1982,7,2,B+,9,2026-05-31,2026-07-12,Available
1983,7,4,O+,3,2026-07-05,2026-07-10,Expiring
1984,7,4,A+,1,2026-07-02,2026-07-07,Expiring
1985,7,1,B+,10,2026-07-04,2026-08-08,Available
1986,7,1,A-,2,2026-06-09,2026-07-14,Available
1987,7,1,B+,9,2026-05-28,2026-07-02,Expired
1988,7,4,A+,4,2026-07-05,2026-07-10,Expiring
1989,7,2,O-,7,2026-05-22,2026-07-03,Expired
1990,7,1,O+,8,2026-06-14,2026-07-19,Available
1991,7,4,AB-,5,2026-06-28,2026-07-03,Expired
1992,7,3,B+,10,2026-02-10,2027-02-10,Available
1993,7,4,O-,1,2026-06-29,2026-07-04,Expired
1994,7,3,A+,4,2025-08-22,2026-08-22,Available
1995,7,3,O+,6,2025-08-27,2026-08-27,Available
1996,7,3,A+,2,2026-06-06,2027-06-06,Available
1997,7,4,O+,2,2026-07-04,2026-07-09,Expiring
1998,7,1,B+,10,2026-06-02,2026-07-07,Expiring
1999,7,4,B+,2,2026-07-01,2026-07-06,Expiring
2000,7,2,A+,5,2026-06-01,2026-07-13,Available
2001,7,2,AB-,9,2026-06-10,2026-07-22,Available
2002,7,2,B+,10,2026-07-04,2026-08-15,Available
2003,7,3,B+,4,2025-12-09,2026-12-09,Available
2004,7,2,B+,3,2026-05-20,2026-07-01,Expired
2005,7,2,A+,10,2026-06-22,2026-08-03,Available
2006,7,1,A+,2,2026-06-26,2026-07-31,Available
2007,7,1,B+,6,2026-06-18,2026-07-23,Available
2008,7,4,B+,2,2026-07-04,2026-07-09,Expiring
2009,7,2,A+,1,2026-06-19,2026-07-31,Available
2010,7,2,B+,5,2026-05-20,2026-07-01,Expired
2011,7,3,B+,9,2026-04-30,2027-04-30,Available
2012,7,3,A-,6,2026-06-14,2027-06-14,Available
2013,7,1,B+,4,2026-06-14,2026-07-19,Available
2014,7,2,B-,7,2026-06-10,2026-07-22,Available
2015,7,4,A+,9,2026-07-05,2026-07-10,Expiring
2016,7,3,B+,2,2025-07-15,2026-07-15,Available
2017,7,1,B+,7,2026-06-27,2026-08-01,Available
2018,7,2,A+,1,2026-07-04,2026-08-15,Allocated
2019,7,3,AB+,9,2026-06-07,2027-06-07,Available
2020,7,3,O+,7,2026-01-02,2027-01-02,Available
2021,7,4,A+,2,2026-06-26,2026-07-01,Expired
2022,7,1,A+,7,2026-07-04,2026-08-08,Available
2023,7,2,B-,2,2026-06-06,2026-07-18,Available
2024,7,3,A+,2,2026-03-19,2027-03-19,Allocated
2025,7,4,O+,5,2026-07-02,2026-07-07,Expiring
2026,7,4,O-,6,2026-06-30,2026-07-05,Expiring
2027,7,1,O+,7,2026-07-02,2026-08-06,Available
2028,7,4,A+,7,2026-07-03,2026-07-08,Expiring
2029,7,4,B+,2,2026-06-26,2026-07-01,Expired
2030,7,2,B+,8,2026-06-04,2026-07-16,Available
2031,7,4,B-,3,2026-06-27,2026-07-02,Expired
2032,7,1,B+,4,2026-05-27,2026-07-01,Expired
2033,7,3,B+,5,2025-10-10,2026-10-10,Available
2034,7,4,O+,2,2026-07-05,2026-07-10,Expiring
2035,7,3,A+,5,2026-03-04,2027-03-04,Available
2036,7,1,A-,9,2026-07-05,2026-08-09,Allocated
2037,7,4,O+,6,2026-07-02,2026-07-07,Expiring
2038,7,3,B-,4,2026-02-03,2027-02-03,Available
2039,7,3,A+,9,2025-07-29,2026-07-29,Available
2040,7,1,B+,3,2026-06-02,2026-07-07,Expiring
2041,7,3,AB-,1,2025-12-09,2026-12-09,Available
2042,7,2,A+,6,2026-05-25,2026-07-06,Expiring
2043,7,4,A+,2,2026-06-26,2026-07-01,Expired
2044,7,3,B+,2,2026-06-08,2027-06-08,Available
2045,7,4,AB+,1,2026-06-28,2026-07-03,Expired
2046,7,3,A+,1,2025-08-29,2026-08-29,Available
2047,7,3,AB+,10,2025-09-19,2026-09-19,Available
2048,7,1,A-,5,2026-06-17,2026-07-22,Available
2049,7,2,B+,8,2026-07-04,2026-08-15,Allocated
2050,7,4,AB+,3,2026-06-26,2026-07-01,Expired
2051,7,2,O+,10,2026-06-10,2026-07-22,Available
2052,7,2,O+,7,2026-05-27,2026-07-08,Expiring
2053,7,3,A+,10,2025-08-20,2026-08-20,Available
2054,7,2,AB+,5,2026-05-24,2026-07-05,Expiring
2055,7,3,A+,10,2025-09-26,2026-09-26,Available
2056,7,1,A+,2,2026-06-06,2026-07-11,Available
2057,7,2,O+,3,2026-06-17,2026-07-29,Available
2058,7,4,A+,10,2026-06-30,2026-07-05,Expiring
2059,7,3,A+,10,2025-12-21,2026-12-21,Available
2060,7,2,A-,10,2026-06-14,2026-07-26,Available
2061,7,2,A+,9,2026-07-04,2026-08-15,Available
2062,7,4,B-,10,2026-06-26,2026-07-01,Expired
2063,7,3,O+,3,2026-03-28,2027-03-28,Available
2064,7,4,AB+,3,2026-07-04,2026-07-09,Expiring
2065,7,2,B+,5,2026-06-21,2026-08-02,Available
2066,7,1,O+,7,2026-06-08,2026-07-13,Available
2067,7,4,B-,7,2026-07-05,2026-07-10,Expiring
2068,7,3,B+,1,2025-08-21,2026-08-21,Allocated
2069,7,3,B+,3,2025-11-05,2026-11-05,Available
2070,7,3,O+,8,2026-05-06,2027-05-06,Available
2071,7,2,B+,8,2026-07-04,2026-08-15,Available
2072,7,4,B+,5,2026-07-02,2026-07-07,Expiring
2073,7,3,B-,4,2025-09-21,2026-09-21,Available
2074,7,1,B+,6,2026-06-21,2026-07-26,Available
2075,7,4,A+,6,2026-06-26,2026-07-01,Expired
2076,7,4,A+,4,2026-06-25,2026-06-30,Expired
2077,7,3,A+,3,2025-10-12,2026-10-12,Available
2078,7,1,A+,1,2026-05-31,2026-07-05,Expiring
2079,7,3,B-,1,2026-02-10,2027-02-10,Available
2080,7,3,A+,2,2025-12-09,2026-12-09,Allocated
2081,7,2,AB+,10,2026-05-22,2026-07-03,Expired
2082,7,3,A+,7,2025-08-27,2026-08-27,Available
2083,7,3,A+,3,2025-09-27,2026-09-27,Available
2084,7,1,A+,9,2026-06-13,2026-07-18,Available
2085,7,2,A+,5,2026-06-08,2026-07-20,Available
2086,7,1,A-,7,2026-05-31,2026-07-05,Expiring
2087,7,1,A+,7,2026-05-30,2026-07-04,Expired
2088,7,3,A+,7,2026-01-10,2027-01-10,Available
2089,7,2,B+,1,2026-06-22,2026-08-03,Available
2090,7,3,O+,2,2025-11-29,2026-11-29,Available
2091,7,3,A+,3,2025-07-19,2026-07-19,Available
2092,7,1,AB+,6,2026-06-02,2026-07-07,Expiring
2093,7,2,A+,6,2026-05-30,2026-07-11,Allocated
2094,7,1,B+,5,2026-06-28,2026-08-02,Available
2095,7,4,O+,7,2026-07-01,2026-07-06,Expiring
2096,7,1,AB-,3,2026-06-01,2026-07-06,Expiring
2097,7,4,A+,10,2026-07-02,2026-07-07,Expiring
2098,7,1,A-,9,2026-06-16,2026-07-21,Available
2099,7,4,A+,1,2026-07-05,2026-07-10,Expiring
2100,7,3,O+,8,2026-04-12,2027-04-12,Available
2101,7,4,A+,1,2026-07-05,2026-07-10,Expiring
2102,7,2,A+,9,2026-05-24,2026-07-05,Expiring
2103,7,4,B+,10,2026-06-29,2026-07-04,Expired
2104,7,3,A+,7,2025-12-17,2026-12-17,Available
2105,7,4,A-,2,2026-07-05,2026-07-10,Expiring
2106,7,2,AB+,9,2026-06-11,2026-07-23,Available
2107,7,2,A+,4,2026-06-30,2026-08-11,Available
2108,7,2,O-,1,2026-06-14,2026-07-26,Available
2109,7,4,A+,7,2026-07-04,2026-07-09,Expiring
2110,7,4,A+,1,2026-06-27,2026-07-02,Expired
2111,7,3,B+,5,2025-08-26,2026-08-26,Available
2112,7,2,B+,10,2026-05-26,2026-07-07,Expiring
2113,7,1,A+,6,2026-07-01,2026-08-05,Available
2114,7,4,A+,3,2026-06-29,2026-07-04,Expired
2115,7,3,O+,9,2025-08-17,2026-08-17,Available
2116,7,4,A+,8,2026-06-26,2026-07-01,Expired
2117,7,3,B+,7,2025-08-11,2026-08-11,Available
2118,7,3,B+,6,2026-06-10,2027-06-10,Available
2119,7,4,B+,5,2026-07-01,2026-07-06,Expiring
2120,7,3,AB+,8,2026-06-27,2027-06-27,Available
2121,7,1,A-,5,2026-05-28,2026-07-02,Expired
2122,7,1,A-,3,2026-06-10,2026-07-15,Available
2123,7,2,AB+,3,2026-06-07,2026-07-19,Available
2124,7,3,B+,3,2025-12-07,2026-12-07,Available
2125,7,4,A+,1,2026-06-30,2026-07-05,Expiring
2126,7,3,O+,2,2025-09-24,2026-09-24,Available
2127,7,2,B-,8,2026-06-04,2026-07-16,Allocated
2128,7,4,AB+,3,2026-07-05,2026-07-10,Expiring
2129,7,3,B+,10,2025-09-19,2026-09-19,Available
2130,7,2,AB+,1,2026-06-19,2026-07-31,Available
2131,7,4,AB+,9,2026-06-27,2026-07-02,Expired
2132,7,3,A+,2,2026-02-21,2027-02-21,Allocated
2133,7,1,O+,4,2026-06-23,2026-07-28,Available
2134,7,2,O+,3,2026-06-30,2026-08-11,Allocated
2135,7,2,O+,6,2026-06-15,2026-07-27,Available
2136,7,1,A+,4,2026-06-25,2026-07-30,Available
2137,8,1,A+,2,2026-06-10,2026-07-15,Available
2138,8,3,A+,8,2026-05-26,2027-05-26,Available
2139,8,2,AB+,2,2026-06-25,2026-08-06,Available
2140,8,4,B+,1,2026-07-03,2026-07-08,Expiring
2141,8,2,A+,2,2026-06-11,2026-07-23,Available
2142,8,1,O+,4,2026-06-08,2026-07-13,Available
2143,8,4,B+,6,2026-06-25,2026-06-30,Expired
2144,8,1,O+,8,2026-06-27,2026-08-01,Available
2145,8,3,O+,6,2025-09-15,2026-09-15,Available
2146,8,3,B+,4,2026-03-30,2027-03-30,Available
2147,8,3,A-,9,2025-07-29,2026-07-29,Available
2148,8,1,A-,10,2026-06-19,2026-07-24,Available
2149,8,2,B+,10,2026-06-25,2026-08-06,Available
2150,8,4,A-,7,2026-07-03,2026-07-08,Expiring
2151,8,3,A+,9,2026-02-05,2027-02-05,Available
2152,8,1,AB+,7,2026-06-29,2026-08-03,Available
2153,8,2,O+,4,2026-07-02,2026-08-13,Available
2154,8,4,A+,5,2026-06-25,2026-06-30,Expired
2155,8,3,AB-,7,2026-05-14,2027-05-14,Available
2156,8,1,O+,3,2026-06-29,2026-08-03,Allocated
2157,8,2,A-,8,2026-05-19,2026-06-30,Expired
2158,8,2,AB+,9,2026-05-24,2026-07-05,Expiring
2159,8,2,AB+,3,2026-06-25,2026-08-06,Available
2160,8,2,B+,2,2026-06-25,2026-08-06,Available
2161,8,2,A+,9,2026-05-29,2026-07-10,Expiring
2162,8,4,O+,2,2026-07-03,2026-07-08,Expiring
2163,8,2,O-,4,2026-05-26,2026-07-07,Expiring
2164,8,2,B-,9,2026-06-19,2026-07-31,Allocated
2165,8,4,B+,3,2026-06-29,2026-07-04,Expired
2166,8,1,A+,9,2026-05-30,2026-07-04,Expired
2167,8,2,B+,8,2026-06-14,2026-07-26,Available
2168,8,2,A+,10,2026-05-23,2026-07-04,Expired
2169,8,2,O+,4,2026-06-07,2026-07-19,Available
2170,8,3,A+,9,2026-03-09,2027-03-09,Available
2171,8,4,A+,9,2026-07-04,2026-07-09,Expiring
2172,8,4,B+,9,2026-07-03,2026-07-08,Expiring
2173,8,3,A+,6,2025-07-22,2026-07-22,Available
2174,8,1,A+,4,2026-06-14,2026-07-19,Available
2175,8,2,B-,1,2026-06-07,2026-07-19,Available
2176,8,2,B+,10,2026-05-22,2026-07-03,Expired
2177,8,4,B+,7,2026-06-27,2026-07-02,Expired
2178,8,3,B+,2,2025-12-11,2026-12-11,Available
2179,8,3,A-,1,2025-07-12,2026-07-12,Available
2180,8,3,B+,4,2025-10-24,2026-10-24,Allocated
2181,8,3,A+,3,2025-10-13,2026-10-13,Available
2182,8,2,AB+,6,2026-07-05,2026-08-16,Available
2183,8,2,B-,9,2026-06-11,2026-07-23,Available
2184,8,1,B+,3,2026-06-25,2026-07-30,Available
2185,8,4,O+,6,2026-06-30,2026-07-05,Expiring
2186,8,3,A-,3,2025-07-25,2026-07-25,Available
2187,8,2,O+,6,2026-06-10,2026-07-22,Available
2188,8,4,B+,9,2026-06-30,2026-07-05,Expiring
2189,8,1,A+,2,2026-06-07,2026-07-12,Available
2190,8,1,B+,10,2026-06-10,2026-07-15,Available
2191,8,3,AB+,9,2026-05-29,2027-05-29,Available
2192,8,1,AB+,2,2026-06-24,2026-07-29,Allocated
2193,8,2,O-,6,2026-06-27,2026-08-08,Available
2194,8,3,AB-,10,2025-11-14,2026-11-14,Allocated
2195,8,2,O-,10,2026-05-31,2026-07-12,Available
2196,8,4,A-,5,2026-06-25,2026-06-30,Expired
2197,8,2,B+,7,2026-06-20,2026-08-01,Available
2198,8,4,A+,5,2026-06-27,2026-07-02,Expired
2199,8,4,O+,1,2026-06-27,2026-07-02,Expired
2200,8,2,B+,3,2026-06-25,2026-08-06,Available
2201,8,3,B-,6,2026-06-16,2027-06-16,Available
2202,8,2,A+,4,2026-05-28,2026-07-09,Expiring
2203,8,1,A+,7,2026-06-01,2026-07-06,Expiring
2204,8,1,A-,5,2026-05-28,2026-07-02,Expired
2205,8,3,B+,5,2025-10-19,2026-10-19,Available
2206,8,1,B+,10,2026-06-16,2026-07-21,Available
2207,8,2,A+,10,2026-05-19,2026-06-30,Expired
2208,8,1,AB+,9,2026-06-03,2026-07-08,Expiring
2209,8,2,A+,2,2026-05-26,2026-07-07,Expiring
2210,8,2,A+,2,2026-05-25,2026-07-06,Expiring
2211,8,1,A-,6,2026-06-17,2026-07-22,Available
2212,8,3,O+,9,2025-09-29,2026-09-29,Available
2213,8,3,A+,8,2026-06-17,2027-06-17,Available
2214,8,2,A+,4,2026-06-24,2026-08-05,Available
2215,8,4,B+,8,2026-06-29,2026-07-04,Expired
2216,8,2,A+,8,2026-06-11,2026-07-23,Available
2217,8,4,AB+,3,2026-06-25,2026-06-30,Expired
2218,8,2,A-,10,2026-07-04,2026-08-15,Available
2219,8,1,A+,2,2026-06-11,2026-07-16,Allocated
2220,8,1,A+,8,2026-07-01,2026-08-05,Available
2221,8,1,AB+,8,2026-06-01,2026-07-06,Expiring
2222,8,2,B+,9,2026-06-11,2026-07-23,Available
2223,8,1,A+,10,2026-05-27,2026-07-01,Expired
2224,8,4,B+,9,2026-06-29,2026-07-04,Expired
2225,8,3,O+,3,2025-10-24,2026-10-24,Available
2226,8,3,B+,6,2026-04-30,2027-04-30,Available
2227,8,3,A+,8,2026-03-27,2027-03-27,Allocated
2228,8,3,A+,9,2026-06-16,2027-06-16,Available
2229,8,4,A+,1,2026-06-27,2026-07-02,Expired
2230,8,1,O+,3,2026-06-10,2026-07-15,Available
2231,8,4,O+,6,2026-07-02,2026-07-07,Expiring
2232,8,1,B+,5,2026-07-02,2026-08-06,Available
2233,8,3,A+,6,2025-07-31,2026-07-31,Available
2234,8,1,B-,7,2026-06-11,2026-07-16,Available
2235,8,3,A-,8,2026-01-17,2027-01-17,Available
2236,8,4,O+,2,2026-07-05,2026-07-10,Expiring
2237,8,1,AB+,5,2026-06-25,2026-07-30,Available
2238,8,4,A+,6,2026-07-03,2026-07-08,Expiring
2239,8,1,A+,5,2026-06-12,2026-07-17,Available
2240,8,4,AB+,7,2026-06-27,2026-07-02,Expired
2241,8,3,A-,10,2025-11-12,2026-11-12,Available
2242,8,2,O+,6,2026-06-27,2026-08-08,Available
2243,8,3,A+,5,2025-08-26,2026-08-26,Available
2244,8,1,B+,3,2026-06-20,2026-07-25,Available
2245,8,2,AB+,10,2026-05-19,2026-06-30,Expired
2246,8,3,A+,7,2026-02-18,2027-02-18,Available
2247,8,1,A-,4,2026-06-21,2026-07-26,Available
2248,8,2,A+,2,2026-05-30,2026-07-11,Available
2249,8,2,O+,5,2026-06-25,2026-08-06,Available
2250,8,3,B+,6,2025-07-22,2026-07-22,Available
2251,8,1,B-,8,2026-06-14,2026-07-19,Available
2252,8,2,B+,7,2026-06-14,2026-07-26,Available
2253,8,1,A+,3,2026-05-30,2026-07-04,Expired
2254,8,2,A+,10,2026-06-10,2026-07-22,Available
2255,8,3,A+,4,2025-07-15,2026-07-15,Available
2256,8,1,B-,6,2026-05-28,2026-07-02,Expired
2257,8,1,A+,4,2026-06-29,2026-08-03,Available
2258,8,1,A+,2,2026-06-03,2026-07-08,Expiring
2259,8,1,A-,7,2026-05-31,2026-07-05,Expiring
2260,8,2,A-,6,2026-06-12,2026-07-24,Available
2261,8,3,A+,8,2025-08-09,2026-08-09,Available
2262,8,3,A+,9,2025-12-20,2026-12-20,Available
2263,8,1,B+,6,2026-05-27,2026-07-01,Expired
2264,8,3,A-,5,2025-10-29,2026-10-29,Available
2265,8,3,A+,1,2026-03-13,2027-03-13,Available
2266,8,3,A-,10,2025-08-18,2026-08-18,Available
2267,8,1,A+,10,2026-06-03,2026-07-08,Expiring
2268,8,1,A+,2,2026-07-01,2026-08-05,Allocated
2269,8,4,A-,8,2026-06-26,2026-07-01,Expired
2270,8,4,B+,1,2026-07-03,2026-07-08,Expiring
2271,8,2,O+,9,2026-06-23,2026-08-04,Available
2272,8,1,A+,10,2026-06-14,2026-07-19,Available
2273,8,4,A+,2,2026-07-05,2026-07-10,Expiring
2274,8,1,AB+,4,2026-06-12,2026-07-17,Available
2275,8,1,O+,6,2026-06-30,2026-08-04,Available
2276,8,1,A+,6,2026-06-29,2026-08-03,Available
2277,8,1,B+,2,2026-06-23,2026-07-28,Available
2278,8,3,O+,6,2026-04-08,2027-04-08,Available
2279,8,2,B+,7,2026-06-22,2026-08-03,Available
2280,8,3,A+,2,2025-10-10,2026-10-10,Available
2281,8,3,A+,8,2025-11-29,2026-11-29,Available
2282,8,4,A-,1,2026-07-05,2026-07-10,Expiring
2283,8,3,B+,5,2025-08-22,2026-08-22,Allocated
2284,8,1,A-,2,2026-06-26,2026-07-31,Available
2285,8,2,B+,1,2026-06-30,2026-08-11,Available
2286,8,1,A+,8,2026-06-24,2026-07-29,Available
2287,8,3,A+,2,2025-10-08,2026-10-08,Available
2288,8,4,B+,8,2026-06-27,2026-07-02,Expired
2289,8,4,A+,1,2026-06-27,2026-07-02,Expired
2290,8,3,B+,3,2025-08-30,2026-08-30,Available
2291,8,4,B+,5,2026-07-05,2026-07-10,Expiring
2292,8,2,B-,3,2026-06-12,2026-07-24,Available
2293,8,2,B+,9,2026-06-03,2026-07-15,Available
2294,8,2,B+,7,2026-06-13,2026-07-25,Available
2295,8,1,AB-,6,2026-06-27,2026-08-01,Available
2296,8,4,A+,7,2026-06-29,2026-07-04,Expired
2297,8,3,A+,6,2026-06-06,2027-06-06,Available
2298,8,1,A+,9,2026-05-29,2026-07-03,Expired
2299,8,2,B+,8,2026-06-09,2026-07-21,Available
2300,8,1,A-,5,2026-06-18,2026-07-23,Available
2301,8,4,A+,8,2026-07-03,2026-07-08,Expiring
2302,8,1,A+,9,2026-06-14,2026-07-19,Available
2303,8,2,A+,5,2026-05-19,2026-06-30,Expired
2304,8,3,B-,6,2025-10-01,2026-10-01,Available
2305,8,1,AB+,6,2026-06-08,2026-07-13,Available
2306,8,3,B+,10,2026-01-24,2027-01-24,Available
2307,8,2,B+,3,2026-06-03,2026-07-15,Available
2308,8,1,A+,2,2026-05-27,2026-07-01,Expired
2309,8,1,A+,7,2026-06-30,2026-08-04,Allocated
2310,8,1,AB+,3,2026-07-04,2026-08-08,Allocated
2311,8,3,A+,1,2026-07-02,2027-07-02,Available
2312,8,4,B+,6,2026-07-01,2026-07-06,Expiring
2313,8,4,A+,4,2026-06-25,2026-06-30,Expired
2314,8,3,A+,4,2025-09-08,2026-09-08,Available
2315,8,4,A+,3,2026-07-02,2026-07-07,Expiring
2316,8,4,B+,2,2026-06-25,2026-06-30,Expired
2317,8,4,B-,6,2026-06-30,2026-07-05,Expiring
2318,8,3,AB+,4,2026-05-31,2027-05-31,Available
2319,8,2,A+,8,2026-06-14,2026-07-26,Available
2320,8,3,B-,7,2026-03-23,2027-03-23,Available
2321,8,1,A+,2,2026-06-24,2026-07-29,Available
2322,8,2,B+,9,2026-06-17,2026-07-29,Available
2323,8,2,O+,7,2026-06-11,2026-07-23,Available
2324,8,1,O+,3,2026-06-04,2026-07-09,Expiring
2325,8,1,AB+,4,2026-06-04,2026-07-09,Expiring
2326,8,4,O-,8,2026-06-29,2026-07-04,Expired
2327,8,1,A+,8,2026-05-26,2026-06-30,Expired
2328,8,3,A-,5,2025-07-02,2026-07-02,Expired
2329,8,4,O+,7,2026-06-25,2026-06-30,Expired
2330,8,1,A+,1,2026-06-26,2026-07-31,Available
2331,8,2,B+,3,2026-06-03,2026-07-15,Allocated
2332,8,4,A+,4,2026-07-01,2026-07-06,Expiring
2333,8,1,A+,9,2026-07-01,2026-08-05,Available
2334,8,3,A+,9,2026-04-08,2027-04-08,Available
2335,8,2,A+,3,2026-06-29,2026-08-10,Available
2336,8,2,A+,3,2026-07-01,2026-08-12,Available
2337,8,3,B+,1,2026-04-23,2027-04-23,Available
2338,8,3,A+,2,2025-08-20,2026-08-20,Available
2339,8,4,A+,2,2026-07-05,2026-07-10,Expiring
2340,8,4,B-,4,2026-06-27,2026-07-02,Expired
2341,8,1,A+,5,2026-06-09,2026-07-14,Available
2342,8,4,A+,9,2026-07-02,2026-07-07,Expiring
2343,8,4,B+,6,2026-06-28,2026-07-03,Expired
2344,8,3,O+,9,2026-06-23,2027-06-23,Available
2345,8,1,O+,7,2026-06-05,2026-07-10,Expiring
2346,8,1,O-,2,2026-06-02,2026-07-07,Expiring
2347,8,3,B+,8,2025-07-30,2026-07-30,Available
2348,8,3,B+,6,2026-04-04,2027-04-04,Available
2349,8,3,A+,5,2026-01-22,2027-01-22,Available
2350,8,4,A+,9,2026-06-30,2026-07-05,Expiring
2351,8,4,A+,5,2026-06-25,2026-06-30,Expired
2352,8,1,B+,3,2026-06-05,2026-07-10,Expiring
2353,8,3,B+,3,2025-12-23,2026-12-23,Available
2354,8,2,A+,6,2026-07-03,2026-08-14,Available
2355,8,2,A+,9,2026-06-30,2026-08-11,Available
2356,8,1,B+,7,2026-06-06,2026-07-11,Available
2357,8,2,A+,4,2026-05-31,2026-07-12,Available
2358,8,4,B+,1,2026-06-29,2026-07-04,Expired
2359,8,4,AB+,3,2026-06-27,2026-07-02,Expired
2360,8,2,B+,8,2026-05-21,2026-07-02,Expired
2361,8,1,O+,8,2026-06-28,2026-08-02,Available
2362,8,4,B+,4,2026-06-28,2026-07-03,Expired
2363,8,1,A+,8,2026-06-23,2026-07-28,Available
2364,8,2,B+,4,2026-05-20,2026-07-01,Expired
2365,8,2,O+,10,2026-05-30,2026-07-11,Allocated
2366,8,2,B+,6,2026-07-04,2026-08-15,Available
2367,8,2,B+,10,2026-06-26,2026-08-07,Allocated
2368,8,1,A+,4,2026-05-27,2026-07-01,Expired
2369,8,3,B-,3,2025-12-07,2026-12-07,Allocated
2370,8,4,O+,6,2026-06-29,2026-07-04,Expired
2371,8,3,A+,10,2025-08-03,2026-08-03,Available
2372,8,2,B-,4,2026-06-16,2026-07-28,Available
2373,8,3,A+,4,2026-04-23,2027-04-23,Available
2374,8,2,AB+,6,2026-06-15,2026-07-27,Available
2375,8,3,A+,10,2026-03-02,2027-03-02,Available
2376,8,3,A+,4,2025-10-02,2026-10-02,Available
