request_id,hospital_id,component_id,blood_group,units_requested,request_date,status,priority,event_type
1,7,1,A+,5,2024-07-05,Fulfilled,Emergency,None
2,1,1,A+,1,2024-07-05,Fulfilled,Routine,None
3,2,2,A+,3,2024-07-05,Fulfilled,Urgent,None
4,7,4,A+,2,2024-07-05,Fulfilled,Routine,None
5,7,1,B+,1,2024-07-05,Fulfilled,Routine,None
6,5,3,B+,3,2024-07-05,Fulfilled,Emergency,None
7,6,2,B+,2,2024-07-06,Fulfilled,Routine,None
8,3,1,A+,2,2024-07-06,Fulfilled,Routine,None
9,2,4,O+,1,2024-07-06,Fulfilled,Routine,None
10,5,4,A+,2,2024-07-06,Fulfilled,Routine,None
11,3,2,B+,3,2024-07-06,Fulfilled,Routine,None
12,8,1,B+,2,2024-07-06,Fulfilled,Routine,None
13,4,2,A+,8,2024-07-07,Fulfilled,Routine,None
14,3,4,A+,2,2024-07-07,Fulfilled,Routine,None
15,5,4,A+,3,2024-07-07,Fulfilled,Routine,None
16,1,2,AB-,7,2024-07-07,Fulfilled,Emergency,None
17,6,1,B-,1,2024-07-07,Fulfilled,Routine,None
18,1,1,O+,2,2024-07-07,Fulfilled,Routine,None
19,6,4,O+,2,2024-07-07,Cancelled,Routine,None
20,3,1,B+,1,2024-07-07,Fulfilled,Routine,None
21,6,3,B+,2,2024-07-08,Fulfilled,Routine,None
22,2,3,A+,2,2024-07-08,Fulfilled,Urgent,None
23,1,1,A-,3,2024-07-08,Fulfilled,Routine,None
24,8,4,A+,3,2024-07-08,Fulfilled,Routine,None
25,1,3,A+,4,2024-07-08,Fulfilled,Routine,None
26,2,1,A-,5,2024-07-08,Fulfilled,Urgent,None
27,1,1,A-,1,2024-07-08,Fulfilled,Routine,None
28,5,4,AB-,1,2024-07-08,Fulfilled,Routine,None
29,8,3,B+,2,2024-07-08,Fulfilled,Routine,None
30,6,4,A+,2,2024-07-08,Fulfilled,Routine,None
31,3,1,A+,1,2024-07-08,Fulfilled,Routine,None
32,2,3,A+,3,2024-07-08,Fulfilled,Urgent,None
33,8,1,A+,1,2024-07-08,Fulfilled,Routine,None
34,8,1,B-,2,2024-07-09,Fulfilled,Emergency,None
35,2,2,B+,1,2024-07-09,Fulfilled,Routine,None
36,4,2,A+,3,2024-07-09,Fulfilled,Routine,None
37,1,2,A+,6,2024-07-09,Fulfilled,Urgent,None
38,4,4,B+,3,2024-07-10,Fulfilled,Routine,None
39,8,4,A-,2,2024-07-10,Cancelled,Routine,None
40,8,4,B+,1,2024-07-10,Cancelled,Routine,None
41,4,2,O+,2,2024-07-10,Fulfilled,Urgent,None
42,8,4,O+,3,2024-07-11,Fulfilled,Routine,None
43,2,2,O+,1,2024-07-11,Fulfilled,Routine,None
44,4,4,O+,8,2024-07-11,Fulfilled,Routine,None
45,3,1,B+,1,2024-07-11,Fulfilled,Routine,None
46,5,3,A+,2,2024-07-11,Fulfilled,Routine,None
47,6,2,A+,4,2024-07-11,Fulfilled,Urgent,None
48,7,2,A-,2,2024-07-11,Fulfilled,Routine,None
49,1,2,A-,3,2024-07-11,Fulfilled,Routine,None
50,3,4,B+,3,2024-07-12,Fulfilled,Urgent,None
51,3,2,B-,3,2024-07-12,Fulfilled,Routine,None
52,8,1,A-,1,2024-07-12,Fulfilled,Routine,None
53,6,2,A+,3,2024-07-12,Fulfilled,Urgent,None
54,4,2,O+,5,2024-07-12,Fulfilled,Routine,None
55,7,3,AB-,1,2024-07-12,Fulfilled,Routine,None
56,8,2,A+,3,2024-07-12,Fulfilled,Routine,None
57,2,3,B+,4,2024-07-12,Fulfilled,Emergency,None
58,2,3,B-,3,2024-07-12,Fulfilled,Urgent,None
59,1,4,A+,1,2024-07-12,Fulfilled,Routine,None
60,4,3,A+,16,2024-07-13,Fulfilled,Urgent,None
61,3,1,A+,2,2024-07-13,Fulfilled,Emergency,None
62,2,2,B+,4,2024-07-13,Fulfilled,Routine,None
63,6,3,A+,5,2024-07-13,Fulfilled,Urgent,None
64,8,2,A+,7,2024-07-13,Fulfilled,Urgent,None
65,2,3,AB+,1,2024-07-13,Fulfilled,Routine,None
66,1,3,A+,1,2024-07-13,Fulfilled,Routine,None
67,4,3,A-,6,2024-07-13,Fulfilled,Urgent,None
68,5,4,A+,1,2024-07-13,Fulfilled,Routine,None
69,5,1,B+,1,2024-07-13,Fulfilled,Routine,None
70,6,1,B+,3,2024-07-13,Fulfilled,Routine,None
71,3,3,B+,6,2024-07-13,Fulfilled,Emergency,None
72,3,3,B+,2,2024-07-13,Fulfilled,Routine,None
73,6,1,B+,1,2024-07-13,Fulfilled,Routine,None
74,4,2,B+,4,2024-07-13,Fulfilled,Routine,None
75,2,3,AB+,1,2024-07-14,Fulfilled,Routine,None
76,8,4,O+,3,2024-07-14,Fulfilled,Routine,None
77,7,2,A+,2,2024-07-14,Fulfilled,Routine,None
78,7,4,A+,3,2024-07-14,Fulfilled,Urgent,None
79,2,1,A+,2,2024-07-14,Fulfilled,Routine,None
80,1,2,B+,1,2024-07-14,Fulfilled,Routine,None
81,4,3,A+,6,2024-07-15,Fulfilled,Routine,None
82,3,2,B+,1,2024-07-15,Fulfilled,Routine,None
83,1,1,A-,3,2024-07-15,Fulfilled,Urgent,None
84,6,1,A+,2,2024-07-15,Fulfilled,Urgent,None
85,1,4,A+,1,2024-07-15,Fulfilled,Routine,None
86,7,1,B+,1,2024-07-15,Fulfilled,Routine,None
87,4,4,A-,5,2024-07-15,Fulfilled,Routine,None
88,2,2,B+,2,2024-07-16,Cancelled,Routine,None
89,8,3,A-,5,2024-07-16,Fulfilled,Routine,None
90,1,3,B+,2,2024-07-16,Fulfilled,Routine,None
91,7,1,B+,1,2024-07-16,Fulfilled,Routine,None
92,2,1,A+,1,2024-07-16,Fulfilled,Routine,None
93,7,3,B+,2,2024-07-16,Fulfilled,Routine,None
94,8,3,O+,3,2024-07-17,Fulfilled,Emergency,None
95,8,3,B+,3,2024-07-17,Fulfilled,Urgent,None
96,7,2,A+,2,2024-07-17,Fulfilled,Routine,None
97,7,1,B+,4,2024-07-18,Fulfilled,Emergency,None
98,5,4,O+,2,2024-07-18,Fulfilled,Emergency,None
99,3,4,O+,3,2024-07-18,Fulfilled,Urgent,None
100,4,2,A+,2,2024-07-18,Fulfilled,Routine,None
101,6,2,A+,1,2024-07-18,Fulfilled,Routine,None
102,3,2,B+,2,2024-07-18,Fulfilled,Routine,None
103,1,2,A+,3,2024-07-18,Fulfilled,Emergency,None
104,8,4,A+,8,2024-07-19,Fulfilled,Urgent,None
105,4,2,A+,5,2024-07-19,Fulfilled,Routine,None
106,7,1,O+,3,2024-07-19,Cancelled,Emergency,None
107,4,1,A+,2,2024-07-19,Fulfilled,Routine,None
108,7,2,B+,1,2024-07-19,Fulfilled,Routine,None
109,7,3,O+,7,2024-07-19,Fulfilled,Emergency,None
110,4,1,A+,3,2024-07-19,Fulfilled,Routine,None
111,6,3,B+,1,2024-07-20,Fulfilled,Routine,None
112,6,4,O-,2,2024-07-20,Fulfilled,Routine,None
113,3,3,O+,1,2024-07-20,Fulfilled,Routine,None
114,4,1,A+,1,2024-07-20,Fulfilled,Routine,None
115,3,2,A-,1,2024-07-20,Fulfilled,Routine,None
116,4,4,O+,5,2024-07-21,Fulfilled,Routine,None
117,4,2,B+,3,2024-07-21,Fulfilled,Urgent,None
118,5,4,A+,2,2024-07-21,Fulfilled,Routine,None
119,3,4,A+,2,2024-07-21,Fulfilled,Routine,None
120,1,2,A+,3,2024-07-21,Fulfilled,Routine,None
121,3,2,A+,5,2024-07-21,Fulfilled,Emergency,None
122,5,3,B+,3,2024-07-21,Fulfilled,Routine,None
123,2,2,O+,2,2024-07-21,Fulfilled,Routine,None
124,6,2,A+,1,2024-07-21,Fulfilled,Routine,None
125,1,3,A+,4,2024-07-21,Fulfilled,Urgent,None
126,8,1,A+,1,2024-07-22,Fulfilled,Routine,None
127,3,1,A+,5,2024-07-22,Cancelled,Emergency,None
128,4,2,B-,3,2024-07-22,Fulfilled,Routine,None
129,5,2,B+,1,2024-07-22,Fulfilled,Routine,None
130,5,4,A+,4,2024-07-22,Fulfilled,Urgent,None
131,8,2,A+,4,2024-07-22,Fulfilled,Urgent,None
132,6,1,A+,1,2024-07-22,Fulfilled,Routine,None
133,2,1,A+,2,2024-07-22,Fulfilled,Urgent,None
134,5,4,B+,2,2024-07-22,Fulfilled,Routine,None
135,5,4,B+,6,2024-07-22,Fulfilled,Emergency,None
136,7,3,A+,1,2024-07-23,Fulfilled,Routine,None
137,7,1,B+,1,2024-07-23,Fulfilled,Routine,None
138,6,3,A+,3,2024-07-23,Fulfilled,Emergency,None
139,7,1,B+,3,2024-07-24,Fulfilled,Routine,None
140,8,4,B+,3,2024-07-24,Fulfilled,Routine,None
141,8,2,A+,3,2024-07-24,Fulfilled,Routine,None
142,2,4,B+,1,2024-07-24,Fulfilled,Routine,None
143,1,1,A+,1,2024-07-24,Fulfilled,Routine,None
144,8,3,AB+,10,2024-07-25,Fulfilled,Urgent,None
145,8,3,A-,5,2024-07-25,Fulfilled,Urgent,None
146,1,2,B+,3,2024-07-25,Fulfilled,Routine,None
147,8,1,B+,1,2024-07-25,Fulfilled,Routine,None
148,7,2,B+,2,2024-07-26,Fulfilled,Urgent,None
149,4,4,B+,5,2024-07-26,Fulfilled,Routine,None
150,2,4,B+,2,2024-07-26,Fulfilled,Routine,None
151,5,1,A+,1,2024-07-26,Fulfilled,Routine,None
152,2,1,O-,2,2024-07-26,Fulfilled,Routine,None
153,6,2,A+,1,2024-07-26,Fulfilled,Urgent,None
154,1,1,O+,2,2024-07-26,Fulfilled,Routine,None
155,4,4,O-,3,2024-07-26,Fulfilled,Routine,None
156,3,2,B+,1,2024-07-27,Fulfilled,Routine,None
157,6,3,AB-,4,2024-07-27,Fulfilled,Urgent,None
158,7,2,A+,3,2024-07-27,Fulfilled,Urgent,None
159,7,3,A-,5,2024-07-27,Fulfilled,Urgent,None
160,4,1,O+,8,2024-07-27,Fulfilled,Urgent,None
161,8,4,B+,3,2024-07-27,Fulfilled,Routine,None
162,7,2,O+,1,2024-07-27,Fulfilled,Routine,None
163,2,2,A-,2,2024-07-27,Fulfilled,Urgent,None
164,6,1,B-,1,2024-07-27,Fulfilled,Routine,None
165,3,2,O+,1,2024-07-27,Fulfilled,Routine,None
166,3,3,A+,3,2024-07-27,Fulfilled,Urgent,None
167,1,4,A+,6,2024-07-27,Fulfilled,Emergency,None
168,3,4,A+,1,2024-07-27,Fulfilled,Urgent,None
169,6,4,A+,2,2024-07-28,Fulfilled,Routine,None
170,3,4,B-,1,2024-07-28,Fulfilled,Routine,None
171,7,1,A+,3,2024-07-28,Fulfilled,Urgent,None
172,8,2,A+,2,2024-07-28,Fulfilled,Urgent,None
173,8,3,A+,4,2024-07-28,Fulfilled,Urgent,None
174,7,1,O-,2,2024-07-28,Fulfilled,Routine,None
175,7,1,A+,2,2024-07-28,Fulfilled,Routine,None
176,5,1,A+,3,2024-07-29,Fulfilled,Urgent,None
177,3,1,AB+,2,2024-07-29,Fulfilled,Routine,None
178,7,4,A+,2,2024-07-29,Fulfilled,Routine,None
179,6,1,A+,3,2024-07-29,Fulfilled,Urgent,None
180,1,4,B+,1,2024-07-29,Fulfilled,Routine,None
181,1,1,O+,1,2024-07-30,Fulfilled,Routine,None
182,5,2,A-,8,2024-07-30,Fulfilled,Urgent,None
183,3,2,O+,6,2024-07-30,Fulfilled,Emergency,None
184,3,1,A+,2,2024-07-30,Fulfilled,Routine,None
185,7,1,A+,9,2024-07-30,Fulfilled,Emergency,None
186,2,4,A+,4,2024-07-30,Fulfilled,Emergency,None
187,6,2,A+,6,2024-07-30,Fulfilled,Emergency,None
188,4,4,B-,6,2024-07-31,Fulfilled,Emergency,None
189,3,4,A+,1,2024-07-31,Fulfilled,Routine,None
190,2,1,O+,1,2024-07-31,Fulfilled,Routine,None
191,5,4,AB+,1,2024-07-31,Fulfilled,Routine,None
192,6,3,B+,3,2024-07-31,Fulfilled,Routine,None
193,4,2,A+,3,2024-07-31,Fulfilled,Routine,None
194,2,1,A+,2,2024-07-31,Fulfilled,Routine,None
195,6,1,A-,3,2024-07-31,Fulfilled,Routine,None
196,5,2,A-,1,2024-07-31,Fulfilled,Routine,None
197,1,3,B+,2,2024-08-01,Fulfilled,Routine,None
198,8,4,A-,2,2024-08-01,Fulfilled,Routine,None
199,7,1,A+,2,2024-08-01,Fulfilled,Routine,None
200,6,4,O+,1,2024-08-01,Fulfilled,Routine,None
201,1,4,B+,2,2024-08-01,Fulfilled,Routine,None
202,8,4,AB+,1,2024-08-01,Fulfilled,Routine,None
203,7,1,O+,1,2024-08-02,Fulfilled,Routine,None
204,8,3,B+,7,2024-08-02,Fulfilled,Emergency,None
205,5,3,A-,2,2024-08-02,Fulfilled,Urgent,None
206,4,1,A+,3,2024-08-02,Fulfilled,Routine,None
207,4,1,A-,3,2024-08-02,Fulfilled,Routine,None
208,1,1,B+,5,2024-08-02,Fulfilled,Routine,None
209,7,3,AB+,2,2024-08-02,Fulfilled,Routine,None
210,6,4,A-,2,2024-08-02,Fulfilled,Routine,None
211,2,3,A+,1,2024-08-02,Fulfilled,Routine,None
212,2,4,B+,7,2024-08-02,Fulfilled,Urgent,None
213,4,3,B-,4,2024-08-02,Fulfilled,Urgent,None
214,6,4,A+,1,2024-08-02,Fulfilled,Routine,None
215,5,3,A+,1,2024-08-02,Fulfilled,Routine,None
216,7,4,A+,1,2024-08-02,Fulfilled,Routine,None
217,6,1,O+,3,2024-08-03,Fulfilled,Urgent,None
218,3,3,A+,2,2024-08-03,Fulfilled,Routine,None
219,6,2,B+,1,2024-08-03,Fulfilled,Routine,None
220,6,2,O-,1,2024-08-03,Fulfilled,Routine,None
221,8,4,B+,3,2024-08-03,Fulfilled,Urgent,None
222,3,1,A-,1,2024-08-03,Fulfilled,Routine,None
223,1,1,O-,1,2024-08-03,Fulfilled,Routine,None
224,1,3,A+,3,2024-08-03,Fulfilled,Routine,None
225,5,4,B+,1,2024-08-04,Fulfilled,Routine,None
226,1,3,A+,3,2024-08-04,Fulfilled,Routine,None
227,6,1,O+,2,2024-08-04,Fulfilled,Urgent,None
228,5,3,B+,2,2024-08-04,Fulfilled,Routine,None
229,7,4,O+,2,2024-08-04,Fulfilled,Routine,None
230,1,2,A+,1,2024-08-04,Fulfilled,Routine,None
231,6,1,A-,2,2024-08-04,Fulfilled,Routine,None
232,6,4,AB+,1,2024-08-05,Fulfilled,Routine,None
233,4,4,O-,2,2024-08-05,Cancelled,Routine,None
234,6,3,A+,2,2024-08-05,Fulfilled,Routine,None
235,5,4,A+,2,2024-08-05,Fulfilled,Urgent,None
236,2,2,A+,3,2024-08-05,Fulfilled,Routine,None
237,2,1,A+,1,2024-08-05,Fulfilled,Routine,None
238,2,1,O+,1,2024-08-05,Fulfilled,Routine,None
239,4,2,B+,9,2024-08-05,Fulfilled,Routine,None
240,6,3,A+,2,2024-08-05,Fulfilled,Routine,None
241,6,4,O+,2,2024-08-06,Fulfilled,Routine,None
242,1,2,A+,1,2024-08-06,Fulfilled,Routine,None
243,2,2,B+,2,2024-08-06,Fulfilled,Routine,None
244,5,4,A+,5,2024-08-06,Fulfilled,Routine,None
245,2,2,A+,2,2024-08-06,Fulfilled,Routine,None
246,1,4,A+,1,2024-08-07,Fulfilled,Routine,None
247,5,2,B+,2,2024-08-07,Fulfilled,Routine,None
248,4,1,A+,4,2024-08-07,Fulfilled,Routine,None
249,2,2,O+,4,2024-08-07,Fulfilled,Routine,None
250,4,2,A+,3,2024-08-07,Fulfilled,Routine,None
251,4,2,A+,8,2024-08-07,Fulfilled,Urgent,None
252,8,4,B+,2,2024-08-07,Fulfilled,Routine,None
253,7,4,AB+,6,2024-08-07,Fulfilled,Urgent,None
254,5,1,O-,1,2024-08-08,Fulfilled,Urgent,None
255,8,2,A+,2,2024-08-08,Fulfilled,Routine,None
256,3,4,A+,1,2024-08-08,Fulfilled,Routine,None
257,1,1,B+,2,2024-08-08,Fulfilled,Urgent,None
258,6,1,A+,5,2024-08-08,Fulfilled,Emergency,None
259,8,4,B+,1,2024-08-08,Fulfilled,Routine,None
260,7,3,A+,8,2024-08-09,Fulfilled,Emergency,Festival
261,4,4,A+,2,2024-08-09,Fulfilled,Urgent,Festival
262,7,4,O+,2,2024-08-09,Fulfilled,Emergency,Festival
263,8,2,O+,2,2024-08-09,Fulfilled,Emergency,Festival
264,2,3,AB+,2,2024-08-09,Fulfilled,Emergency,Festival
265,4,1,A+,10,2024-08-10,Fulfilled,Emergency,Festival
266,7,2,O-,8,2024-08-10,Fulfilled,Emergency,Festival
267,3,2,A+,5,2024-08-10,Fulfilled,Emergency,Festival
268,1,4,A+,4,2024-08-10,Fulfilled,Urgent,Festival
269,7,3,O+,3,2024-08-10,Fulfilled,Emergency,Festival
270,5,4,B+,5,2024-08-10,Fulfilled,Emergency,Festival
271,5,1,B+,9,2024-08-10,Fulfilled,Emergency,Festival
272,2,2,O+,9,2024-08-10,Fulfilled,Emergency,Festival
273,2,4,O+,4,2024-08-10,Fulfilled,Emergency,Festival
274,1,3,A-,4,2024-08-10,Fulfilled,Emergency,Festival
275,4,1,O-,5,2024-08-10,Fulfilled,Urgent,Festival
276,3,2,O+,2,2024-08-10,Fulfilled,Urgent,Festival
277,6,3,A+,3,2024-08-10,Cancelled,Emergency,Festival
278,6,1,B-,4,2024-08-10,Fulfilled,Emergency,Festival
279,8,1,A-,3,2024-08-10,Fulfilled,Emergency,Festival
280,2,3,O+,2,2024-08-11,Fulfilled,Urgent,None
281,1,1,B+,3,2024-08-11,Fulfilled,Emergency,None
282,2,1,B+,1,2024-08-11,Fulfilled,Routine,None
283,5,2,A+,2,2024-08-11,Fulfilled,Routine,None
284,5,3,O+,1,2024-08-11,Fulfilled,Routine,None
285,2,2,O+,2,2024-08-11,Fulfilled,Routine,None
286,4,3,B+,4,2024-08-11,Fulfilled,Routine,None
287,5,2,B-,2,2024-08-11,Fulfilled,Routine,None
288,8,3,A-,3,2024-08-12,Fulfilled,Urgent,None
289,8,1,A+,4,2024-08-12,Fulfilled,Emergency,None
290,2,3,A+,4,2024-08-12,Fulfilled,Routine,None
291,1,3,B-,2,2024-08-12,Fulfilled,Routine,None
292,6,3,A+,1,2024-08-12,Fulfilled,Routine,None
293,4,3,A+,3,2024-08-12,Fulfilled,Routine,None
294,5,4,A-,1,2024-08-12,Fulfilled,Routine,None
295,7,2,AB+,1,2024-08-13,Fulfilled,Urgent,None
296,2,2,A+,3,2024-08-13,Fulfilled,Urgent,None
297,6,2,A+,1,2024-08-13,Fulfilled,Routine,None
298,1,2,B+,2,2024-08-13,Fulfilled,Emergency,None
299,5,1,B+,1,2024-08-13,Fulfilled,Routine,None
300,2,4,A+,1,2024-08-13,Fulfilled,Routine,None
301,8,3,O+,6,2024-08-14,Fulfilled,Emergency,Festival
302,4,1,O+,10,2024-08-14,Fulfilled,Emergency,Festival
303,2,2,B+,9,2024-08-14,Fulfilled,Emergency,Festival
304,8,3,A+,3,2024-08-14,Fulfilled,Emergency,Festival
305,8,2,O+,5,2024-08-14,Fulfilled,Emergency,Festival
306,8,2,A+,5,2024-08-14,Fulfilled,Emergency,Festival
307,4,3,O+,12,2024-08-14,Fulfilled,Emergency,Festival
308,1,2,A-,3,2024-08-14,Fulfilled,Emergency,Festival
309,6,2,A-,5,2024-08-15,Fulfilled,Emergency,Festival
310,6,3,B+,5,2024-08-15,Fulfilled,Emergency,Festival
311,7,4,O+,2,2024-08-15,Fulfilled,Urgent,Festival
312,3,2,B+,6,2024-08-16,Fulfilled,Emergency,Accident
313,8,1,O+,8,2024-08-16,Fulfilled,Emergency,Accident
314,3,4,O+,4,2024-08-16,Fulfilled,Emergency,Accident
315,5,2,A-,5,2024-08-16,Fulfilled,Emergency,Accident
316,1,4,B+,3,2024-08-16,Fulfilled,Urgent,Accident
317,7,4,B+,4,2024-08-16,Fulfilled,Emergency,Accident
318,4,4,A+,8,2024-08-16,Fulfilled,Emergency,Accident
319,2,4,A+,4,2024-08-16,Fulfilled,Urgent,Accident
320,4,1,AB+,4,2024-08-16,Fulfilled,Urgent,Accident
321,2,1,A+,5,2024-08-16,Fulfilled,Emergency,Accident
322,6,2,A+,2,2024-08-16,Fulfilled,Emergency,Accident
323,2,1,A+,4,2024-08-16,Fulfilled,Emergency,Accident
324,7,4,A+,7,2024-08-16,Fulfilled,Emergency,Accident
325,7,4,A+,2,2024-08-16,Fulfilled,Emergency,Accident
326,6,2,A+,2,2024-08-16,Fulfilled,Urgent,Accident
327,2,3,B-,2,2024-08-16,Fulfilled,Emergency,Accident
328,8,2,O+,7,2024-08-16,Fulfilled,Emergency,Accident
329,5,3,A+,8,2024-08-16,Fulfilled,Emergency,Accident
330,3,2,A+,2,2024-08-16,Fulfilled,Emergency,Accident
331,7,1,O-,6,2024-08-16,Fulfilled,Emergency,Accident
332,8,1,O+,4,2024-08-16,Fulfilled,Urgent,Accident
333,3,3,O-,1,2024-08-16,Fulfilled,Urgent,Accident
334,2,1,B+,3,2024-08-16,Fulfilled,Urgent,Accident
335,5,1,A+,2,2024-08-17,Fulfilled,Routine,None
336,7,3,O+,1,2024-08-17,Fulfilled,Urgent,None
337,7,2,AB+,1,2024-08-17,Fulfilled,Routine,None
338,2,2,A+,3,2024-08-17,Fulfilled,Routine,None
339,8,3,A+,3,2024-08-17,Fulfilled,Emergency,None
340,6,2,B+,1,2024-08-17,Fulfilled,Routine,None
341,8,1,A-,1,2024-08-18,Fulfilled,Routine,None
342,7,2,B+,1,2024-08-18,Fulfilled,Routine,None
343,5,1,A-,2,2024-08-18,Fulfilled,Routine,None
344,3,3,AB+,6,2024-08-18,Fulfilled,Emergency,None
345,1,1,B+,2,2024-08-18,Fulfilled,Routine,None
346,8,1,A-,3,2024-08-18,Fulfilled,Urgent,None
347,2,1,B+,1,2024-08-18,Fulfilled,Routine,None
348,3,2,O+,1,2024-08-18,Fulfilled,Routine,None
349,4,2,A+,2,2024-08-19,Fulfilled,Routine,None
350,7,4,B+,1,2024-08-19,Fulfilled,Routine,None
351,4,1,AB+,9,2024-08-19,Fulfilled,Routine,None
352,1,2,A+,1,2024-08-19,Fulfilled,Routine,None
353,1,3,A+,1,2024-08-20,Fulfilled,Routine,None
354,1,2,A-,1,2024-08-21,Fulfilled,Routine,None
355,7,4,A+,2,2024-08-21,Cancelled,Routine,None
356,7,2,B+,1,2024-08-21,Fulfilled,Routine,None
357,3,1,B+,1,2024-08-21,Fulfilled,Routine,None
358,2,4,A+,1,2024-08-22,Fulfilled,Routine,None
359,8,1,A-,1,2024-08-22,Fulfilled,Routine,None
360,7,1,A-,2,2024-08-22,Fulfilled,Urgent,None
361,2,3,AB-,2,2024-08-22,Fulfilled,Emergency,None
362,1,1,A+,2,2024-08-22,Fulfilled,Routine,None
363,1,3,B+,2,2024-08-22,Fulfilled,Routine,None
364,2,3,A+,1,2024-08-23,Fulfilled,Routine,None
365,1,4,B+,1,2024-08-23,Fulfilled,Routine,None
366,2,1,O+,1,2024-08-23,Fulfilled,Routine,None
367,6,4,B+,1,2024-08-23,Fulfilled,Routine,None
368,4,3,A+,5,2024-08-23,Fulfilled,Routine,None
369,1,4,AB-,2,2024-08-23,Fulfilled,Routine,None
370,2,4,AB+,2,2024-08-24,Fulfilled,Routine,None
371,4,1,A+,3,2024-08-24,Fulfilled,Routine,None
372,2,4,A+,3,2024-08-24,Fulfilled,Urgent,None
373,4,2,AB+,1,2024-08-24,Fulfilled,Routine,None
374,7,1,B+,6,2024-08-24,Fulfilled,Emergency,None
375,2,1,O+,2,2024-08-25,Fulfilled,Routine,None
376,4,1,O+,5,2024-08-25,Fulfilled,Urgent,None
377,2,4,B+,4,2024-08-25,Fulfilled,Urgent,None
378,5,1,A+,2,2024-08-25,Fulfilled,Routine,None
379,7,3,B+,3,2024-08-25,Fulfilled,Routine,None
380,1,3,A+,2,2024-08-25,Fulfilled,Routine,None
381,2,2,AB-,1,2024-08-25,Fulfilled,Routine,None
382,6,2,O-,1,2024-08-25,Fulfilled,Routine,None
383,4,3,A+,3,2024-08-25,Fulfilled,Routine,None
384,7,3,A+,1,2024-08-25,Fulfilled,Routine,None
385,6,3,B-,1,2024-08-25,Fulfilled,Routine,None
386,5,1,A+,2,2024-08-25,Fulfilled,Routine,None
387,2,4,A+,3,2024-08-26,Fulfilled,Emergency,None
388,6,4,B+,1,2024-08-26,Fulfilled,Routine,None
389,3,3,AB+,1,2024-08-26,Fulfilled,Emergency,None
390,6,1,A-,1,2024-08-26,Fulfilled,Routine,None
391,2,1,A+,1,2024-08-27,Fulfilled,Urgent,None
392,1,2,B+,2,2024-08-27,Fulfilled,Routine,None
393,2,3,B+,5,2024-08-27,Fulfilled,Urgent,None
394,8,4,A-,2,2024-08-27,Fulfilled,Routine,None
395,4,1,AB+,5,2024-08-27,Fulfilled,Routine,None
396,4,4,A-,5,2024-08-27,Fulfilled,Routine,None
397,4,2,B+,5,2024-08-27,Fulfilled,Routine,None
398,6,3,O-,3,2024-08-27,Fulfilled,Urgent,None
399,6,2,A+,1,2024-08-27,Fulfilled,Routine,None
400,8,2,A+,2,2024-08-27,Fulfilled,Routine,None
401,3,1,A+,5,2024-08-27,Fulfilled,Urgent,None
402,4,2,A+,4,2024-08-27,Fulfilled,Routine,None
403,7,4,AB+,1,2024-08-27,Fulfilled,Routine,None
404,5,2,O-,3,2024-08-28,Fulfilled,Emergency,None
405,7,1,A+,2,2024-08-28,Cancelled,Routine,None
406,4,3,O+,3,2024-08-28,Fulfilled,Routine,None
407,6,2,A+,2,2024-08-28,Fulfilled,Routine,None
408,1,3,AB+,2,2024-08-28,Fulfilled,Routine,None
409,8,3,B+,2,2024-08-28,Fulfilled,Routine,None
410,5,1,B+,1,2024-08-29,Fulfilled,Routine,None
411,8,2,AB+,3,2024-08-29,Fulfilled,Emergency,None
412,4,1,O+,3,2024-08-29,Fulfilled,Routine,None
413,1,3,B+,3,2024-08-29,Fulfilled,Emergency,None
414,8,4,B+,2,2024-08-29,Fulfilled,Routine,None
415,5,3,A-,3,2024-08-29,Fulfilled,Routine,None
416,3,3,O+,1,2024-08-29,Cancelled,Routine,None
417,3,4,A+,4,2024-08-30,Fulfilled,Urgent,None
418,2,2,A+,3,2024-08-30,Fulfilled,Routine,None
419,7,4,A-,2,2024-08-30,Fulfilled,Urgent,None
420,3,2,A+,1,2024-08-30,Fulfilled,Routine,None
421,5,3,B+,2,2024-08-30,Fulfilled,Routine,None
422,6,2,B+,1,2024-08-30,Fulfilled,Urgent,None
423,8,2,A-,7,2024-08-30,Fulfilled,Emergency,None
424,4,2,B+,3,2024-08-30,Fulfilled,Routine,None
425,7,1,A+,9,2024-08-31,Fulfilled,Emergency,None
426,4,3,A+,3,2024-08-31,Fulfilled,Urgent,None
427,6,1,AB+,3,2024-08-31,Fulfilled,Urgent,None
428,4,4,A+,2,2024-08-31,Fulfilled,Routine,None
429,8,2,O+,1,2024-08-31,Fulfilled,Routine,None
430,5,1,B+,1,2024-08-31,Fulfilled,Routine,None
431,6,2,A+,1,2024-08-31,Fulfilled,Routine,None
432,8,2,AB+,3,2024-08-31,Cancelled,Routine,None
433,3,2,A+,2,2024-08-31,Fulfilled,Routine,None
434,8,3,A+,1,2024-08-31,Fulfilled,Routine,None
435,7,2,A-,1,2024-08-31,Fulfilled,Routine,None
436,8,4,B-,2,2024-09-01,Fulfilled,Routine,None
437,1,1,A+,2,2024-09-01,Fulfilled,Routine,None
438,5,4,B+,1,2024-09-01,Fulfilled,Routine,None
439,3,3,B+,4,2024-09-01,Fulfilled,Urgent,None
440,6,1,B+,1,2024-09-01,Fulfilled,Routine,None
441,7,1,A+,1,2024-09-02,Fulfilled,Routine,None
442,1,4,O+,1,2024-09-02,Fulfilled,Routine,None
443,7,3,A+,3,2024-09-02,Fulfilled,Urgent,None
444,4,3,A+,9,2024-09-02,Fulfilled,Emergency,None
445,5,4,B+,1,2024-09-03,Fulfilled,Routine,None
446,4,2,B+,2,2024-09-03,Fulfilled,Routine,None
447,1,1,A+,4,2024-09-03,Fulfilled,Urgent,None
448,7,1,AB+,2,2024-09-03,Fulfilled,Routine,None
449,6,1,AB+,3,2024-09-03,Fulfilled,Routine,None
450,3,4,A+,1,2024-09-03,Fulfilled,Routine,None
451,6,1,O+,2,2024-09-04,Fulfilled,Routine,None
452,7,3,A+,6,2024-09-04,Fulfilled,Emergency,None
453,6,2,O-,1,2024-09-04,Fulfilled,Routine,None
454,6,2,A-,2,2024-09-04,Fulfilled,Urgent,None
455,2,1,O-,3,2024-09-05,Fulfilled,Urgent,None
456,2,3,A+,2,2024-09-05,Fulfilled,Urgent,None
457,8,3,B+,1,2024-09-05,Fulfilled,Routine,None
458,1,1,A-,1,2024-09-05,Fulfilled,Routine,None
459,5,1,AB+,5,2024-09-05,Fulfilled,Urgent,None
460,4,4,A-,2,2024-09-06,Fulfilled,Routine,None
461,4,2,A+,1,2024-09-06,Fulfilled,Routine,None
462,4,1,O-,14,2024-09-06,Fulfilled,Emergency,None
463,2,4,A+,3,2024-09-06,Fulfilled,Routine,None
464,5,3,A+,3,2024-09-06,Fulfilled,Routine,None
465,7,3,A-,2,2024-09-06,Fulfilled,Routine,None
466,6,2,B+,2,2024-09-07,Fulfilled,Urgent,None
467,7,1,A+,1,2024-09-07,Fulfilled,Routine,None
468,6,4,A-,1,2024-09-07,Fulfilled,Routine,None
469,1,3,O+,2,2024-09-07,Fulfilled,Routine,None
470,2,4,A-,1,2024-09-07,Fulfilled,Routine,None
471,3,1,A-,1,2024-09-07,Fulfilled,Routine,None
472,1,3,AB+,1,2024-09-07,Fulfilled,Urgent,None
473,5,2,O+,4,2024-09-07,Fulfilled,Routine,None
474,1,1,A+,4,2024-09-08,Fulfilled,Urgent,None
475,4,1,A-,1,2024-09-08,Fulfilled,Routine,None
476,6,4,B+,4,2024-09-08,Fulfilled,Routine,None
477,8,2,AB+,1,2024-09-08,Fulfilled,Routine,None
478,4,4,A+,10,2024-09-09,Fulfilled,Urgent,None
479,6,4,B+,1,2024-09-09,Fulfilled,Routine,None
480,8,1,B+,2,2024-09-09,Fulfilled,Routine,None
481,7,4,B+,1,2024-09-09,Fulfilled,Routine,None
482,1,3,B+,1,2024-09-09,Fulfilled,Routine,None
483,8,2,O+,3,2024-09-09,Fulfilled,Urgent,None
484,4,3,B+,4,2024-09-09,Fulfilled,Routine,None
485,1,4,A+,1,2024-09-09,Fulfilled,Routine,None
486,4,4,A+,2,2024-09-09,Fulfilled,Routine,None
487,7,1,A+,3,2024-09-09,Fulfilled,Emergency,None
488,3,3,A+,4,2024-09-10,Fulfilled,Emergency,None
489,5,4,B+,1,2024-09-10,Fulfilled,Routine,None
490,8,3,A+,1,2024-09-10,Fulfilled,Routine,None
491,5,4,AB-,1,2024-09-10,Fulfilled,Routine,None
492,4,1,A+,5,2024-09-10,Fulfilled,Routine,None
493,1,2,AB+,2,2024-09-10,Fulfilled,Routine,None
494,8,2,B+,2,2024-09-11,Fulfilled,Routine,None
495,6,4,A+,1,2024-09-11,Fulfilled,Routine,None
496,4,2,A+,5,2024-09-11,Fulfilled,Routine,None
497,1,2,O+,2,2024-09-12,Fulfilled,Routine,None
498,5,3,AB+,1,2024-09-12,Fulfilled,Routine,None
499,1,1,AB+,1,2024-09-12,Fulfilled,Routine,None
500,2,2,O+,1,2024-09-12,Fulfilled,Routine,None
501,5,2,O+,1,2024-09-13,Fulfilled,Routine,None
502,4,4,A+,5,2024-09-13,Fulfilled,Routine,None
503,5,3,B+,2,2024-09-13,Fulfilled,Routine,None
504,5,2,B-,1,2024-09-13,Cancelled,Routine,None
505,1,2,O+,1,2024-09-13,Fulfilled,Routine,None
506,4,1,B+,5,2024-09-13,Fulfilled,Urgent,None
507,1,1,B+,1,2024-09-14,Fulfilled,Routine,None
508,3,1,B+,1,2024-09-14,Fulfilled,Routine,None
509,5,1,B+,1,2024-09-14,Fulfilled,Routine,None
510,8,3,B+,1,2024-09-14,Fulfilled,Routine,None
511,4,2,B+,5,2024-09-14,Fulfilled,Routine,None
512,6,2,B+,2,2024-09-14,Fulfilled,Urgent,None
513,4,1,A+,4,2024-09-14,Cancelled,Routine,None
514,5,3,A+,6,2024-09-14,Fulfilled,Emergency,None
515,4,4,A+,3,2024-09-14,Fulfilled,Routine,None
516,8,3,O+,1,2024-09-14,Fulfilled,Routine,None
517,1,1,A+,1,2024-09-14,Fulfilled,Routine,None
518,3,3,A+,2,2024-09-14,Fulfilled,Routine,None
519,5,3,B+,2,2024-09-15,Fulfilled,Urgent,None
520,5,1,AB-,2,2024-09-15,Fulfilled,Emergency,None
521,6,4,O+,2,2024-09-16,Fulfilled,Routine,None
522,7,4,AB-,2,2024-09-16,Fulfilled,Urgent,None
523,1,3,AB+,4,2024-09-16,Fulfilled,Routine,None
524,3,1,A-,1,2024-09-16,Fulfilled,Routine,None
525,8,4,A+,2,2024-09-16,Fulfilled,Urgent,None
526,2,1,A+,3,2024-09-16,Fulfilled,Urgent,None
527,4,2,A+,4,2024-09-16,Fulfilled,Routine,None
528,4,3,B+,5,2024-09-16,Fulfilled,Routine,None
529,5,3,O+,2,2024-09-16,Fulfilled,Routine,None
530,5,1,B+,4,2024-09-16,Fulfilled,Routine,None
531,6,1,B-,1,2024-09-16,Fulfilled,Routine,None
532,4,3,O+,3,2024-09-16,Fulfilled,Routine,None
533,7,3,A+,2,2024-09-17,Fulfilled,Emergency,None
534,4,4,O+,3,2024-09-17,Fulfilled,Routine,None
535,2,1,A+,2,2024-09-18,Fulfilled,Routine,None
536,5,1,B+,2,2024-09-19,Fulfilled,Routine,None
537,3,1,AB+,8,2024-09-19,Fulfilled,Emergency,None
538,6,4,A+,1,2024-09-19,Fulfilled,Routine,None
539,6,1,AB-,12,2024-09-19,Fulfilled,Emergency,None
540,8,2,A+,2,2024-09-19,Fulfilled,Routine,None
541,8,1,B-,1,2024-09-19,Cancelled,Routine,None
542,8,1,A+,3,2024-09-19,Fulfilled,Routine,None
543,1,1,A+,3,2024-09-19,Fulfilled,Routine,None
544,6,2,A+,1,2024-09-19,Fulfilled,Urgent,None
545,4,1,AB+,2,2024-09-19,Fulfilled,Routine,None
546,5,3,B+,1,2024-09-20,Fulfilled,Routine,None
547,6,1,A+,1,2024-09-20,Fulfilled,Routine,None
548,8,3,A+,1,2024-09-20,Fulfilled,Routine,None
549,7,3,AB-,1,2024-09-20,Fulfilled,Routine,None
550,7,1,A+,4,2024-09-20,Fulfilled,Urgent,None
551,5,4,A+,1,2024-09-20,Fulfilled,Routine,None
552,7,2,A+,2,2024-09-21,Fulfilled,Urgent,None
553,8,2,A+,4,2024-09-21,Fulfilled,Routine,None
554,3,2,O+,1,2024-09-21,Fulfilled,Urgent,None
555,3,1,B+,3,2024-09-21,Fulfilled,Routine,None
556,6,1,B+,1,2024-09-22,Fulfilled,Routine,None
557,6,4,A+,2,2024-09-22,Fulfilled,Routine,None
558,2,2,O+,2,2024-09-22,Fulfilled,Routine,None
559,7,1,A-,2,2024-09-22,Fulfilled,Routine,None
560,6,2,A+,1,2024-09-23,Fulfilled,Routine,None
561,3,3,B+,1,2024-09-23,Fulfilled,Routine,None
562,4,1,A+,4,2024-09-23,Fulfilled,Routine,None
563,7,4,A+,1,2024-09-23,Fulfilled,Routine,None
564,1,1,B-,1,2024-09-23,Fulfilled,Urgent,None
565,5,2,A+,3,2024-09-23,Fulfilled,Routine,None
566,6,3,B+,1,2024-09-23,Fulfilled,Routine,None
567,4,1,B-,4,2024-09-24,Fulfilled,Routine,None
568,4,3,A-,2,2024-09-24,Fulfilled,Urgent,None
569,8,1,B-,1,2024-09-24,Fulfilled,Routine,None
570,2,4,B+,4,2024-09-25,Fulfilled,Emergency,None
571,7,2,A+,2,2024-09-25,Fulfilled,Routine,None
572,8,4,A+,1,2024-09-25,Fulfilled,Routine,None
573,6,4,A+,2,2024-09-25,Fulfilled,Urgent,None
574,4,3,O+,4,2024-09-26,Fulfilled,Routine,None
575,4,3,A+,5,2024-09-26,Fulfilled,Routine,None
576,4,2,A+,4,2024-09-26,Fulfilled,Routine,None
577,2,4,A+,4,2024-09-26,Fulfilled,Routine,None
578,2,3,O+,4,2024-09-26,Fulfilled,Emergency,None
579,8,3,O-,1,2024-09-27,Fulfilled,Routine,None
580,7,3,B+,3,2024-09-27,Fulfilled,Routine,None
581,8,4,B+,2,2024-09-27,Fulfilled,Urgent,None
582,4,2,A+,7,2024-09-27,Fulfilled,Routine,None
583,5,1,O+,2,2024-09-27,Fulfilled,Routine,None
584,8,3,A-,1,2024-09-27,Fulfilled,Routine,None
585,8,2,O+,1,2024-09-27,Fulfilled,Routine,None
586,3,3,A+,1,2024-09-27,Fulfilled,Routine,None
587,2,2,B+,1,2024-09-27,Fulfilled,Routine,None
588,3,1,O+,1,2024-09-28,Fulfilled,Routine,None
589,4,1,A+,9,2024-09-28,Fulfilled,Emergency,None
590,3,3,A+,2,2024-09-28,Fulfilled,Urgent,None
591,7,1,O+,1,2024-09-28,Fulfilled,Routine,None
592,7,3,A-,1,2024-09-28,Fulfilled,Routine,None
593,5,3,A+,2,2024-09-28,Fulfilled,Routine,None
594,1,3,O+,1,2024-09-28,Fulfilled,Routine,None
595,3,4,AB+,1,2024-09-28,Fulfilled,Routine,None
596,4,1,B-,4,2024-09-28,Fulfilled,Routine,None
597,4,4,B+,3,2024-09-28,Fulfilled,Urgent,None
598,2,3,AB-,1,2024-09-29,Fulfilled,Routine,None
599,3,4,A+,2,2024-09-29,Fulfilled,Routine,None
600,8,3,A+,2,2024-09-29,Fulfilled,Routine,None
601,2,3,A+,1,2024-09-29,Fulfilled,Routine,None
602,4,1,A+,3,2024-09-29,Fulfilled,Routine,None
603,4,3,AB+,7,2024-09-29,Fulfilled,Routine,None
604,7,1,A+,3,2024-09-29,Fulfilled,Routine,None
605,6,1,O-,2,2024-09-29,Fulfilled,Urgent,None
606,1,3,A+,7,2024-09-30,Fulfilled,Emergency,None
607,4,2,B-,3,2024-09-30,Fulfilled,Routine,None
608,2,2,O-,1,2024-09-30,Fulfilled,Routine,None
609,6,1,B+,2,2024-09-30,Fulfilled,Urgent,None
610,4,1,B+,1,2024-09-30,Fulfilled,Routine,None
611,8,3,B+,1,2024-10-01,Fulfilled,Routine,None
612,2,3,B+,1,2024-10-01,Fulfilled,Routine,None
613,2,3,B-,4,2024-10-01,Fulfilled,Urgent,None
614,8,1,A+,1,2024-10-01,Fulfilled,Routine,None
615,7,1,B+,2,2024-10-01,Fulfilled,Routine,None
616,6,1,A+,3,2024-10-02,Fulfilled,Routine,None
617,8,2,A+,2,2024-10-02,Fulfilled,Routine,None
618,5,4,A+,2,2024-10-02,Fulfilled,Routine,None
619,4,2,A+,3,2024-10-02,Fulfilled,Routine,None
620,7,2,A+,2,2024-10-03,Fulfilled,Routine,None
621,6,2,A+,3,2024-10-03,Fulfilled,Routine,None
622,7,4,A+,1,2024-10-03,Fulfilled,Routine,None
623,7,4,A+,4,2024-10-03,Fulfilled,Routine,None
624,5,2,O+,1,2024-10-03,Fulfilled,Routine,None
625,6,2,AB+,2,2024-10-03,Fulfilled,Routine,None
626,1,3,O+,1,2024-10-04,Fulfilled,Routine,None
627,1,3,B+,1,2024-10-04,Fulfilled,Routine,None
628,8,3,O-,1,2024-10-04,Fulfilled,Routine,None
629,6,4,A-,1,2024-10-04,Fulfilled,Routine,None
630,2,2,A+,1,2024-10-04,Fulfilled,Routine,None
631,7,1,B+,1,2024-10-04,Fulfilled,Routine,None
632,6,1,B+,3,2024-10-04,Fulfilled,Routine,None
633,8,1,O+,1,2024-10-05,Fulfilled,Routine,None
634,8,2,A-,1,2024-10-05,Fulfilled,Routine,None
635,4,1,AB+,3,2024-10-05,Fulfilled,Routine,None
636,7,2,B+,2,2024-10-05,Fulfilled,Routine,None
637,2,4,A+,1,2024-10-05,Fulfilled,Urgent,None
638,4,4,O+,6,2024-10-05,Fulfilled,Routine,None
639,6,4,A+,1,2024-10-05,Fulfilled,Routine,None
640,5,1,A+,8,2024-10-05,Fulfilled,Emergency,None
641,1,2,A+,1,2024-10-06,Fulfilled,Routine,None
642,2,4,A+,2,2024-10-06,Fulfilled,Routine,None
643,1,4,B+,1,2024-10-06,Fulfilled,Routine,None
644,4,3,A+,5,2024-10-06,Fulfilled,Routine,None
645,8,3,AB+,1,2024-10-06,Fulfilled,Routine,None
646,8,1,A+,4,2024-10-06,Fulfilled,Urgent,None
647,1,4,A+,2,2024-10-06,Fulfilled,Routine,None
648,2,4,B-,1,2024-10-06,Fulfilled,Routine,None
649,6,2,A+,2,2024-10-07,Fulfilled,Routine,None
650,7,2,A+,4,2024-10-08,Fulfilled,Routine,None
651,3,1,B+,1,2024-10-08,Fulfilled,Routine,None
652,3,3,O+,1,2024-10-08,Fulfilled,Routine,None
653,6,3,O+,1,2024-10-08,Fulfilled,Routine,None
654,5,4,A+,2,2024-10-08,Fulfilled,Routine,None
655,4,3,AB+,9,2024-10-08,Fulfilled,Urgent,None
656,3,3,O+,2,2024-10-08,Fulfilled,Urgent,None
657,8,2,O+,1,2024-10-09,Fulfilled,Routine,None
658,7,2,A+,1,2024-10-09,Fulfilled,Routine,None
659,3,4,B+,3,2024-10-09,Fulfilled,Urgent,None
660,4,3,B+,5,2024-10-09,Fulfilled,Routine,None
661,4,1,A+,8,2024-10-09,Fulfilled,Urgent,None
662,1,2,O-,3,2024-10-09,Fulfilled,Routine,None
663,2,2,AB+,2,2024-10-09,Fulfilled,Urgent,None
664,1,1,B+,2,2024-10-09,Fulfilled,Routine,None
665,6,2,AB+,4,2024-10-10,Fulfilled,Routine,None
666,8,3,O+,2,2024-10-10,Fulfilled,Routine,None
667,1,2,B+,1,2024-10-10,Fulfilled,Routine,None
668,5,1,B+,2,2024-10-10,Fulfilled,Routine,None
669,7,3,A+,2,2024-10-10,Fulfilled,Routine,None
670,7,1,O-,2,2024-10-10,Fulfilled,Routine,None
671,8,3,B+,1,2024-10-11,Fulfilled,Routine,None
672,7,2,A+,1,2024-10-11,Fulfilled,Routine,None
673,7,1,A-,3,2024-10-12,Fulfilled,Urgent,Festival
674,2,1,A+,2,2024-10-12,Fulfilled,Emergency,Festival
675,1,1,B+,3,2024-10-12,Fulfilled,Emergency,Festival
676,8,2,A+,4,2024-10-12,Fulfilled,Emergency,Festival
677,1,2,O-,4,2024-10-12,Fulfilled,Emergency,Festival
678,8,1,A+,7,2024-10-12,Fulfilled,Emergency,Festival
679,6,4,B+,10,2024-10-12,Fulfilled,Emergency,Festival
680,8,2,B+,7,2024-10-12,Fulfilled,Emergency,Festival
681,6,3,B+,2,2024-10-12,Fulfilled,Urgent,Festival
682,6,3,B-,1,2024-10-12,Fulfilled,Urgent,Festival
683,8,4,A-,2,2024-10-12,Fulfilled,Emergency,Festival
684,2,3,O+,3,2024-10-13,Fulfilled,Emergency,Festival
685,5,4,B+,1,2024-10-13,Fulfilled,Urgent,Festival
686,5,2,B-,3,2024-10-13,Fulfilled,Urgent,Festival
687,1,4,B+,4,2024-10-13,Fulfilled,Emergency,Festival
688,5,4,B-,5,2024-10-13,Fulfilled,Emergency,Festival
689,6,4,AB-,5,2024-10-13,Fulfilled,Emergency,Festival
690,6,3,B+,12,2024-10-13,Fulfilled,Emergency,Festival
691,3,4,B+,11,2024-10-13,Fulfilled,Emergency,Festival
692,1,3,AB+,3,2024-10-13,Fulfilled,Emergency,Festival
693,7,1,O+,4,2024-10-13,Fulfilled,Urgent,Festival
694,8,1,B+,5,2024-10-13,Fulfilled,Emergency,Festival
695,6,2,B+,6,2024-10-13,Fulfilled,Emergency,Festival
696,7,3,O+,2,2024-10-14,Fulfilled,Urgent,None
697,3,2,A+,3,2024-10-14,Fulfilled,Urgent,None
698,5,4,O+,1,2024-10-14,Fulfilled,Routine,None
699,6,3,A+,1,2024-10-14,Fulfilled,Routine,None
700,3,4,AB-,9,2024-10-14,Fulfilled,Emergency,None
701,6,2,A+,3,2024-10-14,Fulfilled,Routine,None
702,7,3,B-,4,2024-10-15,Fulfilled,Emergency,None
703,3,2,A+,2,2024-10-15,Fulfilled,Routine,None
704,6,2,O+,3,2024-10-15,Fulfilled,Urgent,None
705,7,4,B+,1,2024-10-15,Fulfilled,Routine,None
706,5,2,O+,2,2024-10-15,Fulfilled,Routine,None
707,1,3,A+,1,2024-10-15,Fulfilled,Routine,None
708,4,1,B+,2,2024-10-15,Fulfilled,Routine,None
709,3,4,A+,2,2024-10-15,Fulfilled,Routine,None
710,7,3,A+,6,2024-10-15,Fulfilled,Routine,None
711,4,3,A+,2,2024-10-15,Fulfilled,Routine,None
712,1,3,A-,1,2024-10-15,Fulfilled,Routine,None
713,8,3,O+,7,2024-10-16,Fulfilled,Urgent,None
714,1,4,B-,2,2024-10-16,Fulfilled,Routine,None
715,2,2,B+,4,2024-10-17,Fulfilled,Urgent,None
716,8,2,O+,2,2024-10-17,Fulfilled,Urgent,None
717,3,3,A+,2,2024-10-17,Fulfilled,Routine,None
718,7,1,A+,1,2024-10-17,Fulfilled,Urgent,None
719,6,3,B+,2,2024-10-17,Fulfilled,Routine,None
720,1,2,A-,2,2024-10-18,Fulfilled,Urgent,Outbreak
721,3,1,A+,4,2024-10-18,Fulfilled,Emergency,Outbreak
722,5,4,A+,3,2024-10-18,Fulfilled,Emergency,Outbreak
723,1,3,A+,7,2024-10-18,Fulfilled,Emergency,Outbreak
724,1,1,O+,5,2024-10-18,Fulfilled,Emergency,Outbreak
725,2,3,A+,3,2024-10-18,Fulfilled,Emergency,Outbreak
726,1,1,B-,6,2024-10-18,Fulfilled,Emergency,Outbreak
727,3,2,A-,4,2024-10-18,Fulfilled,Emergency,Outbreak
728,5,3,B+,2,2024-10-18,Fulfilled,Emergency,Outbreak
729,5,3,B-,4,2024-10-18,Fulfilled,Emergency,Outbreak
730,7,2,B+,2,2024-10-18,Cancelled,Emergency,Outbreak
731,3,4,A+,8,2024-10-19,Fulfilled,Emergency,Outbreak
732,1,3,AB+,7,2024-10-19,Fulfilled,Emergency,Outbreak
733,8,2,O-,3,2024-10-19,Fulfilled,Emergency,Outbreak
734,6,4,B+,5,2024-10-19,Fulfilled,Emergency,Outbreak
735,8,4,B+,4,2024-10-19,Fulfilled,Urgent,Outbreak
736,3,1,A+,14,2024-10-19,Fulfilled,Emergency,Outbreak
737,5,1,A+,9,2024-10-19,Fulfilled,Emergency,Outbreak
738,3,4,O+,2,2024-10-19,Fulfilled,Emergency,Outbreak
739,4,3,A+,5,2024-10-19,Fulfilled,Urgent,Outbreak
740,1,2,AB+,4,2024-10-19,Fulfilled,Emergency,Outbreak
741,5,4,A+,5,2024-10-19,Fulfilled,Emergency,Outbreak
742,4,2,AB-,8,2024-10-19,Fulfilled,Emergency,Outbreak
743,1,1,A+,1,2024-10-19,Fulfilled,Urgent,Outbreak
744,8,1,B+,5,2024-10-20,Fulfilled,Emergency,Outbreak
745,7,3,O+,3,2024-10-20,Fulfilled,Urgent,Outbreak
746,7,1,A-,3,2024-10-20,Fulfilled,Urgent,Outbreak
747,7,2,A-,5,2024-10-20,Fulfilled,Emergency,Outbreak
748,2,1,O+,3,2024-10-20,Fulfilled,Emergency,Outbreak
749,5,3,A+,3,2024-10-20,Fulfilled,Urgent,Outbreak
750,8,4,B+,4,2024-10-20,Fulfilled,Emergency,Outbreak
751,1,3,AB-,2,2024-10-20,Fulfilled,Emergency,Outbreak
752,1,3,O+,2,2024-10-20,Fulfilled,Urgent,Outbreak
753,2,2,B+,1,2024-10-21,Fulfilled,Urgent,Outbreak
754,4,1,O+,7,2024-10-21,Fulfilled,Emergency,Outbreak
755,7,3,AB-,3,2024-10-21,Fulfilled,Urgent,Outbreak
756,5,3,O-,6,2024-10-21,Fulfilled,Emergency,Outbreak
757,7,1,A-,2,2024-10-21,Fulfilled,Urgent,Outbreak
758,5,4,B+,1,2024-10-21,Fulfilled,Urgent,Outbreak
759,3,1,A+,6,2024-10-21,Fulfilled,Urgent,Outbreak
760,4,2,B+,14,2024-10-22,Fulfilled,Emergency,Outbreak
761,2,1,A+,4,2024-10-22,Fulfilled,Emergency,Outbreak
762,6,2,A-,4,2024-10-22,Fulfilled,Urgent,Outbreak
763,2,2,A+,1,2024-10-22,Fulfilled,Urgent,Outbreak
764,4,4,A+,13,2024-10-22,Fulfilled,Emergency,Outbreak
765,5,3,O+,3,2024-10-22,Fulfilled,Emergency,Outbreak
766,5,4,B+,9,2024-10-22,Fulfilled,Emergency,Outbreak
767,5,2,B+,4,2024-10-23,Fulfilled,Emergency,Outbreak
768,8,3,A-,4,2024-10-23,Fulfilled,Urgent,Outbreak
769,3,2,A+,2,2024-10-23,Fulfilled,Emergency,Outbreak
770,5,3,A+,2,2024-10-23,Fulfilled,Urgent,Outbreak
771,4,2,B+,16,2024-10-23,Fulfilled,Emergency,Outbreak
772,5,2,A+,5,2024-10-23,Fulfilled,Urgent,Outbreak
773,1,4,A+,2,2024-10-23,Fulfilled,Emergency,Outbreak
774,5,4,AB+,3,2024-10-23,Fulfilled,Urgent,Outbreak
775,4,2,A+,7,2024-10-23,Fulfilled,Emergency,Outbreak
776,1,3,B+,5,2024-10-23,Fulfilled,Emergency,Outbreak
777,2,3,B+,13,2024-10-24,Fulfilled,Emergency,Outbreak
778,6,2,A+,3,2024-10-24,Fulfilled,Emergency,Outbreak
779,4,4,AB+,3,2024-10-24,Cancelled,Emergency,Outbreak
780,1,4,AB-,2,2024-10-24,Fulfilled,Urgent,Outbreak
781,1,3,B+,1,2024-10-24,Fulfilled,Urgent,Outbreak
782,2,3,O+,3,2024-10-24,Fulfilled,Emergency,Outbreak
783,4,4,AB-,8,2024-10-25,Fulfilled,Emergency,Outbreak
784,1,1,A+,6,2024-10-25,Fulfilled,Emergency,Outbreak
785,2,1,AB+,3,2024-10-25,Fulfilled,Emergency,Outbreak
786,2,2,O+,4,2024-10-25,Fulfilled,Emergency,Outbreak
787,4,4,B+,2,2024-10-25,Fulfilled,Urgent,Outbreak
788,6,2,B-,6,2024-10-25,Fulfilled,Emergency,Outbreak
789,8,1,B+,7,2024-10-25,Fulfilled,Emergency,Outbreak
790,8,1,B+,5,2024-10-25,Fulfilled,Emergency,Outbreak
791,7,2,AB+,7,2024-10-25,Fulfilled,Emergency,Outbreak
792,1,1,A-,2,2024-10-25,Fulfilled,Urgent,Outbreak
793,1,1,B+,5,2024-10-25,Fulfilled,Urgent,Outbreak
794,8,2,B+,2,2024-10-26,Fulfilled,Urgent,Outbreak
795,2,1,O+,1,2024-10-26,Fulfilled,Urgent,Outbreak
796,5,2,A+,8,2024-10-26,Fulfilled,Emergency,Outbreak
797,3,3,B+,4,2024-10-27,Fulfilled,Emergency,Festival
798,4,3,A+,6,2024-10-27,Fulfilled,Urgent,Festival
799,6,4,A+,7,2024-10-27,Fulfilled,Emergency,Festival
800,8,2,A+,3,2024-10-27,Fulfilled,Emergency,Festival
801,2,3,A+,5,2024-10-27,Fulfilled,Emergency,Festival
802,4,2,A+,4,2024-10-27,Fulfilled,Urgent,Festival
803,2,4,B+,3,2024-10-27,Fulfilled,Emergency,Festival
804,4,2,B+,5,2024-10-27,Fulfilled,Emergency,Festival
805,1,4,A+,10,2024-10-27,Cancelled,Emergency,Festival
806,5,4,B+,3,2024-10-28,Fulfilled,Emergency,Festival
807,1,1,A+,2,2024-10-28,Fulfilled,Emergency,Festival
808,2,3,A+,10,2024-10-28,Fulfilled,Emergency,Festival
809,8,1,A-,1,2024-10-28,Fulfilled,Urgent,Festival
810,8,4,B+,4,2024-10-28,Fulfilled,Emergency,Festival
811,3,3,AB+,6,2024-10-29,Fulfilled,Emergency,Outbreak
812,8,3,B-,3,2024-10-29,Fulfilled,Urgent,Outbreak
813,6,3,O-,5,2024-10-29,Fulfilled,Emergency,Outbreak
814,8,2,B+,7,2024-10-29,Fulfilled,Emergency,Outbreak
815,8,2,B-,6,2024-10-30,Fulfilled,Emergency,Outbreak
816,1,4,A+,2,2024-10-30,Fulfilled,Urgent,Outbreak
817,8,3,A-,6,2024-10-30,Fulfilled,Emergency,Outbreak
818,3,1,O+,5,2024-10-30,Fulfilled,Emergency,Outbreak
819,6,4,B+,6,2024-10-30,Fulfilled,Emergency,Outbreak
820,6,3,O+,1,2024-10-30,Fulfilled,Urgent,Outbreak
821,7,2,B+,3,2024-10-30,Fulfilled,Emergency,Outbreak
822,2,3,A-,2,2024-10-30,Fulfilled,Emergency,Outbreak
823,5,1,B+,5,2024-10-31,Fulfilled,Emergency,Outbreak
824,4,1,AB+,15,2024-10-31,Fulfilled,Emergency,Outbreak
825,6,3,AB+,5,2024-10-31,Fulfilled,Urgent,Outbreak
826,2,1,AB+,4,2024-10-31,Fulfilled,Urgent,Outbreak
827,2,2,A-,5,2024-10-31,Fulfilled,Emergency,Outbreak
828,6,4,A-,10,2024-11-01,Fulfilled,Emergency,Outbreak
829,7,4,O+,7,2024-11-01,Fulfilled,Emergency,Outbreak
830,4,4,O+,6,2024-11-01,Fulfilled,Emergency,Outbreak
831,2,2,A+,3,2024-11-01,Fulfilled,Emergency,Outbreak
832,5,2,A-,5,2024-11-01,Fulfilled,Emergency,Outbreak
833,8,1,A+,5,2024-11-02,Fulfilled,Emergency,Outbreak
834,6,3,B-,1,2024-11-02,Fulfilled,Urgent,Outbreak
835,8,3,O+,8,2024-11-02,Fulfilled,Emergency,Outbreak
836,2,2,O+,5,2024-11-02,Fulfilled,Emergency,Outbreak
837,3,4,B+,4,2024-11-02,Fulfilled,Urgent,Outbreak
838,1,1,B+,3,2024-11-02,Fulfilled,Urgent,Outbreak
839,8,1,B+,4,2024-11-03,Cancelled,Emergency,Outbreak
840,7,3,B+,1,2024-11-03,Fulfilled,Urgent,Outbreak
841,1,4,O+,4,2024-11-03,Fulfilled,Emergency,Outbreak
842,5,1,O+,2,2024-11-03,Fulfilled,Urgent,Outbreak
843,4,1,O+,13,2024-11-03,Fulfilled,Emergency,Outbreak
844,5,1,B+,4,2024-11-03,Fulfilled,Emergency,Outbreak
845,1,3,AB+,2,2024-11-03,Fulfilled,Urgent,Outbreak
846,3,3,A+,2,2024-11-03,Fulfilled,Emergency,Outbreak
847,3,4,O+,8,2024-11-03,Fulfilled,Emergency,Outbreak
848,2,4,A+,6,2024-11-03,Fulfilled,Urgent,Outbreak
849,6,3,A+,3,2024-11-03,Fulfilled,Emergency,Outbreak
850,5,2,A-,3,2024-11-04,Fulfilled,Emergency,Outbreak
851,8,2,A+,5,2024-11-04,Fulfilled,Emergency,Outbreak
852,3,2,O-,7,2024-11-04,Fulfilled,Emergency,Outbreak
853,1,2,B+,1,2024-11-04,Fulfilled,Urgent,Outbreak
854,8,2,B+,1,2024-11-04,Fulfilled,Urgent,Outbreak
855,4,4,A+,4,2024-11-04,Fulfilled,Urgent,Outbreak
856,4,1,O+,10,2024-11-05,Fulfilled,Emergency,Outbreak
857,4,4,B-,7,2024-11-05,Fulfilled,Emergency,Outbreak
858,7,2,A+,7,2024-11-05,Fulfilled,Emergency,Outbreak
859,3,1,A+,12,2024-11-05,Fulfilled,Emergency,Outbreak
860,5,1,B+,10,2024-11-05,Cancelled,Emergency,Outbreak
861,2,4,A-,5,2024-11-05,Fulfilled,Emergency,Outbreak
862,1,4,B+,3,2024-11-05,Fulfilled,Emergency,Outbreak
863,6,2,AB-,3,2024-11-05,Fulfilled,Urgent,Outbreak
864,6,3,B+,4,2024-11-06,Fulfilled,Emergency,Festival
865,2,4,AB+,5,2024-11-06,Fulfilled,Emergency,Festival
866,1,2,B+,4,2024-11-06,Fulfilled,Emergency,Festival
867,4,2,O+,12,2024-11-06,Fulfilled,Emergency,Festival
868,1,1,B+,4,2024-11-06,Fulfilled,Urgent,Festival
869,5,3,A+,13,2024-11-06,Fulfilled,Emergency,Festival
870,7,4,O+,3,2024-11-07,Fulfilled,Emergency,Outbreak
871,3,4,B+,2,2024-11-07,Fulfilled,Urgent,Outbreak
872,6,4,O+,5,2024-11-07,Fulfilled,Urgent,Outbreak
873,3,3,A+,2,2024-11-08,Fulfilled,Routine,None
874,6,3,B+,2,2024-11-08,Fulfilled,Routine,None
875,1,3,A+,3,2024-11-08,Fulfilled,Emergency,None
876,8,1,O+,3,2024-11-08,Fulfilled,Urgent,None
877,7,4,O+,2,2024-11-08,Fulfilled,Routine,None
878,5,4,O+,2,2024-11-08,Fulfilled,Routine,None
879,6,2,A+,1,2024-11-09,Fulfilled,Routine,None
880,7,3,B+,1,2024-11-09,Fulfilled,Routine,None
881,7,2,A+,8,2024-11-09,Fulfilled,Emergency,None
882,8,3,A+,4,2024-11-09,Fulfilled,Routine,None
883,5,1,A-,2,2024-11-09,Fulfilled,Routine,None
884,6,3,B+,1,2024-11-09,Fulfilled,Routine,None
885,8,1,A+,3,2024-11-09,Fulfilled,Routine,None
886,3,3,A-,1,2024-11-09,Fulfilled,Routine,None
887,2,3,A+,5,2024-11-10,Fulfilled,Routine,None
888,3,2,B-,2,2024-11-10,Fulfilled,Routine,None
889,4,1,O+,3,2024-11-10,Fulfilled,Routine,None
890,4,1,B+,4,2024-11-10,Fulfilled,Routine,None
891,7,4,B+,1,2024-11-10,Fulfilled,Routine,None
892,5,4,O-,1,2024-11-11,Fulfilled,Routine,None
893,2,2,A+,1,2024-11-11,Fulfilled,Routine,None
894,1,3,A+,1,2024-11-11,Fulfilled,Routine,None
895,4,4,O+,3,2024-11-11,Fulfilled,Routine,None
896,6,4,B+,1,2024-11-12,Fulfilled,Routine,None
897,1,2,A+,1,2024-11-12,Fulfilled,Routine,None
898,1,4,B-,3,2024-11-12,Fulfilled,Emergency,None
899,7,2,A-,2,2024-11-12,Fulfilled,Routine,None
900,3,3,A+,2,2024-11-12,Fulfilled,Routine,None
901,1,1,B+,3,2024-11-12,Fulfilled,Routine,None
902,8,3,B+,1,2024-11-12,Fulfilled,Routine,None
903,7,3,O-,1,2024-11-12,Fulfilled,Routine,None
904,6,3,B+,2,2024-11-12,Fulfilled,Routine,None
905,6,3,O+,1,2024-11-12,Fulfilled,Routine,None
906,3,3,AB+,2,2024-11-12,Fulfilled,Routine,None
907,4,3,O+,4,2024-11-12,Fulfilled,Urgent,None
908,5,3,B-,1,2024-11-12,Fulfilled,Routine,None
909,2,1,B+,2,2024-11-12,Fulfilled,Routine,None
910,4,1,O+,2,2024-11-13,Fulfilled,Routine,None
911,6,3,O+,2,2024-11-13,Fulfilled,Routine,None
912,7,3,B+,1,2024-11-13,Fulfilled,Routine,None
913,3,4,A+,1,2024-11-13,Fulfilled,Routine,None
914,1,1,B+,1,2024-11-13,Fulfilled,Urgent,None
915,6,3,B+,3,2024-11-13,Fulfilled,Routine,None
916,2,4,O+,3,2024-11-14,Fulfilled,Routine,None
917,3,3,B+,1,2024-11-14,Fulfilled,Routine,None
918,1,1,AB+,1,2024-11-14,Fulfilled,Routine,None
919,3,1,A+,1,2024-11-14,Fulfilled,Routine,None
920,8,3,B+,1,2024-11-14,Fulfilled,Routine,None
921,1,2,B+,1,2024-11-14,Fulfilled,Routine,None
922,3,2,AB+,1,2024-11-14,Fulfilled,Routine,None
923,5,3,O+,1,2024-11-15,Cancelled,Routine,None
924,4,3,O+,4,2024-11-15,Fulfilled,Routine,None
925,2,1,A+,5,2024-11-15,Fulfilled,Emergency,None
926,4,2,A+,6,2024-11-15,Fulfilled,Urgent,None
927,8,1,A+,2,2024-11-15,Fulfilled,Routine,None
928,7,4,A+,3,2024-11-15,Fulfilled,Urgent,None
929,6,2,B+,1,2024-11-15,Fulfilled,Routine,None
930,5,2,B+,1,2024-11-15,Fulfilled,Routine,None
931,2,3,A+,3,2024-11-15,Fulfilled,Routine,None
932,1,1,O+,1,2024-11-15,Fulfilled,Routine,None
933,7,4,O-,1,2024-11-15,Fulfilled,Routine,None
934,2,3,AB+,2,2024-11-15,Fulfilled,Routine,None
935,6,2,O+,1,2024-11-15,Cancelled,Routine,None
936,8,2,O+,1,2024-11-16,Fulfilled,Routine,None
937,7,2,AB+,3,2024-11-16,Fulfilled,Routine,None
938,5,4,O+,5,2024-11-16,Fulfilled,Routine,None
939,5,2,A+,3,2024-11-16,Fulfilled,Routine,None
940,5,4,A+,1,2024-11-16,Fulfilled,Routine,None
941,5,1,A+,4,2024-11-16,Fulfilled,Emergency,None
942,4,3,AB-,7,2024-11-16,Fulfilled,Urgent,None
943,8,1,A+,1,2024-11-17,Fulfilled,Routine,None
944,3,4,A-,3,2024-11-17,Fulfilled,Routine,None
945,1,4,A+,6,2024-11-17,Fulfilled,Emergency,None
946,5,1,B+,2,2024-11-17,Fulfilled,Urgent,None
947,2,2,O-,1,2024-11-17,Fulfilled,Routine,None
948,6,4,B+,2,2024-11-17,Fulfilled,Routine,None
949,7,3,A+,1,2024-11-17,Fulfilled,Routine,None
950,3,4,B+,4,2024-11-17,Fulfilled,Urgent,None
951,5,1,O+,2,2024-11-17,Fulfilled,Routine,None
952,3,4,O+,2,2024-11-18,Fulfilled,Routine,None
953,5,2,AB+,1,2024-11-18,Fulfilled,Routine,None
954,1,4,B+,1,2024-11-19,Fulfilled,Routine,None
955,2,2,B+,1,2024-11-19,Fulfilled,Routine,None
956,1,4,B+,2,2024-11-19,Fulfilled,Urgent,None
957,8,1,A+,7,2024-11-19,Fulfilled,Emergency,None
958,3,2,B+,2,2024-11-20,Fulfilled,Routine,None
959,6,3,O+,5,2024-11-20,Fulfilled,Routine,None
960,1,3,AB+,2,2024-11-20,Fulfilled,Routine,None
961,1,1,AB+,1,2024-11-20,Fulfilled,Routine,None
962,8,2,A-,1,2024-11-20,Fulfilled,Routine,None
963,1,3,O+,1,2024-11-20,Fulfilled,Routine,None
964,3,4,A+,3,2024-11-21,Fulfilled,Urgent,None
965,6,3,B+,2,2024-11-21,Fulfilled,Routine,None
966,8,2,A+,1,2024-11-21,Fulfilled,Routine,None
967,7,1,A+,1,2024-11-21,Fulfilled,Routine,None
968,1,2,A+,3,2024-11-22,Fulfilled,Routine,None
969,3,1,AB+,3,2024-11-22,Fulfilled,Emergency,None
970,1,1,A+,3,2024-11-22,Fulfilled,Routine,None
971,4,3,A+,4,2024-11-22,Fulfilled,Routine,None
972,7,3,AB+,1,2024-11-22,Fulfilled,Routine,None
973,3,2,B+,2,2024-11-22,Fulfilled,Urgent,None
974,3,3,AB+,2,2024-11-23,Fulfilled,Routine,None
975,5,2,A+,1,2024-11-23,Fulfilled,Routine,None
976,4,3,B+,11,2024-11-23,Fulfilled,Emergency,None
977,8,2,B+,9,2024-11-23,Fulfilled,Emergency,None
978,2,4,A+,2,2024-11-23,Fulfilled,Routine,None
979,3,2,AB+,1,2024-11-23,Fulfilled,Routine,None
980,5,2,B+,3,2024-11-23,Fulfilled,Routine,None
981,1,2,O-,2,2024-11-23,Fulfilled,Routine,None
982,2,1,A+,2,2024-11-24,Fulfilled,Routine,None
983,4,1,B+,4,2024-11-24,Fulfilled,Routine,None
984,8,1,B+,1,2024-11-24,Fulfilled,Routine,None
985,3,3,A+,1,2024-11-24,Fulfilled,Routine,None
986,5,3,B+,1,2024-11-24,Fulfilled,Routine,None
987,1,2,O+,1,2024-11-24,Fulfilled,Routine,None
988,1,1,A+,2,2024-11-24,Fulfilled,Routine,None
989,7,2,A+,4,2024-11-24,Fulfilled,Urgent,None
990,7,1,O+,2,2024-11-25,Fulfilled,Routine,None
991,8,1,AB+,3,2024-11-25,Fulfilled,Emergency,None
992,5,3,B+,5,2024-11-25,Fulfilled,Emergency,None
993,6,2,B+,2,2024-11-25,Fulfilled,Routine,None
994,6,2,O+,5,2024-11-25,Fulfilled,Emergency,None
995,1,1,A+,4,2024-11-25,Fulfilled,Routine,None
996,5,1,B+,2,2024-11-25,Fulfilled,Routine,None
997,3,3,B+,2,2024-11-25,Fulfilled,Routine,None
998,4,1,AB-,3,2024-11-25,Fulfilled,Emergency,None
999,7,2,A+,1,2024-11-25,Fulfilled,Routine,None
1000,3,3,A+,2,2024-11-26,Fulfilled,Routine,None
1001,8,2,A+,8,2024-11-26,Fulfilled,Emergency,None
1002,2,4,A+,3,2024-11-26,Fulfilled,Routine,None
1003,3,1,A+,1,2024-11-26,Fulfilled,Emergency,None
1004,5,1,O+,3,2024-11-26,Fulfilled,Urgent,None
1005,7,2,A+,2,2024-11-26,Fulfilled,Routine,None
1006,1,2,A+,1,2024-11-26,Cancelled,Routine,None
1007,5,3,O+,1,2024-11-27,Cancelled,Routine,None
1008,8,4,A+,2,2024-11-27,Fulfilled,Routine,None
1009,6,3,O-,3,2024-11-27,Fulfilled,Emergency,None
1010,1,3,AB+,1,2024-11-27,Fulfilled,Routine,None
1011,1,2,B+,3,2024-11-27,Fulfilled,Routine,None
1012,5,3,AB+,1,2024-11-27,Fulfilled,Routine,None
1013,5,3,A+,6,2024-11-27,Fulfilled,Routine,None
1014,3,1,A+,4,2024-11-27,Fulfilled,Urgent,None
1015,6,3,A+,2,2024-11-27,Fulfilled,Routine,None
1016,6,2,A-,1,2024-11-27,Fulfilled,Routine,None
1017,2,4,O+,1,2024-11-27,Fulfilled,Urgent,None
1018,3,1,A+,6,2024-11-28,Fulfilled,Urgent,None
1019,4,2,AB+,4,2024-11-28,Fulfilled,Routine,None
1020,5,4,B-,2,2024-11-28,Fulfilled,Routine,None
1021,6,4,O+,1,2024-11-28,Fulfilled,Routine,None
1022,1,4,B+,1,2024-11-28,Fulfilled,Routine,None
1023,1,2,A-,1,2024-11-28,Fulfilled,Routine,None
1024,2,4,O+,6,2024-11-28,Fulfilled,Emergency,None
1025,4,3,B-,4,2024-11-28,Fulfilled,Routine,None
1026,5,1,A-,1,2024-11-28,Fulfilled,Routine,None
1027,2,3,B-,1,2024-11-29,Fulfilled,Routine,None
1028,1,4,O+,2,2024-11-29,Fulfilled,Routine,None
1029,4,2,O+,6,2024-11-29,Fulfilled,Routine,None
1030,7,3,AB+,1,2024-11-29,Fulfilled,Routine,None
1031,1,1,A+,3,2024-11-30,Fulfilled,Routine,None
1032,6,2,A+,4,2024-12-01,Fulfilled,Routine,None
1033,7,3,O+,2,2024-12-01,Fulfilled,Routine,None
1034,4,3,A-,5,2024-12-01,Fulfilled,Routine,None
1035,4,3,AB-,4,2024-12-01,Fulfilled,Routine,None
1036,8,2,A+,2,2024-12-01,Fulfilled,Routine,None
1037,8,4,B+,1,2024-12-01,Fulfilled,Routine,None
1038,6,2,A+,2,2024-12-02,Fulfilled,Routine,None
1039,8,3,B+,3,2024-12-02,Fulfilled,Urgent,None
1040,3,3,A+,3,2024-12-02,Fulfilled,Urgent,None
1041,1,2,B+,1,2024-12-02,Fulfilled,Routine,None
1042,1,2,A-,2,2024-12-02,Fulfilled,Routine,None
1043,7,1,B+,3,2024-12-02,Fulfilled,Routine,None
1044,8,2,A+,2,2024-12-03,Fulfilled,Routine,None
1045,5,3,AB+,2,2024-12-03,Fulfilled,Routine,None
1046,8,1,B+,1,2024-12-03,Fulfilled,Routine,None
1047,1,3,A+,1,2024-12-03,Fulfilled,Routine,None
1048,8,4,A+,1,2024-12-03,Fulfilled,Routine,None
1049,7,1,O+,1,2024-12-03,Fulfilled,Routine,None
1050,4,1,A+,2,2024-12-03,Fulfilled,Routine,None
1051,4,3,AB-,7,2024-12-04,Fulfilled,Emergency,Outbreak
1052,1,4,O+,6,2024-12-04,Fulfilled,Emergency,Outbreak
1053,2,1,A+,14,2024-12-04,Fulfilled,Emergency,Outbreak
1054,1,3,O+,7,2024-12-04,Fulfilled,Emergency,Outbreak
1055,8,2,B-,4,2024-12-04,Fulfilled,Emergency,Outbreak
1056,6,3,B+,9,2024-12-04,Fulfilled,Emergency,Outbreak
1057,5,3,AB-,2,2024-12-04,Fulfilled,Emergency,Outbreak
1058,4,4,A+,13,2024-12-04,Fulfilled,Urgent,Outbreak
1059,8,2,A+,11,2024-12-04,Fulfilled,Emergency,Outbreak
1060,7,3,A+,5,2024-12-04,Fulfilled,Emergency,Outbreak
1061,3,4,A+,6,2024-12-04,Cancelled,Emergency,Outbreak
1062,3,3,A+,3,2024-12-04,Fulfilled,Emergency,Outbreak
1063,6,4,AB+,9,2024-12-04,Fulfilled,Emergency,Outbreak
1064,2,4,A+,7,2024-12-04,Fulfilled,Emergency,Outbreak
1065,2,2,AB+,7,2024-12-05,Fulfilled,Emergency,Outbreak
1066,1,4,A+,4,2024-12-05,Fulfilled,Emergency,Outbreak
1067,6,3,B+,2,2024-12-05,Fulfilled,Emergency,Outbreak
1068,6,2,A+,1,2024-12-05,Fulfilled,Urgent,Outbreak
1069,3,4,B+,6,2024-12-05,Fulfilled,Emergency,Outbreak
1070,6,1,A+,5,2024-12-05,Fulfilled,Emergency,Outbreak
1071,6,4,A+,4,2024-12-05,Fulfilled,Urgent,Outbreak
1072,1,3,B-,5,2024-12-05,Fulfilled,Urgent,Outbreak
1073,1,3,A-,4,2024-12-05,Fulfilled,Urgent,Outbreak
1074,2,4,O-,9,2024-12-05,Fulfilled,Emergency,Outbreak
1075,7,3,B+,5,2024-12-05,Fulfilled,Emergency,Outbreak
1076,3,4,O-,4,2024-12-06,Fulfilled,Urgent,Outbreak
1077,2,4,A+,6,2024-12-06,Fulfilled,Emergency,Outbreak
1078,8,4,AB+,9,2024-12-06,Fulfilled,Emergency,Outbreak
1079,7,3,AB-,2,2024-12-06,Fulfilled,Urgent,Outbreak
1080,1,3,B+,3,2024-12-06,Fulfilled,Emergency,Outbreak
1081,8,1,B+,4,2024-12-06,Fulfilled,Emergency,Outbreak
1082,7,2,A+,4,2024-12-06,Fulfilled,Urgent,Outbreak
1083,5,3,A+,1,2024-12-06,Fulfilled,Urgent,Outbreak
1084,3,4,B-,2,2024-12-06,Fulfilled,Urgent,Outbreak
1085,2,3,O+,5,2024-12-06,Fulfilled,Urgent,Outbreak
1086,3,3,A+,4,2024-12-06,Fulfilled,Emergency,Outbreak
1087,7,4,A-,2,2024-12-07,Fulfilled,Urgent,Outbreak
1088,6,2,AB+,8,2024-12-07,Fulfilled,Emergency,Outbreak
1089,1,2,B+,2,2024-12-07,Fulfilled,Urgent,Outbreak
1090,4,2,O+,4,2024-12-07,Fulfilled,Urgent,Outbreak
1091,4,1,B+,7,2024-12-07,Fulfilled,Emergency,Outbreak
1092,8,4,B+,10,2024-12-07,Fulfilled,Emergency,Outbreak
1093,4,3,B+,13,2024-12-07,Fulfilled,Emergency,Outbreak
1094,3,2,A+,3,2024-12-07,Fulfilled,Emergency,Outbreak
1095,2,3,B+,5,2024-12-07,Fulfilled,Emergency,Outbreak
1096,4,3,A+,8,2024-12-07,Fulfilled,Emergency,Outbreak
1097,7,2,A+,6,2024-12-08,Fulfilled,Emergency,Outbreak
1098,7,1,B+,5,2024-12-08,Fulfilled,Emergency,Outbreak
1099,7,2,B+,3,2024-12-08,Fulfilled,Emergency,Outbreak
1100,7,4,A+,5,2024-12-08,Fulfilled,Emergency,Outbreak
1101,1,3,O+,2,2024-12-08,Fulfilled,Emergency,Outbreak
1102,5,4,B+,7,2024-12-08,Fulfilled,Emergency,Outbreak
1103,5,4,A+,5,2024-12-08,Fulfilled,Emergency,Outbreak
1104,3,4,B+,4,2024-12-08,Fulfilled,Emergency,Outbreak
1105,4,3,A+,7,2024-12-09,Fulfilled,Urgent,Outbreak
1106,7,1,A+,4,2024-12-09,Fulfilled,Emergency,Outbreak
1107,3,1,A+,3,2024-12-09,Fulfilled,Emergency,Outbreak
1108,3,3,O+,3,2024-12-09,Fulfilled,Emergency,Outbreak
1109,6,3,A+,5,2024-12-09,Fulfilled,Emergency,Outbreak
1110,8,4,A+,4,2024-12-09,Cancelled,Emergency,Outbreak
1111,3,4,B+,3,2024-12-09,Fulfilled,Emergency,Outbreak
1112,1,1,B+,2,2024-12-09,Fulfilled,Urgent,Outbreak
1113,2,2,A+,1,2024-12-09,Fulfilled,Urgent,Outbreak
1114,7,2,A+,7,2024-12-09,Fulfilled,Emergency,Outbreak
1115,6,3,B+,7,2024-12-10,Fulfilled,Emergency,Outbreak
1116,2,2,B+,6,2024-12-10,Fulfilled,Emergency,Outbreak
1117,8,2,A+,1,2024-12-10,Fulfilled,Urgent,Outbreak
1118,6,3,A+,5,2024-12-10,Fulfilled,Emergency,Outbreak
1119,3,1,B+,5,2024-12-10,Fulfilled,Emergency,Outbreak
1120,2,2,O+,4,2024-12-10,Fulfilled,Emergency,Outbreak
1121,2,1,B+,3,2024-12-10,Fulfilled,Emergency,Outbreak
1122,4,3,B+,4,2024-12-10,Fulfilled,Emergency,Outbreak
1123,5,4,O-,3,2024-12-10,Fulfilled,Emergency,Outbreak
1124,8,4,A-,6,2024-12-10,Cancelled,Emergency,Outbreak
1125,8,1,AB-,2,2024-12-10,Fulfilled,Urgent,Outbreak
1126,6,2,A+,2,2024-12-10,Fulfilled,Emergency,Outbreak
1127,7,1,B+,4,2024-12-10,Fulfilled,Urgent,Outbreak
1128,4,3,A+,6,2024-12-10,Fulfilled,Emergency,Outbreak
1129,6,3,B-,3,2024-12-10,Fulfilled,Emergency,Outbreak
1130,5,1,A-,5,2024-12-10,Fulfilled,Emergency,Outbreak
1131,3,1,A+,18,2024-12-10,Fulfilled,Emergency,Outbreak
1132,5,2,AB+,2,2024-12-10,Fulfilled,Urgent,Outbreak
1133,8,3,O-,2,2024-12-11,Fulfilled,Emergency,Outbreak
1134,5,3,AB+,3,2024-12-11,Fulfilled,Urgent,Outbreak
1135,6,4,O-,5,2024-12-11,Fulfilled,Emergency,Outbreak
1136,3,3,B+,7,2024-12-11,Fulfilled,Emergency,Outbreak
1137,2,3,A+,6,2024-12-11,Fulfilled,Emergency,Outbreak
1138,8,3,A-,2,2024-12-11,Fulfilled,Emergency,Outbreak
1139,6,1,AB+,2,2024-12-11,Fulfilled,Urgent,Outbreak
1140,7,3,A+,2,2024-12-12,Fulfilled,Urgent,Outbreak
1141,7,1,B+,3,2024-12-12,Fulfilled,Emergency,Outbreak
1142,3,4,A+,2,2024-12-12,Fulfilled,Emergency,Outbreak
1143,6,1,AB-,5,2024-12-12,Fulfilled,Emergency,Outbreak
1144,6,2,AB+,3,2024-12-12,Fulfilled,Emergency,Outbreak
1145,4,1,O+,5,2024-12-12,Fulfilled,Emergency,Outbreak
1146,8,4,B+,4,2024-12-12,Fulfilled,Urgent,Outbreak
1147,7,4,B+,6,2024-12-12,Cancelled,Emergency,Outbreak
1148,8,2,A+,5,2024-12-12,Fulfilled,Emergency,Outbreak
1149,8,1,O-,3,2024-12-12,Fulfilled,Urgent,Outbreak
1150,8,4,O+,5,2024-12-12,Fulfilled,Emergency,Outbreak
1151,2,4,B+,5,2024-12-12,Fulfilled,Emergency,Outbreak
1152,3,2,B+,5,2024-12-12,Fulfilled,Emergency,Outbreak
1153,8,1,A+,3,2024-12-12,Fulfilled,Emergency,Outbreak
1154,4,4,A+,6,2024-12-12,Fulfilled,Urgent,Outbreak
1155,6,1,O+,3,2024-12-13,Fulfilled,Emergency,Outbreak
1156,1,4,O-,2,2024-12-13,Fulfilled,Emergency,Outbreak
1157,3,2,O+,4,2024-12-13,Fulfilled,Emergency,Outbreak
1158,7,3,B-,3,2024-12-13,Fulfilled,Urgent,Outbreak
1159,1,3,A+,6,2024-12-13,Fulfilled,Emergency,Outbreak
1160,1,1,B+,5,2024-12-13,Fulfilled,Emergency,Outbreak
1161,2,4,A+,4,2024-12-13,Fulfilled,Emergency,Outbreak
1162,5,1,B+,4,2024-12-13,Fulfilled,Emergency,Outbreak
1163,3,2,AB+,4,2024-12-14,Fulfilled,Emergency,Outbreak
1164,7,2,O-,3,2024-12-14,Fulfilled,Emergency,Outbreak
1165,4,2,O+,17,2024-12-14,Fulfilled,Emergency,Outbreak
1166,3,4,B-,1,2024-12-14,Fulfilled,Emergency,Outbreak
1167,4,2,AB+,8,2024-12-14,Fulfilled,Emergency,Outbreak
1168,2,4,B+,9,2024-12-14,Fulfilled,Emergency,Outbreak
1169,4,1,A+,6,2024-12-14,Fulfilled,Urgent,Outbreak
1170,5,4,A+,3,2024-12-14,Fulfilled,Urgent,Outbreak
1171,1,4,A+,1,2024-12-14,Fulfilled,Urgent,Outbreak
1172,5,3,B+,3,2024-12-14,Fulfilled,Urgent,Outbreak
1173,3,1,B-,2,2024-12-14,Fulfilled,Emergency,Outbreak
1174,5,4,A+,1,2024-12-14,Fulfilled,Urgent,Outbreak
1175,4,2,A-,8,2024-12-14,Fulfilled,Emergency,Outbreak
1176,1,2,A+,5,2024-12-14,Fulfilled,Emergency,Outbreak
1177,2,2,B+,4,2024-12-15,Fulfilled,Emergency,Outbreak
1178,4,1,A+,4,2024-12-15,Fulfilled,Emergency,Outbreak
1179,1,1,B+,3,2024-12-15,Fulfilled,Emergency,Outbreak
1180,8,3,AB+,2,2024-12-15,Fulfilled,Emergency,Outbreak
1181,6,1,A+,4,2024-12-15,Fulfilled,Emergency,Outbreak
1182,4,4,A+,6,2024-12-15,Fulfilled,Urgent,Outbreak
1183,5,4,A+,1,2024-12-15,Fulfilled,Urgent,Outbreak
1184,3,3,B-,3,2024-12-15,Fulfilled,Urgent,Outbreak
1185,8,4,B+,4,2024-12-16,Fulfilled,Emergency,Outbreak
1186,7,2,O+,7,2024-12-16,Fulfilled,Emergency,Outbreak
1187,3,4,B+,3,2024-12-16,Fulfilled,Emergency,Outbreak
1188,8,3,A+,4,2024-12-16,Fulfilled,Emergency,Outbreak
1189,4,1,AB+,8,2024-12-16,Fulfilled,Urgent,Outbreak
1190,1,2,B+,7,2024-12-16,Fulfilled,Emergency,Outbreak
1191,1,1,A+,4,2024-12-16,Fulfilled,Emergency,Outbreak
1192,6,3,B+,4,2024-12-17,Fulfilled,Urgent,Outbreak
1193,2,4,A+,6,2024-12-17,Fulfilled,Emergency,Outbreak
1194,3,1,B-,12,2024-12-17,Fulfilled,Emergency,Outbreak
1195,3,4,B+,3,2024-12-17,Fulfilled,Emergency,Outbreak
1196,1,3,A+,4,2024-12-17,Fulfilled,Emergency,Outbreak
1197,2,1,O+,1,2024-12-18,Fulfilled,Urgent,None
1198,1,1,B+,3,2024-12-18,Fulfilled,Routine,None
1199,8,4,O+,1,2024-12-18,Fulfilled,Routine,None
1200,3,1,O+,2,2024-12-18,Fulfilled,Routine,None
1201,8,2,B-,2,2024-12-18,Fulfilled,Routine,None
1202,1,2,A+,1,2024-12-18,Fulfilled,Routine,None
1203,5,1,A-,4,2024-12-18,Cancelled,Routine,None
1204,7,3,O+,2,2024-12-18,Fulfilled,Routine,None
1205,8,4,A+,8,2024-12-18,Fulfilled,Emergency,None
1206,7,3,O+,1,2024-12-18,Fulfilled,Routine,None
1207,1,1,A+,1,2024-12-18,Fulfilled,Routine,None
1208,6,4,O+,4,2024-12-19,Fulfilled,Emergency,None
1209,4,4,A+,2,2024-12-19,Fulfilled,Urgent,None
1210,7,1,B+,2,2024-12-19,Fulfilled,Routine,None
1211,2,1,B+,3,2024-12-19,Fulfilled,Emergency,None
1212,1,2,AB+,3,2024-12-19,Fulfilled,Routine,None
1213,1,1,A+,2,2024-12-19,Fulfilled,Routine,None
1214,1,3,B+,1,2024-12-19,Fulfilled,Routine,None
1215,5,3,O+,3,2024-12-19,Fulfilled,Routine,None
1216,6,2,AB+,2,2024-12-19,Fulfilled,Routine,None
1217,5,4,B-,1,2024-12-20,Fulfilled,Routine,None
1218,8,4,O+,1,2024-12-20,Fulfilled,Routine,None
1219,6,2,O+,1,2024-12-20,Fulfilled,Routine,None
1220,4,4,B+,3,2024-12-20,Fulfilled,Routine,None
1221,1,2,A+,1,2024-12-20,Fulfilled,Routine,None
1222,5,4,B+,1,2024-12-20,Fulfilled,Routine,None
1223,7,4,A+,2,2024-12-20,Fulfilled,Routine,None
1224,7,3,O-,1,2024-12-20,Fulfilled,Routine,None
1225,2,4,A+,1,2024-12-20,Fulfilled,Routine,None
1226,3,2,A-,2,2024-12-20,Fulfilled,Routine,None
1227,1,3,O+,1,2024-12-20,Fulfilled,Routine,None
1228,8,2,B+,1,2024-12-20,Fulfilled,Routine,None
1229,2,3,A+,3,2024-12-21,Fulfilled,Urgent,None
1230,6,4,A+,4,2024-12-21,Fulfilled,Urgent,None
1231,5,4,A+,3,2024-12-21,Fulfilled,Emergency,None
1232,2,2,AB+,2,2024-12-21,Fulfilled,Routine,None
1233,8,1,O+,1,2024-12-21,Fulfilled,Routine,None
1234,4,4,A+,1,2024-12-21,Fulfilled,Routine,None
1235,2,3,B+,2,2024-12-21,Fulfilled,Routine,None
1236,7,1,A+,1,2024-12-21,Fulfilled,Routine,None
1237,4,4,B+,4,2024-12-21,Fulfilled,Routine,None
1238,6,4,B+,1,2024-12-21,Fulfilled,Routine,None
1239,8,1,A-,1,2024-12-22,Fulfilled,Routine,None
1240,2,3,A+,1,2024-12-22,Fulfilled,Routine,None
1241,7,2,AB+,1,2024-12-22,Fulfilled,Routine,None
1242,2,3,O-,2,2024-12-22,Fulfilled,Urgent,None
1243,7,3,A+,1,2024-12-22,Fulfilled,Routine,None
1244,1,4,B+,2,2024-12-22,Fulfilled,Urgent,None
1245,8,3,O-,4,2024-12-22,Fulfilled,Urgent,None
1246,5,4,O+,2,2024-12-23,Fulfilled,Emergency,None
1247,8,4,A-,2,2024-12-23,Fulfilled,Routine,None
1248,6,3,O+,1,2024-12-23,Fulfilled,Routine,None
1249,7,1,A-,2,2024-12-23,Cancelled,Emergency,None
1250,6,4,O+,1,2024-12-23,Fulfilled,Routine,None
1251,8,4,B+,4,2024-12-23,Fulfilled,Routine,None
1252,6,2,B+,2,2024-12-23,Fulfilled,Routine,None
1253,1,4,A+,1,2024-12-23,Fulfilled,Urgent,None
1254,5,2,B+,2,2024-12-23,Fulfilled,Routine,None
1255,8,4,A+,3,2024-12-23,Fulfilled,Routine,None
1256,3,2,A-,2,2024-12-24,Fulfilled,Routine,None
1257,7,4,A+,2,2024-12-24,Fulfilled,Routine,None
1258,3,4,A+,2,2024-12-24,Fulfilled,Routine,None
1259,4,4,A-,5,2024-12-24,Fulfilled,Routine,None
1260,8,1,B-,2,2024-12-24,Fulfilled,Routine,None
1261,1,3,A+,3,2024-12-24,Fulfilled,Urgent,None
1262,7,1,B+,1,2024-12-24,Fulfilled,Routine,None
1263,3,2,A+,2,2024-12-24,Fulfilled,Routine,None
1264,8,2,A+,3,2024-12-25,Fulfilled,Routine,None
1265,6,2,A+,3,2024-12-25,Fulfilled,Urgent,None
1266,1,2,AB+,2,2024-12-25,Cancelled,Routine,None
1267,1,2,O+,1,2024-12-25,Fulfilled,Routine,None
1268,6,4,O+,1,2024-12-25,Fulfilled,Routine,None
1269,4,2,A-,5,2024-12-25,Fulfilled,Routine,None
1270,6,1,A+,2,2024-12-25,Fulfilled,Urgent,None
1271,5,4,B+,1,2024-12-25,Fulfilled,Routine,None
1272,5,3,B-,1,2024-12-25,Fulfilled,Routine,None
1273,3,3,B+,2,2024-12-26,Fulfilled,Routine,None
1274,6,2,O+,2,2024-12-26,Fulfilled,Routine,None
1275,7,2,A+,1,2024-12-26,Fulfilled,Routine,None
1276,5,3,O+,2,2024-12-26,Fulfilled,Emergency,None
1277,2,4,AB+,1,2024-12-26,Fulfilled,Routine,None
1278,7,2,A+,3,2024-12-26,Fulfilled,Emergency,None
1279,5,2,A+,1,2024-12-26,Fulfilled,Routine,None
1280,1,4,B+,1,2024-12-27,Fulfilled,Routine,None
1281,8,3,A+,1,2024-12-27,Fulfilled,Routine,None
1282,4,2,B-,3,2024-12-27,Fulfilled,Routine,None
1283,2,1,AB-,3,2024-12-27,Fulfilled,Urgent,None
1284,2,4,O+,1,2024-12-27,Fulfilled,Routine,None
1285,5,2,A+,4,2024-12-27,Fulfilled,Routine,None
1286,7,4,A+,1,2024-12-27,Fulfilled,Routine,None
1287,7,1,A+,4,2024-12-27,Fulfilled,Emergency,None
1288,7,2,A+,5,2024-12-27,Fulfilled,Emergency,None
1289,2,1,O-,1,2024-12-27,Fulfilled,Routine,None
1290,3,2,A+,2,2024-12-27,Fulfilled,Routine,None
1291,6,4,B+,2,2024-12-28,Fulfilled,Routine,None
1292,1,4,O+,2,2024-12-28,Fulfilled,Routine,None
1293,1,3,AB+,2,2024-12-28,Fulfilled,Routine,None
1294,8,3,B-,2,2024-12-28,Fulfilled,Routine,None
1295,1,4,O+,2,2024-12-28,Fulfilled,Routine,None
1296,4,2,O+,1,2024-12-29,Cancelled,Routine,None
1297,3,3,A+,1,2024-12-29,Fulfilled,Routine,None
1298,5,4,A+,2,2024-12-29,Fulfilled,Routine,None
1299,2,1,AB-,7,2024-12-29,Fulfilled,Emergency,None
1300,6,1,AB+,3,2024-12-29,Fulfilled,Routine,None
1301,2,3,B+,2,2024-12-29,Fulfilled,Routine,None
1302,4,4,A+,3,2024-12-29,Fulfilled,Routine,None
1303,8,2,A-,2,2024-12-29,Fulfilled,Routine,None
1304,4,3,O+,3,2024-12-29,Fulfilled,Routine,None
1305,6,4,A+,2,2024-12-29,Fulfilled,Routine,None
1306,3,1,O+,3,2024-12-29,Fulfilled,Urgent,None
1307,8,1,A+,2,2024-12-29,Fulfilled,Routine,None
1308,6,4,A+,2,2024-12-29,Fulfilled,Urgent,None
1309,2,1,B+,1,2024-12-29,Fulfilled,Routine,None
1310,4,2,B-,1,2024-12-29,Fulfilled,Routine,None
1311,3,1,A+,4,2024-12-29,Fulfilled,Urgent,None
1312,4,2,O+,2,2024-12-29,Fulfilled,Routine,None
1313,1,1,A+,3,2024-12-30,Fulfilled,Routine,None
1314,8,1,A+,1,2024-12-30,Fulfilled,Routine,None
1315,1,4,AB+,3,2024-12-30,Fulfilled,Urgent,None
1316,5,1,A+,1,2024-12-30,Fulfilled,Routine,None
1317,3,1,B+,2,2024-12-30,Fulfilled,Routine,None
1318,4,2,B+,2,2024-12-30,Fulfilled,Routine,None
1319,7,4,A+,2,2024-12-30,Fulfilled,Routine,None
1320,8,2,A+,1,2024-12-30,Fulfilled,Routine,None
1321,5,4,A+,2,2024-12-31,Fulfilled,Routine,None
1322,3,3,B-,1,2024-12-31,Fulfilled,Routine,None
1323,7,3,O+,2,2024-12-31,Fulfilled,Routine,None
1324,1,4,B+,2,2024-12-31,Fulfilled,Routine,None
1325,4,2,A+,4,2024-12-31,Cancelled,Routine,None
1326,4,1,B+,6,2024-12-31,Fulfilled,Routine,None
1327,2,2,AB-,1,2025-01-01,Fulfilled,Routine,None
1328,1,2,A+,1,2025-01-01,Fulfilled,Routine,None
1329,3,3,A-,2,2025-01-01,Fulfilled,Routine,None
1330,4,2,AB-,3,2025-01-01,Fulfilled,Routine,None
1331,6,2,O+,7,2025-01-01,Fulfilled,Emergency,None
1332,3,4,A+,2,2025-01-01,Fulfilled,Routine,None
1333,1,2,A+,1,2025-01-01,Fulfilled,Routine,None
1334,5,3,B+,2,2025-01-01,Fulfilled,Routine,None
1335,4,3,B+,5,2025-01-02,Fulfilled,Routine,None
1336,6,1,O+,1,2025-01-02,Fulfilled,Routine,None
1337,8,3,O+,1,2025-01-02,Fulfilled,Routine,None
1338,2,2,A+,2,2025-01-02,Fulfilled,Routine,None
1339,8,2,A+,5,2025-01-02,Fulfilled,Urgent,None
1340,5,4,AB+,1,2025-01-03,Fulfilled,Routine,None
1341,1,4,A-,1,2025-01-03,Fulfilled,Routine,None
1342,4,4,B+,8,2025-01-03,Fulfilled,Urgent,None
1343,1,1,A+,4,2025-01-03,Fulfilled,Routine,None
1344,7,2,B+,1,2025-01-03,Fulfilled,Routine,None
1345,6,1,B+,1,2025-01-03,Cancelled,Routine,None
1346,6,1,A+,1,2025-01-03,Fulfilled,Routine,None
1347,5,4,A+,2,2025-01-03,Fulfilled,Urgent,None
1348,5,3,A+,2,2025-01-03,Cancelled,Routine,None
1349,8,3,B+,1,2025-01-04,Fulfilled,Routine,None
1350,5,2,B+,5,2025-01-04,Fulfilled,Urgent,None
1351,2,3,O+,2,2025-01-04,Cancelled,Routine,None
1352,4,3,AB+,12,2025-01-04,Fulfilled,Urgent,None
1353,8,1,A+,4,2025-01-05,Fulfilled,Routine,None
1354,1,3,A-,2,2025-01-05,Fulfilled,Routine,None
1355,5,4,O-,1,2025-01-05,Fulfilled,Routine,None
1356,7,4,O+,1,2025-01-05,Fulfilled,Routine,None
1357,3,4,O+,1,2025-01-05,Fulfilled,Routine,None
1358,1,2,B+,1,2025-01-05,Fulfilled,Routine,None
1359,7,1,O+,1,2025-01-05,Fulfilled,Routine,None
1360,5,4,A+,2,2025-01-05,Fulfilled,Routine,None
1361,1,3,A+,4,2025-01-05,Fulfilled,Routine,None
1362,4,4,A+,9,2025-01-05,Fulfilled,Urgent,None
1363,8,1,B+,5,2025-01-05,Fulfilled,Emergency,None
1364,7,1,A+,1,2025-01-05,Fulfilled,Routine,None
1365,1,1,A+,2,2025-01-06,Fulfilled,Urgent,None
1366,7,3,A+,1,2025-01-06,Fulfilled,Urgent,None
1367,2,4,A+,3,2025-01-06,Fulfilled,Emergency,None
1368,6,3,B+,2,2025-01-06,Fulfilled,Routine,None
1369,2,4,O+,1,2025-01-06,Fulfilled,Routine,None
1370,3,1,A-,2,2025-01-06,Fulfilled,Urgent,None
1371,1,4,B+,3,2025-01-06,Fulfilled,Urgent,None
1372,8,1,O+,2,2025-01-06,Fulfilled,Routine,None
1373,4,1,B+,3,2025-01-06,Fulfilled,Routine,None
1374,4,4,O+,3,2025-01-06,Fulfilled,Routine,None
1375,1,2,A+,1,2025-01-06,Fulfilled,Routine,None
1376,4,1,AB+,3,2025-01-06,Fulfilled,Routine,None
1377,8,3,A+,2,2025-01-07,Fulfilled,Routine,None
1378,5,3,A-,1,2025-01-07,Fulfilled,Routine,None
1379,6,1,A+,4,2025-01-07,Fulfilled,Routine,None
1380,7,3,O-,3,2025-01-07,Fulfilled,Urgent,None
1381,2,1,A+,2,2025-01-07,Fulfilled,Routine,None
1382,6,2,A+,3,2025-01-07,Fulfilled,Routine,None
1383,1,4,B+,1,2025-01-07,Fulfilled,Routine,None
1384,7,3,A+,2,2025-01-07,Fulfilled,Routine,None
1385,8,4,B+,1,2025-01-07,Fulfilled,Routine,None
1386,8,1,AB+,2,2025-01-07,Fulfilled,Routine,None
1387,7,3,A-,2,2025-01-07,Fulfilled,Routine,None
1388,6,1,B+,1,2025-01-08,Fulfilled,Routine,None
1389,7,4,A+,1,2025-01-08,Fulfilled,Routine,None
1390,2,1,A+,2,2025-01-08,Fulfilled,Routine,None
1391,1,4,B+,3,2025-01-08,Fulfilled,Urgent,None
1392,1,4,A+,1,2025-01-08,Fulfilled,Routine,None
1393,2,2,A-,2,2025-01-09,Fulfilled,Urgent,None
1394,2,3,AB+,2,2025-01-09,Fulfilled,Routine,None
1395,2,4,B-,3,2025-01-09,Fulfilled,Emergency,None
1396,1,3,AB+,2,2025-01-09,Fulfilled,Routine,None
1397,1,2,AB+,1,2025-01-09,Fulfilled,Routine,None
1398,4,2,AB+,7,2025-01-09,Fulfilled,Emergency,None
1399,4,2,A+,4,2025-01-10,Fulfilled,Routine,None
1400,6,4,B+,1,2025-01-10,Fulfilled,Routine,None
1401,8,1,A-,1,2025-01-10,Fulfilled,Routine,None
1402,1,4,B+,1,2025-01-10,Fulfilled,Routine,None
1403,7,2,O+,1,2025-01-10,Fulfilled,Routine,None
1404,2,1,AB-,2,2025-01-10,Fulfilled,Routine,None
1405,5,2,AB+,3,2025-01-10,Fulfilled,Routine,None
1406,2,4,O+,1,2025-01-10,Fulfilled,Routine,None
1407,2,1,AB+,2,2025-01-10,Fulfilled,Routine,None
1408,5,4,O+,5,2025-01-10,Fulfilled,Urgent,None
1409,6,1,A-,4,2025-01-10,Fulfilled,Emergency,None
1410,8,3,A-,1,2025-01-11,Fulfilled,Routine,None
1411,7,1,B+,1,2025-01-11,Fulfilled,Routine,None
1412,3,2,A+,2,2025-01-11,Fulfilled,Routine,None
1413,7,1,B+,2,2025-01-11,Fulfilled,Urgent,None
1414,5,2,B-,1,2025-01-11,Fulfilled,Routine,None
1415,1,3,A+,5,2025-01-11,Fulfilled,Urgent,None
1416,5,3,A+,1,2025-01-11,Cancelled,Routine,None
1417,1,2,A+,2,2025-01-12,Fulfilled,Routine,None
1418,5,4,O+,1,2025-01-12,Fulfilled,Routine,None
1419,7,1,A+,1,2025-01-12,Fulfilled,Routine,None
1420,8,1,O+,2,2025-01-12,Fulfilled,Routine,None
1421,5,2,AB+,2,2025-01-12,Fulfilled,Routine,None
1422,1,4,B-,3,2025-01-12,Fulfilled,Urgent,None
1423,1,3,A+,1,2025-01-12,Fulfilled,Routine,None
1424,2,4,AB+,1,2025-01-12,Fulfilled,Urgent,None
1425,5,3,B+,2,2025-01-12,Fulfilled,Routine,None
1426,8,3,A+,3,2025-01-13,Fulfilled,Emergency,None
1427,2,2,A+,2,2025-01-13,Fulfilled,Routine,None
1428,1,1,A+,2,2025-01-13,Fulfilled,Routine,None
1429,7,3,B-,1,2025-01-13,Fulfilled,Routine,None
1430,2,3,A+,2,2025-01-13,Fulfilled,Urgent,None
1431,1,3,AB+,2,2025-01-13,Fulfilled,Routine,None
1432,2,3,B+,3,2025-01-13,Fulfilled,Routine,None
1433,8,1,B-,2,2025-01-13,Fulfilled,Routine,None
1434,8,1,A+,2,2025-01-13,Fulfilled,Routine,None
1435,7,3,A+,2,2025-01-14,Fulfilled,Routine,None
1436,2,1,A+,5,2025-01-14,Fulfilled,Emergency,None
1437,5,4,A+,1,2025-01-14,Fulfilled,Routine,None
1438,3,4,O+,1,2025-01-14,Fulfilled,Routine,None
1439,3,2,A+,3,2025-01-14,Cancelled,Emergency,None
1440,5,4,B+,4,2025-01-14,Fulfilled,Emergency,None
1441,8,1,O+,2,2025-01-14,Fulfilled,Urgent,None
1442,6,4,A+,1,2025-01-15,Fulfilled,Routine,None
1443,5,3,A+,2,2025-01-15,Fulfilled,Routine,None
1444,8,2,A-,6,2025-01-15,Fulfilled,Emergency,None
1445,6,1,AB+,1,2025-01-15,Fulfilled,Routine,None
1446,6,2,B+,1,2025-01-15,Fulfilled,Routine,None
1447,4,4,A+,3,2025-01-15,Fulfilled,Routine,None
1448,1,1,O+,5,2025-01-15,Fulfilled,Routine,None
1449,8,4,O-,4,2025-01-16,Fulfilled,Routine,None
1450,7,3,O+,1,2025-01-16,Fulfilled,Routine,None
1451,8,3,B-,2,2025-01-16,Fulfilled,Routine,None
1452,3,1,A+,1,2025-01-17,Fulfilled,Routine,None
1453,6,1,A+,3,2025-01-17,Fulfilled,Routine,None
1454,4,4,A+,5,2025-01-17,Fulfilled,Urgent,None
1455,5,4,A+,3,2025-01-17,Fulfilled,Routine,None
1456,6,3,A+,2,2025-01-17,Fulfilled,Routine,None
1457,5,2,A+,1,2025-01-17,Fulfilled,Routine,None
1458,7,2,A+,1,2025-01-17,Fulfilled,Routine,None
1459,1,1,A-,1,2025-01-17,Fulfilled,Urgent,None
1460,6,4,AB+,1,2025-01-17,Fulfilled,Routine,None
1461,5,1,B+,1,2025-01-17,Fulfilled,Routine,None
1462,6,3,B+,2,2025-01-17,Fulfilled,Routine,None
1463,3,4,AB+,3,2025-01-17,Fulfilled,Routine,None
1464,2,3,B+,1,2025-01-17,Fulfilled,Routine,None
1465,5,4,A+,1,2025-01-17,Fulfilled,Routine,None
1466,4,2,A+,13,2025-01-17,Fulfilled,Emergency,None
1467,8,2,AB+,2,2025-01-18,Fulfilled,Urgent,None
1468,1,3,AB+,1,2025-01-18,Fulfilled,Routine,None
1469,7,4,A+,3,2025-01-18,Fulfilled,Routine,None
1470,3,3,B+,1,2025-01-18,Fulfilled,Routine,None
1471,6,1,A+,2,2025-01-18,Fulfilled,Urgent,None
1472,4,4,B+,4,2025-01-18,Fulfilled,Routine,None
1473,3,1,A-,1,2025-01-18,Fulfilled,Routine,None
1474,8,4,O+,2,2025-01-18,Fulfilled,Routine,None
1475,5,2,A+,1,2025-01-18,Fulfilled,Routine,None
1476,7,1,O+,5,2025-01-18,Fulfilled,Routine,None
1477,7,1,O-,1,2025-01-18,Fulfilled,Routine,None
1478,3,4,A+,1,2025-01-18,Fulfilled,Routine,None
1479,8,4,A+,2,2025-01-19,Fulfilled,Routine,None
1480,2,2,A+,1,2025-01-19,Fulfilled,Routine,None
1481,6,4,A-,1,2025-01-19,Fulfilled,Routine,None
1482,1,2,A+,1,2025-01-19,Fulfilled,Routine,None
1483,7,1,O+,1,2025-01-20,Fulfilled,Routine,None
1484,2,4,A+,7,2025-01-20,Fulfilled,Emergency,None
1485,2,2,B+,1,2025-01-20,Fulfilled,Routine,None
1486,7,3,O+,1,2025-01-20,Fulfilled,Routine,None
1487,3,2,O+,2,2025-01-20,Fulfilled,Routine,None
1488,5,4,O+,2,2025-01-20,Fulfilled,Routine,None
1489,6,4,B-,1,2025-01-20,Fulfilled,Routine,None
1490,1,1,B-,1,2025-01-20,Fulfilled,Routine,None
1491,3,3,A-,1,2025-01-20,Fulfilled,Routine,None
1492,3,1,A+,6,2025-01-20,Cancelled,Emergency,None
1493,4,1,A+,3,2025-01-20,Fulfilled,Routine,None
1494,5,4,AB+,2,2025-01-20,Fulfilled,Routine,None
1495,4,3,A+,7,2025-01-21,Fulfilled,Routine,None
1496,7,1,B+,1,2025-01-21,Fulfilled,Routine,None
1497,8,4,A+,2,2025-01-21,Fulfilled,Routine,None
1498,5,3,A-,1,2025-01-21,Fulfilled,Routine,None
1499,1,3,A+,2,2025-01-21,Fulfilled,Routine,None
1500,4,2,A+,5,2025-01-21,Fulfilled,Urgent,None
1501,1,3,AB+,1,2025-01-22,Fulfilled,Routine,None
1502,7,2,B+,2,2025-01-22,Fulfilled,Urgent,None
1503,5,4,B+,1,2025-01-22,Fulfilled,Routine,None
1504,7,2,O+,2,2025-01-22,Fulfilled,Routine,None
1505,7,1,A-,1,2025-01-22,Fulfilled,Routine,None
1506,2,4,O+,2,2025-01-22,Fulfilled,Urgent,None
1507,5,3,A+,5,2025-01-23,Fulfilled,Emergency,None
1508,5,3,B+,1,2025-01-23,Fulfilled,Routine,None
1509,3,3,A+,1,2025-01-23,Fulfilled,Routine,None
1510,5,2,B-,2,2025-01-23,Fulfilled,Routine,None
1511,5,4,O-,1,2025-01-23,Fulfilled,Routine,None
1512,8,2,O+,5,2025-01-23,Fulfilled,Emergency,None
1513,8,2,A+,2,2025-01-23,Fulfilled,Routine,None
1514,2,1,A+,1,2025-01-23,Fulfilled,Urgent,None
1515,3,2,AB+,3,2025-01-23,Fulfilled,Routine,None
1516,2,1,A+,1,2025-01-23,Cancelled,Routine,None
1517,3,4,O+,1,2025-01-24,Fulfilled,Routine,None
1518,5,2,B+,1,2025-01-24,Fulfilled,Routine,None
1519,5,4,O+,2,2025-01-24,Fulfilled,Routine,None
1520,8,3,O+,1,2025-01-24,Fulfilled,Routine,None
1521,4,3,A-,4,2025-01-24,Fulfilled,Routine,None
1522,4,1,AB+,3,2025-01-24,Fulfilled,Routine,None
1523,6,4,A+,2,2025-01-24,Fulfilled,Routine,None
1524,6,1,A+,1,2025-01-24,Fulfilled,Routine,None
1525,5,2,A+,2,2025-01-25,Fulfilled,Routine,None
1526,4,1,A-,8,2025-01-25,Fulfilled,Urgent,None
1527,6,4,A+,2,2025-01-25,Fulfilled,Routine,None
1528,1,3,B+,1,2025-01-25,Fulfilled,Routine,None
1529,5,1,AB+,1,2025-01-25,Fulfilled,Routine,None
1530,8,4,A+,6,2025-01-25,Fulfilled,Emergency,None
1531,4,1,B+,5,2025-01-25,Fulfilled,Routine,None
1532,7,1,A+,4,2025-01-25,Fulfilled,Routine,None
1533,5,1,A+,3,2025-01-25,Fulfilled,Routine,None
1534,8,3,B+,2,2025-01-25,Fulfilled,Routine,None
1535,4,2,B-,3,2025-01-25,Fulfilled,Urgent,None
1536,7,3,B+,2,2025-01-25,Fulfilled,Routine,None
1537,8,4,A+,3,2025-01-26,Fulfilled,Routine,None
1538,1,2,A+,4,2025-01-26,Fulfilled,Routine,None
1539,8,4,O+,1,2025-01-26,Cancelled,Routine,None
1540,7,2,O+,1,2025-01-26,Fulfilled,Routine,None
1541,3,3,B+,2,2025-01-26,Fulfilled,Routine,None
1542,7,1,A+,1,2025-01-26,Fulfilled,Routine,None
1543,7,3,B+,5,2025-01-26,Fulfilled,Urgent,None
1544,5,3,AB+,1,2025-01-26,Fulfilled,Routine,None
1545,5,4,A+,3,2025-01-26,Fulfilled,Urgent,None
1546,4,4,O+,8,2025-01-27,Fulfilled,Emergency,None
1547,5,4,B-,2,2025-01-27,Fulfilled,Urgent,None
1548,7,2,AB+,2,2025-01-27,Fulfilled,Routine,None
1549,3,2,O-,2,2025-01-27,Fulfilled,Routine,None
1550,8,3,B+,2,2025-01-27,Fulfilled,Routine,None
1551,5,1,A+,2,2025-01-27,Fulfilled,Routine,None
1552,3,1,B+,4,2025-01-27,Fulfilled,Urgent,None
1553,2,1,O+,2,2025-01-27,Fulfilled,Routine,None
1554,2,2,O-,2,2025-01-27,Fulfilled,Urgent,None
1555,2,4,A+,3,2025-01-28,Fulfilled,Urgent,None
1556,1,1,A+,3,2025-01-28,Fulfilled,Routine,None
1557,6,4,B+,1,2025-01-28,Fulfilled,Routine,None
1558,1,1,A+,2,2025-01-28,Fulfilled,Routine,None
1559,6,2,O+,2,2025-01-28,Fulfilled,Routine,None
1560,6,2,B+,1,2025-01-29,Fulfilled,Routine,None
1561,8,2,A+,1,2025-01-29,Fulfilled,Routine,None
1562,5,4,A+,1,2025-01-29,Fulfilled,Routine,None
1563,8,3,A+,1,2025-01-29,Fulfilled,Routine,None
1564,3,1,AB+,1,2025-01-29,Fulfilled,Routine,None
1565,3,1,O+,1,2025-01-30,Fulfilled,Routine,None
1566,5,2,O+,1,2025-01-30,Fulfilled,Routine,None
1567,5,1,A+,2,2025-01-30,Fulfilled,Routine,None
1568,5,1,B+,4,2025-01-30,Fulfilled,Urgent,None
1569,5,3,A+,2,2025-01-31,Fulfilled,Routine,None
1570,1,3,O+,2,2025-01-31,Fulfilled,Urgent,None
1571,6,2,A+,4,2025-01-31,Fulfilled,Urgent,None
1572,2,3,AB+,6,2025-01-31,Fulfilled,Emergency,None
1573,3,1,B+,3,2025-01-31,Fulfilled,Routine,None
1574,2,2,B+,2,2025-01-31,Fulfilled,Routine,None
1575,4,3,B-,3,2025-01-31,Fulfilled,Routine,None
1576,1,3,O-,1,2025-01-31,Fulfilled,Routine,None
1577,5,1,B+,1,2025-01-31,Fulfilled,Routine,None
1578,1,3,A+,1,2025-01-31,Fulfilled,Urgent,None
1579,6,2,A-,1,2025-01-31,Cancelled,Routine,None
1580,7,3,A+,1,2025-01-31,Fulfilled,Routine,None
1581,8,1,A-,7,2025-02-01,Cancelled,Emergency,None
1582,3,3,A-,2,2025-02-01,Fulfilled,Routine,None
1583,2,3,A+,2,2025-02-01,Fulfilled,Routine,None
1584,7,3,B+,3,2025-02-01,Fulfilled,Urgent,None
1585,6,2,B+,1,2025-02-01,Cancelled,Routine,None
1586,4,4,A-,5,2025-02-01,Fulfilled,Routine,None
1587,5,3,AB+,2,2025-02-01,Fulfilled,Urgent,None
1588,2,3,B+,1,2025-02-01,Fulfilled,Routine,None
1589,2,4,B+,3,2025-02-01,Fulfilled,Urgent,None
1590,3,4,B+,1,2025-02-02,Fulfilled,Routine,None
1591,5,3,A-,3,2025-02-02,Fulfilled,Urgent,None
1592,7,3,A+,2,2025-02-02,Fulfilled,Routine,None
1593,4,1,O+,5,2025-02-02,Fulfilled,Routine,None
1594,8,2,A+,5,2025-02-02,Fulfilled,Emergency,None
1595,2,2,O+,2,2025-02-02,Fulfilled,Routine,None
1596,4,1,A+,16,2025-02-02,Fulfilled,Emergency,None
1597,2,2,A+,2,2025-02-02,Fulfilled,Routine,None
1598,7,2,O+,1,2025-02-02,Fulfilled,Routine,None
1599,7,4,B+,1,2025-02-02,Fulfilled,Routine,None
1600,3,2,A-,3,2025-02-02,Fulfilled,Routine,None
1601,1,1,B+,2,2025-02-02,Fulfilled,Urgent,None
1602,6,1,O+,1,2025-02-02,Fulfilled,Routine,None
1603,6,3,B+,1,2025-02-02,Fulfilled,Routine,None
1604,1,2,A+,3,2025-02-03,Fulfilled,Urgent,None
1605,1,1,A+,5,2025-02-03,Fulfilled,Routine,None
1606,4,1,A-,6,2025-02-03,Fulfilled,Routine,None
1607,1,3,A+,3,2025-02-03,Fulfilled,Urgent,None
1608,3,3,A+,2,2025-02-03,Fulfilled,Urgent,None
1609,4,3,B+,8,2025-02-03,Fulfilled,Urgent,None
1610,1,4,B+,4,2025-02-03,Fulfilled,Emergency,None
1611,7,3,A+,6,2025-02-04,Fulfilled,Emergency,None
1612,1,4,O+,1,2025-02-04,Fulfilled,Routine,None
1613,3,4,B+,1,2025-02-04,Fulfilled,Routine,None
1614,3,2,B+,11,2025-02-04,Fulfilled,Emergency,None
1615,2,4,A-,2,2025-02-04,Fulfilled,Emergency,None
1616,3,1,O-,2,2025-02-04,Fulfilled,Routine,None
1617,3,3,AB-,2,2025-02-04,Fulfilled,Routine,None
1618,7,3,B+,3,2025-02-04,Fulfilled,Urgent,None
1619,3,2,B+,3,2025-02-05,Fulfilled,Routine,None
1620,8,4,A+,1,2025-02-05,Fulfilled,Routine,None
1621,6,2,A+,1,2025-02-05,Fulfilled,Routine,None
1622,3,2,A+,3,2025-02-05,Fulfilled,Routine,None
1623,3,2,B+,1,2025-02-05,Fulfilled,Emergency,None
1624,1,3,A+,3,2025-02-05,Cancelled,Emergency,None
1625,7,3,B+,1,2025-02-05,Fulfilled,Routine,None
1626,6,3,A+,4,2025-02-05,Cancelled,Emergency,None
1627,1,2,B+,2,2025-02-05,Fulfilled,Routine,None
1628,1,3,B+,2,2025-02-06,Fulfilled,Emergency,None
1629,1,2,A-,1,2025-02-06,Fulfilled,Routine,None
1630,2,3,B+,9,2025-02-06,Fulfilled,Emergency,None
1631,2,4,B-,1,2025-02-06,Fulfilled,Urgent,None
1632,2,3,O+,3,2025-02-06,Fulfilled,Routine,None
1633,6,2,AB+,2,2025-02-06,Fulfilled,Routine,None
1634,7,2,B+,1,2025-02-07,Fulfilled,Routine,None
1635,2,2,A-,2,2025-02-07,Fulfilled,Routine,None
1636,1,4,A+,3,2025-02-07,Fulfilled,Routine,None
1637,1,2,B-,1,2025-02-07,Fulfilled,Routine,None
1638,2,3,A+,1,2025-02-07,Fulfilled,Routine,None
1639,6,2,A+,1,2025-02-07,Fulfilled,Urgent,None
1640,2,3,O+,2,2025-02-07,Fulfilled,Routine,None
1641,5,2,A+,3,2025-02-07,Fulfilled,Routine,None
1642,6,1,AB+,2,2025-02-07,Fulfilled,Routine,None
1643,1,2,A+,1,2025-02-07,Fulfilled,Routine,None
1644,1,4,B+,1,2025-02-07,Fulfilled,Routine,None
1645,1,1,A+,3,2025-02-08,Fulfilled,Urgent,None
1646,1,3,B+,2,2025-02-08,Fulfilled,Routine,None
1647,4,2,A+,20,2025-02-08,Fulfilled,Emergency,None
1648,4,4,O+,5,2025-02-08,Fulfilled,Routine,None
1649,5,3,O+,2,2025-02-08,Fulfilled,Routine,None
1650,4,3,B+,8,2025-02-08,Fulfilled,Urgent,None
1651,3,2,A+,1,2025-02-08,Fulfilled,Routine,None
1652,1,3,A+,2,2025-02-08,Fulfilled,Routine,None
1653,8,3,A+,3,2025-02-08,Fulfilled,Routine,None
1654,8,2,B+,3,2025-02-08,Fulfilled,Routine,None
1655,3,4,AB+,2,2025-02-08,Fulfilled,Routine,None
1656,2,1,B-,1,2025-02-08,Fulfilled,Routine,None
1657,2,2,B+,2,2025-02-08,Fulfilled,Routine,None
1658,6,4,AB+,1,2025-02-08,Fulfilled,Routine,None
1659,1,1,A+,1,2025-02-08,Fulfilled,Routine,None
1660,2,2,A+,1,2025-02-08,Fulfilled,Routine,None
1661,2,1,A+,1,2025-02-09,Fulfilled,Urgent,None
1662,6,4,AB+,3,2025-02-09,Fulfilled,Routine,None
1663,1,2,B-,1,2025-02-09,Fulfilled,Routine,None
1664,6,2,AB+,1,2025-02-09,Fulfilled,Routine,None
1665,8,3,B+,2,2025-02-09,Fulfilled,Routine,None
1666,3,3,A+,2,2025-02-09,Fulfilled,Routine,None
1667,5,1,A-,1,2025-02-09,Fulfilled,Routine,None
1668,8,2,A-,1,2025-02-09,Fulfilled,Routine,None
1669,2,4,B+,1,2025-02-10,Fulfilled,Routine,None
1670,6,1,A+,1,2025-02-10,Fulfilled,Routine,None
1671,5,2,A+,2,2025-02-10,Fulfilled,Routine,None
1672,5,3,A+,3,2025-02-10,Fulfilled,Routine,None
1673,8,4,A+,1,2025-02-10,Fulfilled,Routine,None
1674,5,4,A+,2,2025-02-10,Fulfilled,Routine,None
1675,1,2,A+,2,2025-02-10,Fulfilled,Routine,None
1676,8,3,O+,2,2025-02-10,Fulfilled,Routine,None
1677,8,3,O+,2,2025-02-10,Fulfilled,Routine,None
1678,2,3,O+,3,2025-02-10,Fulfilled,Emergency,None
1679,4,2,B-,4,2025-02-10,Fulfilled,Routine,None
1680,1,2,B+,3,2025-02-11,Fulfilled,Urgent,None
1681,5,4,A+,3,2025-02-11,Fulfilled,Routine,None
1682,4,1,A+,5,2025-02-11,Fulfilled,Urgent,None
1683,5,3,B+,1,2025-02-11,Fulfilled,Routine,None
1684,1,4,O-,1,2025-02-11,Fulfilled,Routine,None
1685,3,1,O+,2,2025-02-11,Fulfilled,Urgent,None
1686,3,4,B+,2,2025-02-11,Fulfilled,Routine,None
1687,1,1,O-,1,2025-02-11,Fulfilled,Urgent,None
1688,4,3,A-,6,2025-02-11,Fulfilled,Urgent,None
1689,7,2,A+,1,2025-02-12,Fulfilled,Routine,None
1690,3,3,O+,2,2025-02-12,Fulfilled,Routine,None
1691,4,3,B+,3,2025-02-12,Cancelled,Routine,None
1692,4,1,O+,6,2025-02-12,Fulfilled,Emergency,None
1693,7,4,A+,2,2025-02-12,Fulfilled,Routine,None
1694,6,4,O-,5,2025-02-12,Fulfilled,Emergency,None
1695,6,3,A-,4,2025-02-12,Fulfilled,Emergency,None
1696,5,1,A-,5,2025-02-12,Fulfilled,Urgent,None
1697,2,2,B+,1,2025-02-12,Fulfilled,Routine,None
1698,6,2,A+,5,2025-02-12,Fulfilled,Urgent,None
1699,4,2,A+,4,2025-02-13,Fulfilled,Routine,None
1700,6,3,A-,1,2025-02-13,Fulfilled,Routine,None
1701,3,3,A+,3,2025-02-13,Fulfilled,Routine,None
1702,6,2,B+,5,2025-02-13,Fulfilled,Urgent,None
1703,1,3,A+,3,2025-02-13,Fulfilled,Urgent,None
1704,2,3,B+,1,2025-02-13,Fulfilled,Routine,None
1705,7,4,B+,1,2025-02-13,Fulfilled,Routine,None
1706,4,2,A+,4,2025-02-13,Fulfilled,Routine,None
1707,6,3,O+,4,2025-02-14,Fulfilled,Urgent,None
1708,8,4,B+,2,2025-02-14,Fulfilled,Emergency,None
1709,4,2,A+,5,2025-02-14,Fulfilled,Routine,None
1710,7,2,A-,2,2025-02-14,Fulfilled,Routine,None
1711,4,3,B+,4,2025-02-14,Fulfilled,Routine,None
1712,2,2,A+,1,2025-02-14,Fulfilled,Routine,None
1713,8,1,O-,5,2025-02-14,Fulfilled,Routine,None
1714,4,1,A+,2,2025-02-14,Fulfilled,Routine,None
1715,7,3,A+,1,2025-02-14,Fulfilled,Routine,None
1716,8,2,A+,1,2025-02-14,Fulfilled,Routine,None
1717,8,1,B-,1,2025-02-14,Fulfilled,Routine,None
1718,5,1,AB+,2,2025-02-15,Fulfilled,Routine,None
1719,6,3,AB+,2,2025-02-15,Fulfilled,Urgent,None
1720,1,2,B+,1,2025-02-15,Fulfilled,Routine,None
1721,6,2,O+,2,2025-02-15,Fulfilled,Routine,None
1722,5,4,A+,2,2025-02-15,Fulfilled,Routine,None
1723,8,1,A+,2,2025-02-15,Fulfilled,Routine,None
1724,1,2,B+,2,2025-02-15,Cancelled,Routine,None
1725,5,3,A+,2,2025-02-15,Fulfilled,Routine,None
1726,4,3,B+,4,2025-02-15,Fulfilled,Routine,None
1727,7,1,O+,1,2025-02-15,Fulfilled,Routine,None
1728,3,1,O+,1,2025-02-15,Fulfilled,Routine,None
1729,5,4,AB-,2,2025-02-15,Fulfilled,Routine,None
1730,3,4,A+,4,2025-02-15,Fulfilled,Urgent,None
1731,2,2,B+,2,2025-02-15,Fulfilled,Urgent,None
1732,4,4,B+,4,2025-02-15,Fulfilled,Routine,None
1733,7,1,A+,1,2025-02-16,Fulfilled,Routine,None
1734,3,1,B+,2,2025-02-16,Fulfilled,Routine,None
1735,1,1,A+,1,2025-02-16,Fulfilled,Urgent,None
1736,8,1,A+,2,2025-02-16,Fulfilled,Routine,None
1737,2,1,A+,1,2025-02-16,Fulfilled,Urgent,None
1738,1,3,A+,3,2025-02-16,Fulfilled,Urgent,None
1739,8,4,AB+,1,2025-02-17,Fulfilled,Routine,None
1740,3,2,A-,1,2025-02-17,Fulfilled,Urgent,None
1741,7,2,A+,1,2025-02-17,Fulfilled,Routine,None
1742,8,2,A+,2,2025-02-17,Fulfilled,Urgent,None
1743,1,3,A+,1,2025-02-17,Fulfilled,Routine,None
1744,5,1,B+,1,2025-02-17,Fulfilled,Routine,None
1745,1,3,B-,1,2025-02-18,Fulfilled,Routine,None
1746,8,2,B+,3,2025-02-18,Fulfilled,Routine,None
1747,3,2,A-,2,2025-02-18,Fulfilled,Routine,None
1748,7,1,A+,2,2025-02-18,Fulfilled,Routine,None
1749,6,4,A+,1,2025-02-18,Fulfilled,Routine,None
1750,4,3,B+,4,2025-02-18,Fulfilled,Routine,None
1751,4,1,A-,3,2025-02-18,Fulfilled,Routine,None
1752,4,3,A+,10,2025-02-18,Fulfilled,Emergency,None
1753,6,2,A+,3,2025-02-19,Fulfilled,Routine,None
1754,3,2,AB+,2,2025-02-19,Fulfilled,Routine,None
1755,6,3,A+,1,2025-02-19,Fulfilled,Routine,None
1756,6,1,A+,2,2025-02-19,Fulfilled,Urgent,None
1757,6,2,B+,1,2025-02-19,Fulfilled,Routine,None
1758,3,4,O-,4,2025-02-19,Fulfilled,Routine,None
1759,3,4,O+,2,2025-02-19,Fulfilled,Routine,None
1760,8,2,A+,3,2025-02-19,Fulfilled,Urgent,None
1761,5,4,O+,1,2025-02-20,Fulfilled,Routine,None
1762,7,1,B+,1,2025-02-20,Fulfilled,Routine,None
1763,3,4,A+,1,2025-02-20,Fulfilled,Routine,None
1764,1,3,O+,2,2025-02-20,Fulfilled,Routine,None
1765,7,1,AB+,1,2025-02-20,Fulfilled,Routine,None
1766,8,4,B+,3,2025-02-20,Fulfilled,Routine,None
1767,4,3,B+,2,2025-02-20,Fulfilled,Routine,None
1768,4,1,AB-,4,2025-02-20,Fulfilled,Urgent,None
1769,3,4,B+,2,2025-02-20,Fulfilled,Routine,None
1770,3,1,AB+,2,2025-02-20,Fulfilled,Routine,None
1771,5,4,B+,2,2025-02-21,Fulfilled,Routine,None
1772,8,4,AB+,5,2025-02-21,Fulfilled,Emergency,None
1773,5,3,A+,5,2025-02-21,Fulfilled,Urgent,None
1774,5,1,O+,1,2025-02-21,Fulfilled,Routine,None
1775,3,3,O+,2,2025-02-21,Fulfilled,Urgent,None
1776,7,1,AB+,2,2025-02-21,Fulfilled,Routine,None
1777,7,1,A-,3,2025-02-21,Fulfilled,Urgent,None
1778,8,4,A-,2,2025-02-21,Fulfilled,Urgent,None
1779,2,2,B+,1,2025-02-22,Fulfilled,Urgent,None
1780,1,4,B+,1,2025-02-22,Fulfilled,Urgent,None
1781,5,4,B+,2,2025-02-22,Fulfilled,Routine,None
1782,3,4,AB+,2,2025-02-22,Fulfilled,Routine,None
1783,4,3,A+,4,2025-02-22,Cancelled,Routine,None
1784,5,2,A+,1,2025-02-22,Fulfilled,Routine,None
1785,8,4,B+,1,2025-02-22,Fulfilled,Routine,None
1786,7,4,A+,1,2025-02-22,Fulfilled,Routine,None
1787,8,1,B-,2,2025-02-22,Fulfilled,Routine,None
1788,7,3,A-,2,2025-02-22,Fulfilled,Routine,None
1789,8,4,AB+,6,2025-02-22,Fulfilled,Urgent,None
1790,7,3,A+,2,2025-02-22,Fulfilled,Urgent,None
1791,7,1,O+,1,2025-02-23,Fulfilled,Routine,None
1792,6,4,A+,1,2025-02-23,Fulfilled,Urgent,None
1793,1,1,A-,4,2025-02-23,Fulfilled,Urgent,None
1794,4,4,B+,12,2025-02-23,Fulfilled,Urgent,None
1795,3,2,O+,1,2025-02-23,Fulfilled,Routine,None
1796,2,1,AB+,1,2025-02-23,Fulfilled,Routine,None
1797,6,2,B+,2,2025-02-23,Fulfilled,Urgent,None
1798,5,4,B+,2,2025-02-24,Fulfilled,Urgent,None
1799,6,1,O+,3,2025-02-24,Fulfilled,Routine,None
1800,1,4,AB+,1,2025-02-24,Fulfilled,Routine,None
1801,2,3,B-,1,2025-02-24,Fulfilled,Routine,None
1802,1,1,A+,1,2025-02-24,Fulfilled,Routine,None
1803,6,1,AB+,1,2025-02-24,Fulfilled,Routine,None
1804,1,2,A+,1,2025-02-24,Fulfilled,Routine,None
1805,3,2,A+,2,2025-02-24,Fulfilled,Routine,None
1806,6,4,O+,1,2025-02-24,Fulfilled,Routine,None
1807,5,3,B+,2,2025-02-24,Fulfilled,Routine,None
1808,4,2,O+,6,2025-02-24,Fulfilled,Routine,None
1809,8,2,A-,1,2025-02-25,Fulfilled,Routine,None
1810,3,2,A+,1,2025-02-25,Fulfilled,Routine,None
1811,5,2,A+,2,2025-02-25,Fulfilled,Routine,None
1812,5,3,B+,4,2025-02-25,Fulfilled,Routine,None
1813,5,3,A+,2,2025-02-25,Fulfilled,Urgent,None
1814,8,1,B-,2,2025-02-25,Fulfilled,Routine,None
1815,4,1,A+,2,2025-02-25,Fulfilled,Routine,None
1816,7,2,B+,1,2025-02-25,Fulfilled,Routine,None
1817,6,3,A-,2,2025-02-25,Fulfilled,Routine,None
1818,1,4,A+,1,2025-02-25,Fulfilled,Routine,None
1819,2,1,B+,3,2025-02-26,Fulfilled,Urgent,None
1820,5,3,A+,1,2025-02-26,Fulfilled,Routine,None
1821,8,1,O+,1,2025-02-26,Fulfilled,Routine,None
1822,7,4,A+,2,2025-02-26,Fulfilled,Routine,None
1823,4,1,B-,6,2025-02-26,Fulfilled,Routine,None
1824,5,1,O+,1,2025-02-27,Fulfilled,Emergency,None
1825,5,1,A+,2,2025-02-27,Fulfilled,Routine,None
1826,5,1,A+,1,2025-02-27,Fulfilled,Routine,None
1827,7,4,O+,3,2025-02-27,Fulfilled,Routine,None
1828,8,3,AB+,2,2025-02-27,Fulfilled,Routine,None
1829,5,4,A+,3,2025-02-27,Fulfilled,Routine,None
1830,1,2,AB-,1,2025-02-27,Fulfilled,Routine,None
1831,3,3,A+,2,2025-02-27,Fulfilled,Routine,None
1832,3,1,B+,2,2025-02-27,Fulfilled,Routine,None
1833,7,4,O+,3,2025-02-27,Fulfilled,Urgent,None
1834,4,4,B+,5,2025-02-28,Fulfilled,Urgent,Accident
1835,4,3,B+,4,2025-02-28,Fulfilled,Urgent,Accident
1836,3,4,O+,6,2025-02-28,Fulfilled,Emergency,Accident
1837,5,4,O+,2,2025-02-28,Fulfilled,Emergency,Accident
1838,6,1,A-,3,2025-02-28,Fulfilled,Emergency,Accident
1839,5,3,B-,3,2025-02-28,Fulfilled,Emergency,Accident
1840,6,2,O+,2,2025-02-28,Fulfilled,Urgent,Accident
1841,2,1,B-,6,2025-02-28,Fulfilled,Emergency,Accident
1842,2,1,A-,5,2025-02-28,Fulfilled,Emergency,Accident
1843,1,3,B+,12,2025-02-28,Fulfilled,Emergency,Accident
1844,2,2,A+,8,2025-02-28,Fulfilled,Emergency,Accident
1845,7,1,A+,2,2025-02-28,Fulfilled,Urgent,Accident
1846,2,4,B-,5,2025-02-28,Fulfilled,Emergency,Accident
1847,2,1,B+,1,2025-02-28,Fulfilled,Urgent,Accident
1848,6,2,A+,2,2025-03-01,Fulfilled,Urgent,None
1849,1,3,A-,2,2025-03-01,Fulfilled,Routine,None
1850,2,4,O-,2,2025-03-01,Cancelled,Routine,None
1851,5,3,O+,2,2025-03-01,Fulfilled,Routine,None
1852,8,2,A+,3,2025-03-01,Fulfilled,Routine,None
1853,8,3,A+,2,2025-03-01,Fulfilled,Routine,None
1854,1,4,A+,2,2025-03-01,Fulfilled,Routine,None
1855,7,1,A+,1,2025-03-01,Fulfilled,Routine,None
1856,5,4,B+,2,2025-03-01,Fulfilled,Routine,None
1857,3,3,AB+,3,2025-03-01,Fulfilled,Routine,None
1858,1,1,AB+,2,2025-03-02,Fulfilled,Routine,None
1859,1,4,A+,1,2025-03-02,Fulfilled,Routine,None
1860,1,3,A+,3,2025-03-02,Fulfilled,Routine,None
1861,7,2,A+,2,2025-03-02,Fulfilled,Routine,None
1862,5,1,A+,2,2025-03-02,Fulfilled,Routine,None
1863,1,3,A+,1,2025-03-02,Fulfilled,Routine,None
1864,7,1,A-,3,2025-03-02,Fulfilled,Routine,None
1865,7,3,AB-,1,2025-03-02,Fulfilled,Routine,None
1866,7,4,A+,2,2025-03-02,Fulfilled,Routine,None
1867,7,4,A+,1,2025-03-02,Fulfilled,Routine,None
1868,8,3,A+,2,2025-03-02,Fulfilled,Routine,None
1869,3,2,O+,1,2025-03-02,Fulfilled,Routine,None
1870,2,3,A-,3,2025-03-03,Fulfilled,Urgent,None
1871,3,3,O+,3,2025-03-03,Fulfilled,Routine,None
1872,2,2,B-,2,2025-03-03,Fulfilled,Routine,None
1873,8,3,A+,1,2025-03-03,Fulfilled,Routine,None
1874,7,1,O+,1,2025-03-03,Fulfilled,Routine,None
1875,3,1,O+,3,2025-03-03,Fulfilled,Emergency,None
1876,7,3,B+,3,2025-03-03,Fulfilled,Routine,None
1877,1,4,A+,1,2025-03-03,Fulfilled,Routine,None
1878,6,3,O+,1,2025-03-03,Fulfilled,Routine,None
1879,2,2,A-,2,2025-03-03,Fulfilled,Routine,None
1880,6,3,B-,1,2025-03-04,Fulfilled,Routine,None
1881,6,3,B+,1,2025-03-04,Fulfilled,Routine,None
1882,5,4,A+,1,2025-03-04,Fulfilled,Routine,None
1883,2,4,A-,1,2025-03-04,Fulfilled,Routine,None
1884,6,4,O+,1,2025-03-04,Fulfilled,Routine,None
1885,4,2,AB+,3,2025-03-04,Fulfilled,Routine,None
1886,8,1,O-,3,2025-03-04,Fulfilled,Routine,None
1887,1,4,AB-,5,2025-03-04,Fulfilled,Emergency,None
1888,4,1,O+,5,2025-03-04,Fulfilled,Routine,None
1889,3,1,A+,2,2025-03-04,Fulfilled,Urgent,None
1890,5,4,B+,4,2025-03-04,Fulfilled,Routine,None
1891,8,4,A+,2,2025-03-04,Fulfilled,Routine,None
1892,5,4,A-,1,2025-03-04,Fulfilled,Routine,None
1893,7,3,A+,1,2025-03-04,Fulfilled,Routine,None
1894,1,1,A+,1,2025-03-04,Fulfilled,Routine,None
1895,6,4,A+,1,2025-03-04,Fulfilled,Routine,None
1896,3,4,AB+,1,2025-03-04,Fulfilled,Routine,None
1897,4,1,B+,3,2025-03-04,Fulfilled,Routine,None
1898,3,1,AB+,6,2025-03-05,Fulfilled,Urgent,None
1899,1,2,A+,9,2025-03-05,Fulfilled,Emergency,None
1900,3,2,B+,7,2025-03-05,Fulfilled,Emergency,None
1901,3,2,B+,2,2025-03-05,Fulfilled,Routine,None
1902,7,3,A+,2,2025-03-05,Fulfilled,Routine,None
1903,4,3,A+,3,2025-03-06,Fulfilled,Routine,None
1904,4,4,AB+,4,2025-03-06,Fulfilled,Urgent,None
1905,5,3,AB+,2,2025-03-06,Fulfilled,Routine,None
1906,6,4,B-,4,2025-03-06,Fulfilled,Emergency,None
1907,4,1,A+,2,2025-03-06,Fulfilled,Routine,None
1908,6,4,B+,1,2025-03-06,Fulfilled,Routine,None
1909,1,4,A+,1,2025-03-06,Fulfilled,Routine,None
1910,5,3,O+,2,2025-03-06,Fulfilled,Routine,None
1911,7,2,A+,2,2025-03-07,Fulfilled,Routine,None
1912,7,2,A-,1,2025-03-07,Cancelled,Routine,None
1913,2,3,O-,3,2025-03-07,Fulfilled,Routine,None
1914,4,1,O+,3,2025-03-07,Fulfilled,Routine,None
1915,8,1,O+,2,2025-03-07,Fulfilled,Urgent,None
1916,5,1,A+,1,2025-03-07,Fulfilled,Urgent,None
1917,4,4,A+,4,2025-03-07,Fulfilled,Routine,None
1918,7,3,A+,1,2025-03-07,Cancelled,Routine,None
1919,3,3,B+,3,2025-03-07,Fulfilled,Routine,None
1920,1,4,AB+,1,2025-03-07,Fulfilled,Routine,None
1921,3,2,O+,1,2025-03-08,Fulfilled,Routine,None
1922,7,4,B+,2,2025-03-08,Fulfilled,Urgent,None
1923,4,3,B+,7,2025-03-08,Fulfilled,Routine,None
1924,7,1,O+,5,2025-03-08,Fulfilled,Routine,None
1925,6,2,A+,1,2025-03-08,Fulfilled,Routine,None
1926,4,2,A+,3,2025-03-08,Fulfilled,Routine,None
1927,7,2,O+,5,2025-03-08,Fulfilled,Routine,None
1928,3,1,A+,1,2025-03-08,Fulfilled,Routine,None
1929,3,2,B+,2,2025-03-08,Fulfilled,Routine,None
1930,2,4,A-,2,2025-03-08,Fulfilled,Routine,None
1931,1,4,O+,1,2025-03-08,Fulfilled,Routine,None
1932,7,3,AB+,2,2025-03-08,Fulfilled,Routine,None
1933,4,1,A+,4,2025-03-08,Fulfilled,Routine,None
1934,7,4,A+,1,2025-03-09,Fulfilled,Routine,None
1935,6,4,B+,1,2025-03-09,Fulfilled,Routine,None
1936,5,3,B-,2,2025-03-09,Fulfilled,Routine,None
1937,3,1,B+,3,2025-03-09,Fulfilled,Urgent,None
1938,1,4,B+,1,2025-03-10,Fulfilled,Routine,None
1939,6,2,A+,3,2025-03-10,Fulfilled,Urgent,None
1940,6,2,B+,3,2025-03-10,Fulfilled,Emergency,None
1941,2,1,B+,1,2025-03-10,Fulfilled,Routine,None
1942,4,4,A+,5,2025-03-10,Fulfilled,Routine,None
1943,8,3,B+,1,2025-03-10,Fulfilled,Routine,None
1944,5,3,A-,4,2025-03-10,Fulfilled,Routine,None
1945,2,3,A+,3,2025-03-10,Fulfilled,Routine,None
1946,7,4,O+,3,2025-03-10,Fulfilled,Emergency,None
1947,5,4,B-,1,2025-03-10,Fulfilled,Routine,None
1948,4,1,A+,5,2025-03-11,Fulfilled,Routine,None
1949,6,4,O-,1,2025-03-11,Fulfilled,Routine,None
1950,7,3,A+,2,2025-03-11,Fulfilled,Urgent,None
1951,3,1,A+,3,2025-03-11,Fulfilled,Routine,None
1952,2,2,B+,2,2025-03-11,Fulfilled,Routine,None
1953,2,3,A+,3,2025-03-11,Fulfilled,Emergency,None
1954,6,3,O+,2,2025-03-11,Fulfilled,Routine,None
1955,1,3,O+,1,2025-03-12,Fulfilled,Routine,None
1956,1,3,A+,3,2025-03-12,Fulfilled,Urgent,None
1957,4,1,O+,8,2025-03-12,Fulfilled,Routine,None
1958,6,4,A+,7,2025-03-12,Fulfilled,Emergency,None
1959,7,2,AB+,2,2025-03-12,Fulfilled,Routine,None
1960,8,1,A+,2,2025-03-12,Fulfilled,Routine,None
1961,2,4,B-,1,2025-03-12,Fulfilled,Routine,None
1962,8,3,A+,2,2025-03-13,Fulfilled,Routine,None
1963,6,3,AB-,6,2025-03-13,Fulfilled,Emergency,None
1964,2,2,AB+,2,2025-03-13,Fulfilled,Urgent,None
1965,6,3,B+,3,2025-03-13,Fulfilled,Routine,None
1966,4,2,A+,13,2025-03-14,Fulfilled,Emergency,None
1967,4,4,AB-,5,2025-03-14,Fulfilled,Routine,None
1968,3,1,A+,4,2025-03-14,Fulfilled,Routine,None
1969,3,3,O+,1,2025-03-14,Fulfilled,Routine,None
1970,2,2,B+,2,2025-03-14,Fulfilled,Urgent,None
1971,6,2,A+,1,2025-03-14,Fulfilled,Routine,None
1972,2,4,A-,3,2025-03-14,Fulfilled,Routine,None
1973,6,3,A+,3,2025-03-14,Fulfilled,Routine,None
1974,2,3,A-,3,2025-03-14,Fulfilled,Routine,None
1975,5,3,A+,5,2025-03-14,Fulfilled,Emergency,None
1976,2,3,B-,7,2025-03-14,Fulfilled,Emergency,None
1977,2,1,B-,3,2025-03-14,Fulfilled,Routine,None
1978,8,3,O+,3,2025-03-15,Fulfilled,Routine,None
1979,1,1,A+,2,2025-03-15,Fulfilled,Routine,None
1980,6,2,B+,2,2025-03-15,Fulfilled,Routine,None
1981,6,3,A+,3,2025-03-15,Fulfilled,Routine,None
1982,7,4,O+,3,2025-03-15,Fulfilled,Routine,None
1983,6,3,B+,3,2025-03-15,Fulfilled,Urgent,None
1984,2,3,O-,2,2025-03-15,Fulfilled,Routine,None
1985,6,2,O+,2,2025-03-15,Fulfilled,Routine,None
1986,5,4,O+,1,2025-03-16,Fulfilled,Routine,None
1987,5,1,O+,2,2025-03-16,Fulfilled,Routine,None
1988,6,2,O-,1,2025-03-16,Fulfilled,Routine,None
1989,7,1,B+,3,2025-03-16,Fulfilled,Routine,None
1990,7,2,B+,2,2025-03-17,Fulfilled,Urgent,None
1991,2,4,AB+,3,2025-03-17,Fulfilled,Routine,None
1992,8,3,A-,2,2025-03-17,Fulfilled,Routine,None
1993,5,1,O+,1,2025-03-17,Fulfilled,Routine,None
1994,7,2,O-,1,2025-03-17,Fulfilled,Routine,None
1995,2,1,A+,2,2025-03-17,Fulfilled,Routine,None
1996,4,1,B+,3,2025-03-17,Fulfilled,Urgent,None
1997,2,1,A-,2,2025-03-17,Fulfilled,Routine,None
1998,8,3,O+,2,2025-03-18,Fulfilled,Emergency,None
1999,4,4,A+,11,2025-03-18,Cancelled,Emergency,None
2000,5,3,A+,1,2025-03-18,Fulfilled,Routine,None
2001,2,3,AB-,1,2025-03-18,Fulfilled,Routine,None
2002,2,1,O+,3,2025-03-18,Fulfilled,Routine,None
2003,4,3,O+,5,2025-03-19,Fulfilled,Urgent,None
2004,1,2,A+,2,2025-03-19,Fulfilled,Urgent,None
2005,3,3,A+,2,2025-03-19,Fulfilled,Urgent,None
2006,6,2,A-,1,2025-03-19,Fulfilled,Routine,None
2007,4,1,AB+,3,2025-03-19,Fulfilled,Urgent,None
2008,5,1,AB+,2,2025-03-19,Fulfilled,Routine,None
2009,7,4,AB+,2,2025-03-20,Fulfilled,Urgent,None
2010,5,2,AB+,3,2025-03-20,Fulfilled,Emergency,None
2011,2,1,B+,1,2025-03-20,Fulfilled,Routine,None
2012,2,4,AB+,5,2025-03-20,Fulfilled,Routine,None
2013,5,2,B+,3,2025-03-20,Fulfilled,Routine,None
2014,2,2,A-,3,2025-03-20,Fulfilled,Routine,None
2015,3,4,A+,2,2025-03-20,Fulfilled,Routine,None
2016,7,3,B+,1,2025-03-20,Fulfilled,Routine,None
2017,5,1,B+,1,2025-03-21,Fulfilled,Routine,None
2018,1,4,B-,2,2025-03-21,Fulfilled,Routine,None
2019,1,2,B+,1,2025-03-21,Fulfilled,Routine,None
2020,1,2,A+,3,2025-03-21,Fulfilled,Routine,None
2021,7,4,A-,1,2025-03-21,Fulfilled,Routine,None
2022,3,2,AB+,3,2025-03-21,Fulfilled,Routine,None
2023,3,1,A+,1,2025-03-21,Fulfilled,Routine,None
2024,8,1,B+,2,2025-03-21,Fulfilled,Routine,None
2025,2,2,B+,1,2025-03-21,Fulfilled,Routine,None
2026,2,2,B+,1,2025-03-21,Fulfilled,Routine,None
2027,3,2,B+,2,2025-03-21,Fulfilled,Routine,None
2028,8,3,A-,1,2025-03-21,Fulfilled,Routine,None
2029,3,1,O+,3,2025-03-22,Fulfilled,Urgent,Festival
2030,4,1,A+,6,2025-03-22,Fulfilled,Emergency,Festival
2031,2,2,AB+,10,2025-03-22,Fulfilled,Emergency,Festival
2032,2,1,O+,12,2025-03-22,Fulfilled,Emergency,Festival
2033,6,2,AB+,4,2025-03-22,Fulfilled,Emergency,Festival
2034,2,4,B+,8,2025-03-22,Fulfilled,Emergency,Festival
2035,4,2,B-,6,2025-03-22,Cancelled,Emergency,Festival
2036,1,4,B+,5,2025-03-22,Fulfilled,Emergency,Festival
2037,6,4,A+,6,2025-03-22,Fulfilled,Emergency,Festival
2038,2,1,O+,3,2025-03-22,Fulfilled,Emergency,Festival
2039,7,2,AB+,4,2025-03-22,Fulfilled,Urgent,Festival
2040,8,1,B-,8,2025-03-22,Fulfilled,Emergency,Festival
2041,2,4,B-,3,2025-03-22,Fulfilled,Emergency,Festival
2042,5,1,AB+,6,2025-03-22,Fulfilled,Emergency,Festival
2043,8,2,A+,3,2025-03-22,Fulfilled,Emergency,Festival
2044,2,4,B+,5,2025-03-22,Fulfilled,Emergency,Festival
2045,7,1,A+,2,2025-03-23,Fulfilled,Urgent,Festival
2046,2,4,A-,5,2025-03-23,Fulfilled,Emergency,Festival
2047,5,3,B+,2,2025-03-23,Fulfilled,Urgent,Festival
2048,3,1,AB+,7,2025-03-23,Fulfilled,Urgent,Festival
2049,1,2,O+,6,2025-03-23,Fulfilled,Emergency,Festival
2050,1,2,B+,3,2025-03-23,Fulfilled,Emergency,Festival
2051,1,2,B+,4,2025-03-23,Fulfilled,Urgent,Festival
2052,4,2,AB+,9,2025-03-23,Fulfilled,Emergency,Festival
2053,8,2,O-,5,2025-03-23,Fulfilled,Emergency,Festival
2054,5,4,A+,5,2025-03-23,Fulfilled,Emergency,Festival
2055,6,1,O+,2,2025-03-23,Fulfilled,Emergency,Festival
2056,2,4,A+,5,2025-03-23,Fulfilled,Emergency,Festival
2057,8,2,A+,3,2025-03-23,Fulfilled,Urgent,Festival
2058,4,4,A+,5,2025-03-24,Fulfilled,Urgent,Festival
2059,5,1,O+,7,2025-03-24,Fulfilled,Emergency,Festival
2060,4,1,B+,10,2025-03-24,Fulfilled,Emergency,Festival
2061,2,3,A+,1,2025-03-24,Fulfilled,Urgent,Festival
2062,5,2,B+,6,2025-03-24,Fulfilled,Emergency,Festival
2063,3,3,A+,3,2025-03-24,Fulfilled,Emergency,Festival
2064,7,4,B+,3,2025-03-24,Fulfilled,Emergency,Festival
2065,8,2,AB+,5,2025-03-24,Fulfilled,Emergency,Festival
2066,7,4,O+,6,2025-03-24,Fulfilled,Emergency,Festival
2067,3,1,B+,5,2025-03-24,Fulfilled,Emergency,Festival
2068,8,2,A+,4,2025-03-24,Fulfilled,Emergency,Festival
2069,5,3,O+,1,2025-03-24,Fulfilled,Emergency,Festival
2070,3,4,B+,3,2025-03-24,Fulfilled,Urgent,Festival
2071,2,3,A+,4,2025-03-24,Fulfilled,Emergency,Festival
2072,2,4,B+,3,2025-03-24,Fulfilled,Emergency,Festival
2073,2,3,B+,3,2025-03-24,Fulfilled,Emergency,Festival
2074,4,1,A+,5,2025-03-25,Fulfilled,Routine,None
2075,8,2,O+,1,2025-03-25,Fulfilled,Urgent,None
2076,3,1,A+,1,2025-03-25,Fulfilled,Routine,None
2077,5,1,B+,2,2025-03-25,Fulfilled,Routine,None
2078,7,2,A+,3,2025-03-25,Fulfilled,Urgent,None
2079,6,1,A+,4,2025-03-25,Fulfilled,Urgent,None
2080,4,3,A+,6,2025-03-25,Fulfilled,Routine,None
2081,6,2,AB+,4,2025-03-25,Fulfilled,Emergency,None
2082,3,2,AB+,1,2025-03-25,Fulfilled,Routine,None
2083,7,1,B+,2,2025-03-26,Fulfilled,Routine,None
2084,7,1,O+,1,2025-03-26,Fulfilled,Routine,None
2085,1,2,A+,2,2025-03-26,Fulfilled,Routine,None
2086,2,4,O+,1,2025-03-26,Fulfilled,Urgent,None
2087,1,1,A-,3,2025-03-26,Fulfilled,Routine,None
2088,6,3,O+,3,2025-03-26,Fulfilled,Routine,None
2089,4,1,A-,4,2025-03-26,Fulfilled,Routine,None
2090,8,3,A+,2,2025-03-27,Fulfilled,Urgent,None
2091,6,2,B+,1,2025-03-27,Fulfilled,Routine,None
2092,5,2,A+,3,2025-03-27,Fulfilled,Urgent,None
2093,3,4,O+,3,2025-03-27,Fulfilled,Urgent,None
2094,3,4,A+,2,2025-03-27,Fulfilled,Urgent,None
2095,6,2,AB+,3,2025-03-27,Cancelled,Emergency,None
2096,1,3,B+,1,2025-03-27,Fulfilled,Routine,None
2097,1,4,B+,4,2025-03-27,Fulfilled,Routine,None
2098,1,1,O+,1,2025-03-28,Fulfilled,Routine,None
2099,7,2,O+,1,2025-03-28,Fulfilled,Routine,None
2100,2,1,B+,1,2025-03-28,Fulfilled,Routine,None
2101,8,4,O-,2,2025-03-28,Fulfilled,Routine,None
2102,4,3,AB+,15,2025-03-28,Fulfilled,Urgent,None
2103,1,4,O+,2,2025-03-28,Fulfilled,Routine,None
2104,1,3,B+,2,2025-03-28,Fulfilled,Routine,None
2105,5,4,O+,2,2025-03-28,Fulfilled,Routine,None
2106,5,4,O+,4,2025-03-28,Fulfilled,Routine,None
2107,5,1,B+,1,2025-03-28,Fulfilled,Routine,None
2108,2,1,A+,2,2025-03-28,Fulfilled,Routine,None
2109,7,4,B-,4,2025-03-28,Fulfilled,Routine,None
2110,8,1,O+,2,2025-03-28,Fulfilled,Urgent,None
2111,4,2,B+,5,2025-03-28,Fulfilled,Routine,None
2112,8,4,A+,3,2025-03-28,Fulfilled,Urgent,None
2113,1,4,O+,1,2025-03-28,Fulfilled,Routine,None
2114,1,1,A+,2,2025-03-28,Fulfilled,Routine,None
2115,6,1,AB+,1,2025-03-29,Fulfilled,Routine,None
2116,8,3,O+,1,2025-03-29,Fulfilled,Urgent,None
2117,2,4,AB+,2,2025-03-29,Fulfilled,Urgent,None
2118,5,1,AB+,2,2025-03-29,Fulfilled,Routine,None
2119,6,3,A+,2,2025-03-29,Fulfilled,Routine,None
2120,5,2,A+,1,2025-03-29,Fulfilled,Routine,None
2121,3,3,B+,1,2025-03-29,Fulfilled,Routine,None
2122,1,3,B+,3,2025-03-29,Fulfilled,Routine,None
2123,5,4,B+,1,2025-03-29,Fulfilled,Routine,None
2124,6,4,A-,1,2025-03-30,Fulfilled,Urgent,None
2125,6,4,A+,1,2025-03-30,Fulfilled,Routine,None
2126,5,3,O+,4,2025-03-30,Fulfilled,Emergency,None
2127,4,3,O+,6,2025-03-30,Fulfilled,Urgent,None
2128,2,1,B-,1,2025-03-30,Fulfilled,Routine,None
2129,3,3,O+,4,2025-03-30,Fulfilled,Urgent,None
2130,1,4,O+,2,2025-03-30,Fulfilled,Routine,None
2131,4,1,O+,3,2025-03-30,Fulfilled,Routine,None
2132,6,2,A+,1,2025-03-30,Fulfilled,Routine,None
2133,7,1,B+,2,2025-03-31,Fulfilled,Routine,None
2134,7,2,B+,3,2025-03-31,Fulfilled,Urgent,None
2135,5,1,AB+,6,2025-03-31,Fulfilled,Routine,None
2136,8,2,B+,1,2025-03-31,Fulfilled,Routine,None
2137,1,2,A+,7,2025-03-31,Fulfilled,Routine,None
2138,1,4,O+,1,2025-03-31,Fulfilled,Routine,None
2139,5,2,B+,3,2025-03-31,Fulfilled,Routine,None
2140,1,3,B-,1,2025-04-01,Fulfilled,Routine,None
2141,7,2,A+,1,2025-04-01,Fulfilled,Routine,None
2142,5,2,A+,1,2025-04-01,Fulfilled,Routine,None
2143,4,2,B+,5,2025-04-01,Fulfilled,Routine,None
2144,7,4,O-,2,2025-04-01,Fulfilled,Routine,None
2145,8,1,O+,1,2025-04-01,Fulfilled,Routine,None
2146,3,1,A-,2,2025-04-01,Fulfilled,Emergency,None
2147,5,2,A+,2,2025-04-02,Fulfilled,Routine,None
2148,2,2,A+,3,2025-04-02,Fulfilled,Urgent,None
2149,8,4,B-,2,2025-04-02,Fulfilled,Urgent,None
2150,8,3,A+,1,2025-04-02,Fulfilled,Routine,None
2151,5,1,AB+,2,2025-04-02,Fulfilled,Routine,None
2152,7,1,A-,2,2025-04-02,Fulfilled,Routine,None
2153,6,1,B+,2,2025-04-02,Fulfilled,Urgent,None
2154,3,1,A+,2,2025-04-02,Fulfilled,Routine,None
2155,6,1,AB+,5,2025-04-02,Fulfilled,Urgent,None
2156,8,2,A+,2,2025-04-03,Fulfilled,Routine,None
2157,4,2,A+,7,2025-04-03,Fulfilled,Urgent,None
2158,4,3,A+,2,2025-04-03,Fulfilled,Routine,None
2159,7,1,A+,2,2025-04-03,Fulfilled,Routine,None
2160,2,2,B+,2,2025-04-03,Fulfilled,Routine,None
2161,7,2,B+,1,2025-04-04,Fulfilled,Routine,None
2162,8,4,B+,2,2025-04-04,Fulfilled,Routine,None
2163,5,3,A-,1,2025-04-04,Fulfilled,Routine,None
2164,5,1,O+,3,2025-04-04,Fulfilled,Routine,None
2165,1,2,B-,2,2025-04-04,Fulfilled,Urgent,None
2166,7,4,A+,2,2025-04-04,Fulfilled,Routine,None
2167,2,3,O-,1,2025-04-04,Fulfilled,Routine,None
2168,1,1,B+,2,2025-04-05,Fulfilled,Routine,None
2169,3,1,B+,2,2025-04-05,Fulfilled,Routine,None
2170,7,3,A+,1,2025-04-05,Fulfilled,Routine,None
2171,2,3,B+,1,2025-04-05,Fulfilled,Routine,None
2172,2,2,A+,1,2025-04-05,Fulfilled,Routine,None
2173,6,2,B+,2,2025-04-05,Fulfilled,Routine,None
2174,3,4,B-,3,2025-04-05,Fulfilled,Emergency,None
2175,6,1,B+,1,2025-04-05,Fulfilled,Routine,None
2176,4,1,B+,5,2025-04-05,Fulfilled,Routine,None
2177,8,1,A+,4,2025-04-05,Fulfilled,Routine,None
2178,5,4,B+,3,2025-04-05,Cancelled,Routine,None
2179,2,4,A+,3,2025-04-05,Fulfilled,Urgent,None
2180,4,3,B+,3,2025-04-05,Fulfilled,Routine,None
2181,8,4,A+,3,2025-04-05,Fulfilled,Routine,None
2182,3,3,O+,2,2025-04-05,Fulfilled,Urgent,None
2183,7,4,AB-,1,2025-04-05,Fulfilled,Routine,None
2184,4,2,B+,3,2025-04-05,Fulfilled,Routine,None
2185,5,3,A+,1,2025-04-05,Fulfilled,Routine,None
2186,1,1,O-,1,2025-04-05,Fulfilled,Routine,None
2187,8,1,B+,3,2025-04-05,Fulfilled,Routine,None
2188,5,1,O+,1,2025-04-05,Fulfilled,Routine,None
2189,4,3,B+,6,2025-04-05,Fulfilled,Routine,None
2190,8,3,AB+,2,2025-04-05,Fulfilled,Routine,None
2191,8,2,A+,1,2025-04-05,Fulfilled,Routine,None
2192,6,4,O+,1,2025-04-06,Fulfilled,Routine,None
2193,2,4,A+,2,2025-04-06,Fulfilled,Routine,None
2194,5,3,B+,1,2025-04-06,Fulfilled,Routine,None
2195,5,2,B+,2,2025-04-06,Fulfilled,Routine,None
2196,6,3,O+,3,2025-04-06,Fulfilled,Urgent,None
2197,1,3,A+,2,2025-04-06,Fulfilled,Urgent,None
2198,8,2,AB+,2,2025-04-06,Fulfilled,Routine,None
2199,8,3,A+,2,2025-04-06,Fulfilled,Routine,None
2200,5,2,AB+,3,2025-04-06,Fulfilled,Routine,None
2201,5,1,B+,3,2025-04-07,Fulfilled,Urgent,None
2202,6,4,A+,4,2025-04-07,Fulfilled,Urgent,None
2203,5,2,O+,1,2025-04-07,Fulfilled,Routine,None
2204,3,1,AB+,2,2025-04-07,Fulfilled,Routine,None
2205,7,4,B+,2,2025-04-07,Fulfilled,Routine,None
2206,8,4,O+,1,2025-04-07,Fulfilled,Routine,None
2207,6,2,B-,1,2025-04-08,Fulfilled,Routine,None
2208,7,2,A-,1,2025-04-08,Fulfilled,Routine,None
2209,8,3,A+,2,2025-04-08,Fulfilled,Routine,None
2210,2,4,B+,1,2025-04-08,Fulfilled,Routine,None
2211,4,1,AB+,8,2025-04-08,Fulfilled,Routine,None
2212,6,4,A+,1,2025-04-08,Fulfilled,Routine,None
2213,5,4,B+,1,2025-04-08,Fulfilled,Routine,None
2214,2,2,A+,1,2025-04-09,Fulfilled,Routine,None
2215,8,4,A+,1,2025-04-09,Fulfilled,Routine,None
2216,2,1,O+,2,2025-04-09,Fulfilled,Urgent,None
2217,4,3,A+,5,2025-04-09,Fulfilled,Routine,None
2218,8,1,A+,1,2025-04-09,Fulfilled,Routine,None
2219,2,3,B+,2,2025-04-09,Fulfilled,Urgent,None
2220,4,3,A+,1,2025-04-09,Fulfilled,Routine,None
2221,1,2,O+,2,2025-04-09,Fulfilled,Routine,None
2222,6,2,B+,1,2025-04-09,Fulfilled,Routine,None
2223,2,2,B+,1,2025-04-10,Fulfilled,Routine,None
2224,6,3,B+,1,2025-04-10,Fulfilled,Routine,None
2225,2,1,O+,5,2025-04-10,Fulfilled,Urgent,None
2226,2,4,AB+,1,2025-04-10,Fulfilled,Routine,None
2227,1,4,A+,2,2025-04-10,Fulfilled,Routine,None
2228,4,2,A+,6,2025-04-10,Fulfilled,Routine,None
2229,2,3,B+,3,2025-04-10,Fulfilled,Routine,None
2230,7,3,B+,1,2025-04-10,Fulfilled,Routine,None
2231,8,2,O-,1,2025-04-10,Fulfilled,Routine,None
2232,7,4,A+,7,2025-04-11,Fulfilled,Emergency,None
2233,6,3,AB+,2,2025-04-11,Fulfilled,Routine,None
2234,8,1,A+,8,2025-04-11,Fulfilled,Emergency,None
2235,8,4,O-,2,2025-04-11,Fulfilled,Routine,None
2236,1,2,A-,1,2025-04-11,Fulfilled,Routine,None
2237,4,4,O+,2,2025-04-11,Cancelled,Routine,None
2238,2,2,AB+,1,2025-04-11,Fulfilled,Routine,None
2239,6,2,O+,1,2025-04-11,Fulfilled,Routine,None
2240,6,3,B+,4,2025-04-12,Fulfilled,Emergency,None
2241,7,1,A+,2,2025-04-12,Fulfilled,Routine,None
2242,5,4,A+,1,2025-04-12,Fulfilled,Routine,None
2243,7,3,B+,2,2025-04-12,Fulfilled,Urgent,None
2244,6,4,AB+,1,2025-04-12,Fulfilled,Routine,None
2245,1,2,B+,1,2025-04-12,Fulfilled,Routine,None
2246,5,3,A+,2,2025-04-12,Fulfilled,Routine,None
2247,8,1,AB+,1,2025-04-12,Fulfilled,Routine,None
2248,1,2,A+,1,2025-04-12,Fulfilled,Routine,None
2249,7,3,B+,2,2025-04-12,Fulfilled,Emergency,None
2250,6,4,AB+,2,2025-04-12,Fulfilled,Routine,None
2251,6,4,A+,2,2025-04-12,Fulfilled,Routine,None
2252,4,3,A+,3,2025-04-12,Fulfilled,Routine,None
2253,8,4,B-,2,2025-04-12,Fulfilled,Routine,None
2254,3,1,O+,4,2025-04-13,Fulfilled,Urgent,None
2255,7,2,B+,2,2025-04-13,Fulfilled,Urgent,None
2256,8,4,A+,1,2025-04-13,Fulfilled,Routine,None
2257,3,1,B+,1,2025-04-13,Fulfilled,Routine,None
2258,7,2,O+,1,2025-04-13,Fulfilled,Routine,None
2259,7,4,A-,1,2025-04-13,Fulfilled,Routine,None
2260,8,2,A+,1,2025-04-13,Fulfilled,Routine,None
2261,5,3,A+,1,2025-04-13,Fulfilled,Routine,None
2262,6,1,B-,9,2025-04-13,Fulfilled,Emergency,None
2263,7,2,A-,7,2025-04-14,Fulfilled,Emergency,None
2264,2,2,AB+,2,2025-04-14,Fulfilled,Urgent,None
2265,3,4,A-,3,2025-04-14,Fulfilled,Routine,None
2266,2,1,A+,5,2025-04-15,Fulfilled,Emergency,None
2267,8,2,A-,3,2025-04-15,Fulfilled,Urgent,None
2268,1,2,A+,2,2025-04-15,Fulfilled,Urgent,None
2269,1,4,O+,4,2025-04-15,Fulfilled,Emergency,None
2270,2,2,B+,1,2025-04-15,Fulfilled,Routine,None
2271,7,3,A+,1,2025-04-15,Fulfilled,Routine,None
2272,4,2,A+,2,2025-04-15,Fulfilled,Routine,None
2273,8,1,A+,4,2025-04-16,Fulfilled,Emergency,None
2274,1,3,O+,3,2025-04-16,Fulfilled,Routine,None
2275,8,4,A+,4,2025-04-16,Fulfilled,Emergency,None
2276,8,3,O+,1,2025-04-16,Fulfilled,Routine,None
2277,6,1,A-,2,2025-04-16,Fulfilled,Routine,None
2278,4,1,A+,2,2025-04-16,Fulfilled,Routine,None
2279,4,3,B+,3,2025-04-16,Fulfilled,Routine,None
2280,1,3,A+,2,2025-04-16,Fulfilled,Routine,None
2281,7,2,A+,3,2025-04-17,Fulfilled,Urgent,None
2282,4,4,A+,3,2025-04-17,Fulfilled,Routine,None
2283,2,2,B+,2,2025-04-17,Fulfilled,Routine,None
2284,3,1,B+,1,2025-04-17,Fulfilled,Routine,None
2285,6,1,A+,1,2025-04-17,Fulfilled,Routine,None
2286,2,3,O+,2,2025-04-17,Fulfilled,Routine,None
2287,4,2,B+,3,2025-04-17,Fulfilled,Routine,None
2288,3,1,B-,2,2025-04-17,Fulfilled,Routine,None
2289,4,3,O+,5,2025-04-17,Fulfilled,Emergency,None
2290,5,1,A-,2,2025-04-18,Fulfilled,Routine,None
2291,8,1,A+,3,2025-04-18,Fulfilled,Urgent,None
2292,5,4,O+,3,2025-04-18,Fulfilled,Routine,None
2293,4,4,A+,4,2025-04-18,Fulfilled,Routine,None
2294,6,3,O+,1,2025-04-18,Cancelled,Routine,None
2295,5,2,O+,2,2025-04-18,Fulfilled,Urgent,None
2296,5,3,A+,3,2025-04-18,Fulfilled,Urgent,None
2297,4,2,B+,4,2025-04-18,Cancelled,Routine,None
2298,4,3,B+,4,2025-04-18,Fulfilled,Urgent,None
2299,5,3,A+,1,2025-04-18,Fulfilled,Routine,None
2300,2,3,AB-,2,2025-04-18,Fulfilled,Routine,None
2301,8,2,A+,4,2025-04-18,Fulfilled,Urgent,None
2302,7,2,AB+,1,2025-04-18,Fulfilled,Routine,None
2303,3,3,O+,1,2025-04-18,Fulfilled,Routine,None
2304,5,1,O+,2,2025-04-18,Fulfilled,Routine,None
2305,7,2,O+,5,2025-04-19,Fulfilled,Emergency,None
2306,1,3,A+,2,2025-04-19,Fulfilled,Routine,None
2307,3,1,B+,1,2025-04-19,Fulfilled,Routine,None
2308,3,4,O-,1,2025-04-19,Fulfilled,Routine,None
2309,7,4,B-,1,2025-04-19,Fulfilled,Routine,None
2310,4,2,A+,3,2025-04-19,Fulfilled,Routine,None
2311,6,1,A+,3,2025-04-19,Fulfilled,Routine,None
2312,7,3,A+,3,2025-04-19,Fulfilled,Routine,None
2313,6,4,O+,1,2025-04-19,Fulfilled,Routine,None
2314,7,1,A+,1,2025-04-19,Fulfilled,Routine,None
2315,4,3,A+,3,2025-04-19,Fulfilled,Routine,None
2316,4,2,A+,2,2025-04-19,Fulfilled,Routine,None
2317,5,4,A+,2,2025-04-19,Fulfilled,Routine,None
2318,8,2,O+,3,2025-04-19,Fulfilled,Routine,None
2319,5,2,B+,2,2025-04-19,Fulfilled,Routine,None
2320,4,3,B+,4,2025-04-20,Fulfilled,Routine,None
2321,7,3,O+,1,2025-04-20,Fulfilled,Routine,None
2322,4,4,B+,5,2025-04-20,Fulfilled,Routine,None
2323,3,2,AB+,6,2025-04-20,Fulfilled,Emergency,None
2324,5,1,B+,3,2025-04-20,Fulfilled,Routine,None
2325,6,4,O+,2,2025-04-20,Fulfilled,Urgent,None
2326,6,1,O+,1,2025-04-20,Fulfilled,Routine,None
2327,7,4,A+,1,2025-04-20,Fulfilled,Routine,None
2328,1,1,A+,1,2025-04-20,Fulfilled,Routine,None
2329,8,3,AB+,3,2025-04-20,Fulfilled,Urgent,None
2330,2,1,A+,2,2025-04-21,Fulfilled,Routine,None
2331,4,3,O+,5,2025-04-21,Fulfilled,Routine,None
2332,7,2,A+,1,2025-04-21,Fulfilled,Routine,None
2333,5,1,A-,14,2025-04-21,Fulfilled,Emergency,None
2334,2,2,A+,1,2025-04-21,Fulfilled,Routine,None
2335,4,2,B-,4,2025-04-21,Fulfilled,Urgent,None
2336,1,3,B-,6,2025-04-21,Fulfilled,Emergency,None
2337,1,1,B-,1,2025-04-21,Fulfilled,Routine,None
2338,1,2,A+,2,2025-04-22,Fulfilled,Urgent,Outbreak
2339,8,2,O+,4,2025-04-22,Fulfilled,Emergency,Outbreak
2340,8,3,A+,6,2025-04-22,Fulfilled,Emergency,Outbreak
2341,4,3,O-,8,2025-04-22,Fulfilled,Emergency,Outbreak
2342,6,2,B+,3,2025-04-22,Fulfilled,Emergency,Outbreak
2343,1,4,A-,4,2025-04-22,Fulfilled,Emergency,Outbreak
2344,4,4,A+,4,2025-04-23,Fulfilled,Urgent,Outbreak
2345,7,3,A+,4,2025-04-23,Fulfilled,Emergency,Outbreak
2346,2,4,AB-,3,2025-04-23,Fulfilled,Emergency,Outbreak
2347,6,3,O+,5,2025-04-23,Fulfilled,Emergency,Outbreak
2348,5,4,AB+,5,2025-04-23,Fulfilled,Urgent,Outbreak
2349,5,3,O+,3,2025-04-23,Fulfilled,Urgent,Outbreak
2350,4,3,O+,20,2025-04-23,Fulfilled,Emergency,Outbreak
2351,4,1,A+,8,2025-04-23,Fulfilled,Urgent,Outbreak
2352,8,1,O+,11,2025-04-23,Fulfilled,Emergency,Outbreak
2353,3,3,A+,6,2025-04-23,Fulfilled,Emergency,Outbreak
2354,4,1,B+,7,2025-04-23,Fulfilled,Emergency,Outbreak
2355,3,4,A+,7,2025-04-23,Fulfilled,Emergency,Outbreak
2356,4,1,O+,5,2025-04-23,Fulfilled,Urgent,Outbreak
2357,5,3,O+,3,2025-04-23,Fulfilled,Urgent,Outbreak
2358,7,2,O+,4,2025-04-23,Fulfilled,Emergency,Outbreak
2359,7,1,O-,5,2025-04-23,Fulfilled,Emergency,Outbreak
2360,4,3,A-,6,2025-04-24,Fulfilled,Urgent,Outbreak
2361,3,1,B+,3,2025-04-24,Fulfilled,Urgent,Outbreak
2362,5,1,A+,2,2025-04-24,Fulfilled,Urgent,Outbreak
2363,1,1,A+,4,2025-04-24,Fulfilled,Urgent,Outbreak
2364,7,4,A-,5,2025-04-24,Fulfilled,Emergency,Outbreak
2365,4,2,B+,7,2025-04-24,Fulfilled,Urgent,Outbreak
2366,3,4,AB+,4,2025-04-24,Fulfilled,Emergency,Outbreak
2367,6,3,A-,3,2025-04-24,Fulfilled,Urgent,Outbreak
2368,3,4,O+,2,2025-04-24,Fulfilled,Urgent,Outbreak
2369,6,3,AB+,1,2025-04-24,Fulfilled,Urgent,Outbreak
2370,7,2,B-,7,2025-04-24,Fulfilled,Emergency,Outbreak
2371,4,1,AB+,7,2025-04-24,Fulfilled,Emergency,Outbreak
2372,8,2,A+,2,2025-04-24,Fulfilled,Urgent,Outbreak
2373,3,3,B+,2,2025-04-24,Fulfilled,Emergency,Outbreak
2374,7,2,A-,5,2025-04-24,Fulfilled,Emergency,Outbreak
2375,8,3,O+,5,2025-04-25,Fulfilled,Emergency,Outbreak
2376,7,3,A+,5,2025-04-25,Fulfilled,Emergency,Outbreak
2377,8,4,A-,3,2025-04-25,Fulfilled,Emergency,Outbreak
2378,2,2,O+,3,2025-04-25,Fulfilled,Urgent,Outbreak
2379,8,2,B+,10,2025-04-25,Cancelled,Emergency,Outbreak
2380,5,1,O+,2,2025-04-25,Fulfilled,Emergency,Outbreak
2381,7,3,B+,2,2025-04-25,Fulfilled,Emergency,Outbreak
2382,5,4,A-,7,2025-04-25,Fulfilled,Emergency,Outbreak
2383,1,2,B+,3,2025-04-25,Fulfilled,Emergency,Outbreak
2384,1,4,A+,7,2025-04-25,Fulfilled,Emergency,Outbreak
2385,7,4,B-,5,2025-04-25,Fulfilled,Emergency,Outbreak
2386,7,3,A+,8,2025-04-25,Fulfilled,Emergency,Outbreak
2387,5,2,O-,3,2025-04-25,Fulfilled,Urgent,Outbreak
2388,5,1,AB+,5,2025-04-26,Fulfilled,Emergency,Outbreak
2389,7,4,O+,10,2025-04-26,Fulfilled,Emergency,Outbreak
2390,2,2,A+,5,2025-04-26,Fulfilled,Emergency,Outbreak
2391,8,4,A+,2,2025-04-26,Fulfilled,Urgent,Outbreak
2392,4,4,B+,11,2025-04-26,Fulfilled,Emergency,Outbreak
2393,6,1,A-,6,2025-04-26,Fulfilled,Emergency,Outbreak
2394,2,3,A+,6,2025-04-26,Fulfilled,Emergency,Outbreak
2395,2,2,A+,3,2025-04-27,Fulfilled,Urgent,Outbreak
2396,3,1,AB+,2,2025-04-27,Fulfilled,Urgent,Outbreak
2397,2,1,B-,4,2025-04-27,Fulfilled,Emergency,Outbreak
2398,4,3,B+,9,2025-04-27,Fulfilled,Emergency,Outbreak
2399,7,2,A+,3,2025-04-27,Fulfilled,Urgent,Outbreak
2400,4,3,B+,12,2025-04-27,Fulfilled,Emergency,Outbreak
2401,5,3,O-,4,2025-04-27,Fulfilled,Emergency,Outbreak
2402,3,3,B+,10,2025-04-27,Fulfilled,Emergency,Outbreak
2403,5,4,O+,7,2025-04-28,Fulfilled,Emergency,Outbreak
2404,5,1,A+,3,2025-04-28,Fulfilled,Emergency,Outbreak
2405,7,2,B+,2,2025-04-28,Fulfilled,Urgent,Outbreak
2406,8,4,B+,4,2025-04-28,Fulfilled,Emergency,Outbreak
2407,8,1,A-,4,2025-04-28,Fulfilled,Emergency,Outbreak
2408,8,1,A+,2,2025-04-28,Fulfilled,Urgent,Outbreak
2409,1,2,A+,3,2025-04-28,Fulfilled,Urgent,Outbreak
2410,2,1,A+,3,2025-04-28,Fulfilled,Emergency,Outbreak
2411,1,3,O+,3,2025-04-28,Fulfilled,Urgent,Outbreak
2412,1,2,B+,3,2025-04-28,Fulfilled,Emergency,Outbreak
2413,7,1,B-,3,2025-04-28,Fulfilled,Urgent,Outbreak
2414,7,3,AB+,3,2025-04-29,Fulfilled,Urgent,Outbreak
2415,6,2,B-,4,2025-04-29,Fulfilled,Emergency,Outbreak
2416,6,4,A+,3,2025-04-29,Fulfilled,Urgent,Outbreak
2417,2,4,B+,2,2025-04-29,Fulfilled,Urgent,Outbreak
2418,2,2,A-,3,2025-04-29,Fulfilled,Emergency,Outbreak
2419,5,2,O+,3,2025-04-29,Fulfilled,Urgent,Outbreak
2420,8,2,B-,3,2025-04-29,Fulfilled,Urgent,Outbreak
2421,4,4,A-,6,2025-04-29,Fulfilled,Emergency,Outbreak
2422,3,1,B+,3,2025-04-29,Fulfilled,Emergency,Outbreak
2423,8,3,O+,7,2025-04-30,Fulfilled,Emergency,Outbreak
2424,8,2,A+,7,2025-04-30,Fulfilled,Emergency,Outbreak
2425,3,2,B+,6,2025-04-30,Cancelled,Emergency,Outbreak
2426,2,1,B+,3,2025-04-30,Fulfilled,Urgent,Outbreak
2427,2,2,B+,7,2025-04-30,Fulfilled,Emergency,Outbreak
2428,1,1,B+,8,2025-04-30,Fulfilled,Emergency,Outbreak
2429,4,1,O+,10,2025-04-30,Fulfilled,Emergency,Outbreak
2430,2,4,A+,1,2025-04-30,Fulfilled,Emergency,Outbreak
2431,3,2,O+,7,2025-04-30,Fulfilled,Emergency,Outbreak
2432,5,2,O+,3,2025-04-30,Fulfilled,Emergency,Outbreak
2433,6,4,B+,4,2025-04-30,Fulfilled,Emergency,Outbreak
2434,4,4,A-,6,2025-04-30,Fulfilled,Emergency,Outbreak
2435,5,3,O+,10,2025-05-01,Cancelled,Emergency,Outbreak
2436,8,4,B-,4,2025-05-01,Fulfilled,Emergency,Outbreak
2437,7,3,O+,6,2025-05-01,Fulfilled,Emergency,Outbreak
2438,2,2,B+,12,2025-05-01,Fulfilled,Emergency,Outbreak
2439,3,1,B+,9,2025-05-01,Fulfilled,Emergency,Outbreak
2440,2,2,A+,4,2025-05-01,Fulfilled,Urgent,Outbreak
2441,8,3,O-,4,2025-05-01,Fulfilled,Emergency,Outbreak
2442,6,3,O+,2,2025-05-01,Fulfilled,Emergency,Outbreak
2443,2,4,A+,3,2025-05-01,Fulfilled,Urgent,Outbreak
2444,7,1,O+,3,2025-05-01,Fulfilled,Urgent,Outbreak
2445,5,3,A+,2,2025-05-01,Fulfilled,Emergency,Outbreak
2446,2,3,A-,2,2025-05-02,Fulfilled,Urgent,Outbreak
2447,8,1,A+,10,2025-05-02,Fulfilled,Urgent,Outbreak
2448,8,2,B+,1,2025-05-02,Fulfilled,Urgent,Outbreak
2449,4,1,B+,15,2025-05-02,Fulfilled,Emergency,Outbreak
2450,4,3,A+,4,2025-05-02,Fulfilled,Urgent,Outbreak
2451,3,2,A+,6,2025-05-02,Fulfilled,Emergency,Outbreak
2452,8,2,A+,3,2025-05-02,Fulfilled,Emergency,Outbreak
2453,3,2,B+,1,2025-05-02,Fulfilled,Urgent,Outbreak
2454,1,2,A+,8,2025-05-02,Fulfilled,Urgent,Outbreak
2455,4,3,A+,3,2025-05-02,Fulfilled,Urgent,Outbreak
2456,8,2,B+,8,2025-05-02,Fulfilled,Emergency,Outbreak
2457,2,2,AB+,7,2025-05-02,Fulfilled,Emergency,Outbreak
2458,3,3,B-,2,2025-05-02,Fulfilled,Urgent,Outbreak
2459,2,2,B+,3,2025-05-02,Fulfilled,Emergency,Outbreak
2460,7,3,B+,5,2025-05-03,Fulfilled,Emergency,Outbreak
2461,5,3,A-,2,2025-05-03,Fulfilled,Urgent,Outbreak
2462,3,4,O+,7,2025-05-03,Fulfilled,Emergency,Outbreak
2463,1,1,A-,3,2025-05-03,Fulfilled,Emergency,Outbreak
2464,1,4,O+,4,2025-05-03,Fulfilled,Emergency,Outbreak
2465,1,3,A+,4,2025-05-03,Fulfilled,Emergency,Outbreak
2466,2,2,A+,4,2025-05-03,Fulfilled,Urgent,Outbreak
2467,1,4,A+,7,2025-05-03,Fulfilled,Emergency,Outbreak
2468,2,1,O+,8,2025-05-03,Fulfilled,Emergency,Outbreak
2469,3,4,O+,4,2025-05-03,Fulfilled,Emergency,Outbreak
2470,7,4,B+,4,2025-05-03,Fulfilled,Urgent,Outbreak
2471,4,4,B+,7,2025-05-04,Fulfilled,Emergency,Outbreak
2472,4,3,O+,6,2025-05-04,Fulfilled,Urgent,Outbreak
2473,6,2,B+,3,2025-05-04,Fulfilled,Emergency,Outbreak
2474,1,4,O+,4,2025-05-04,Fulfilled,Emergency,Outbreak
2475,7,2,O+,1,2025-05-04,Fulfilled,Urgent,Outbreak
2476,2,4,AB+,3,2025-05-04,Fulfilled,Urgent,Outbreak
2477,6,4,O+,1,2025-05-04,Fulfilled,Urgent,Outbreak
2478,2,2,O+,11,2025-05-04,Fulfilled,Emergency,Outbreak
2479,3,3,B+,5,2025-05-04,Fulfilled,Emergency,Outbreak
2480,6,2,O-,1,2025-05-04,Fulfilled,Urgent,Outbreak
2481,5,2,O+,2,2025-05-04,Fulfilled,Urgent,Outbreak
2482,7,2,B-,4,2025-05-05,Fulfilled,Emergency,Outbreak
2483,5,2,A+,2,2025-05-05,Fulfilled,Urgent,Outbreak
2484,4,1,A+,19,2025-05-05,Fulfilled,Emergency,Outbreak
2485,1,2,A+,3,2025-05-05,Fulfilled,Emergency,Outbreak
2486,5,4,AB+,9,2025-05-05,Fulfilled,Emergency,Outbreak
2487,4,1,B+,9,2025-05-05,Fulfilled,Emergency,Outbreak
2488,7,4,B+,8,2025-05-05,Fulfilled,Emergency,Outbreak
2489,4,4,A+,13,2025-05-05,Fulfilled,Urgent,Outbreak
2490,5,1,O-,8,2025-05-05,Fulfilled,Emergency,Outbreak
2491,1,4,O+,7,2025-05-05,Fulfilled,Emergency,Outbreak
2492,7,2,O-,3,2025-05-05,Fulfilled,Emergency,Outbreak
2493,5,4,B+,2,2025-05-05,Fulfilled,Emergency,Outbreak
2494,2,4,A+,2,2025-05-05,Fulfilled,Emergency,Outbreak
2495,5,2,B+,3,2025-05-05,Fulfilled,Emergency,Outbreak
2496,8,3,A+,3,2025-05-05,Fulfilled,Emergency,Outbreak
2497,4,3,B+,9,2025-05-05,Fulfilled,Emergency,Outbreak
2498,6,3,A+,3,2025-05-05,Fulfilled,Urgent,Outbreak
2499,8,2,B+,5,2025-05-05,Fulfilled,Emergency,Outbreak
2500,7,2,A+,2,2025-05-06,Fulfilled,Emergency,Outbreak
2501,8,3,A+,2,2025-05-06,Fulfilled,Urgent,Outbreak
2502,2,2,B-,4,2025-05-06,Fulfilled,Emergency,Outbreak
2503,8,3,O+,3,2025-05-06,Fulfilled,Emergency,Outbreak
2504,4,3,B+,6,2025-05-06,Fulfilled,Emergency,Outbreak
2505,1,3,AB+,4,2025-05-06,Fulfilled,Emergency,Outbreak
2506,2,4,AB+,5,2025-05-06,Fulfilled,Urgent,Outbreak
2507,8,2,B+,4,2025-05-06,Fulfilled,Urgent,Outbreak
2508,4,1,B+,7,2025-05-06,Fulfilled,Urgent,Outbreak
2509,7,3,B-,7,2025-05-06,Fulfilled,Emergency,Outbreak
2510,1,3,A+,2,2025-05-06,Fulfilled,Emergency,Outbreak
2511,2,1,A+,4,2025-05-07,Fulfilled,Emergency,Outbreak
2512,4,2,A+,4,2025-05-07,Fulfilled,Urgent,Outbreak
2513,3,4,A-,4,2025-05-07,Fulfilled,Emergency,Outbreak
2514,3,2,O+,4,2025-05-07,Fulfilled,Emergency,Outbreak
2515,8,4,B+,9,2025-05-07,Fulfilled,Emergency,Outbreak
2516,4,3,A+,4,2025-05-07,Fulfilled,Urgent,Outbreak
2517,4,4,A+,9,2025-05-07,Fulfilled,Emergency,Outbreak
2518,6,1,AB-,6,2025-05-08,Fulfilled,Emergency,Outbreak
2519,2,2,A+,4,2025-05-08,Fulfilled,Emergency,Outbreak
2520,2,2,A+,5,2025-05-08,Fulfilled,Urgent,Outbreak
2521,6,2,A+,5,2025-05-08,Fulfilled,Emergency,Outbreak
2522,4,3,A-,7,2025-05-08,Fulfilled,Urgent,Outbreak
2523,2,3,B+,5,2025-05-08,Fulfilled,Emergency,Outbreak
2524,1,4,B+,7,2025-05-08,Fulfilled,Emergency,Outbreak
2525,8,4,B+,3,2025-05-08,Fulfilled,Emergency,Outbreak
2526,6,3,B+,5,2025-05-08,Fulfilled,Emergency,Outbreak
2527,2,3,B-,7,2025-05-08,Fulfilled,Emergency,Outbreak
2528,4,3,B-,14,2025-05-08,Fulfilled,Emergency,Outbreak
2529,2,3,O+,2,2025-05-09,Fulfilled,Urgent,Outbreak
2530,1,1,B+,6,2025-05-09,Fulfilled,Emergency,Outbreak
2531,7,2,B+,1,2025-05-09,Fulfilled,Urgent,Outbreak
2532,8,3,O+,12,2025-05-09,Fulfilled,Emergency,Outbreak
2533,3,1,O+,3,2025-05-09,Fulfilled,Emergency,Outbreak
2534,3,1,B+,3,2025-05-09,Fulfilled,Emergency,Outbreak
2535,4,2,B-,13,2025-05-09,Cancelled,Emergency,Outbreak
2536,7,3,A+,4,2025-05-09,Fulfilled,Emergency,Outbreak
2537,8,1,A+,2,2025-05-09,Fulfilled,Urgent,Outbreak
2538,4,4,A+,9,2025-05-09,Fulfilled,Emergency,Outbreak
2539,3,3,B+,9,2025-05-09,Fulfilled,Emergency,Outbreak
2540,3,1,O+,3,2025-05-09,Fulfilled,Urgent,Outbreak
2541,4,3,A+,16,2025-05-09,Fulfilled,Emergency,Outbreak
2542,3,3,AB+,4,2025-05-10,Fulfilled,Emergency,Outbreak
2543,8,3,O+,3,2025-05-10,Fulfilled,Urgent,Outbreak
2544,6,4,O+,4,2025-05-10,Fulfilled,Emergency,Outbreak
2545,6,4,A+,3,2025-05-10,Fulfilled,Emergency,Outbreak
2546,2,4,B-,1,2025-05-10,Fulfilled,Urgent,Outbreak
2547,2,2,A+,6,2025-05-10,Fulfilled,Emergency,Outbreak
2548,2,1,O+,3,2025-05-10,Fulfilled,Emergency,Outbreak
2549,3,1,O+,2,2025-05-10,Fulfilled,Emergency,Outbreak
2550,1,2,B+,5,2025-05-11,Fulfilled,Emergency,Outbreak
2551,2,2,B+,4,2025-05-11,Fulfilled,Emergency,Outbreak
2552,8,3,B+,4,2025-05-11,Fulfilled,Emergency,Outbreak
2553,2,3,B+,11,2025-05-11,Fulfilled,Emergency,Outbreak
2554,7,2,AB+,4,2025-05-11,Fulfilled,Emergency,Outbreak
2555,6,2,B-,3,2025-05-11,Fulfilled,Urgent,Outbreak
2556,8,3,A-,2,2025-05-11,Fulfilled,Urgent,Outbreak
2557,3,4,A+,5,2025-05-12,Fulfilled,Emergency,Outbreak
2558,5,4,O-,1,2025-05-12,Fulfilled,Emergency,Outbreak
2559,3,3,A+,4,2025-05-12,Fulfilled,Emergency,Outbreak
2560,7,3,O+,5,2025-05-12,Fulfilled,Urgent,Outbreak
2561,4,1,AB+,12,2025-05-12,Fulfilled,Emergency,Outbreak
2562,4,4,B+,7,2025-05-12,Fulfilled,Urgent,Outbreak
2563,7,4,A+,5,2025-05-12,Fulfilled,Emergency,Outbreak
2564,4,3,B+,8,2025-05-12,Fulfilled,Emergency,Outbreak
2565,6,1,AB+,3,2025-05-12,Fulfilled,Emergency,Outbreak
2566,8,4,O+,2,2025-05-13,Fulfilled,Routine,None
2567,2,2,B+,1,2025-05-13,Fulfilled,Routine,None
2568,4,4,B+,4,2025-05-13,Fulfilled,Routine,None
2569,7,3,A-,1,2025-05-13,Fulfilled,Routine,None
2570,4,3,A+,3,2025-05-13,Fulfilled,Routine,None
2571,5,3,AB+,1,2025-05-13,Fulfilled,Routine,None
2572,6,1,B+,1,2025-05-13,Fulfilled,Routine,None
2573,7,2,O+,2,2025-05-13,Fulfilled,Routine,None
2574,1,1,B+,1,2025-05-14,Fulfilled,Routine,None
2575,6,2,B+,2,2025-05-14,Fulfilled,Urgent,None
2576,6,3,B+,2,2025-05-14,Fulfilled,Routine,None
2577,7,4,O+,3,2025-05-14,Fulfilled,Routine,None
2578,6,1,O+,2,2025-05-14,Fulfilled,Routine,None
2579,8,1,AB+,1,2025-05-14,Fulfilled,Routine,None
2580,3,1,B+,2,2025-05-14,Fulfilled,Routine,None
2581,6,3,A+,3,2025-05-14,Fulfilled,Urgent,None
2582,4,2,A+,2,2025-05-14,Fulfilled,Routine,None
2583,1,2,A+,1,2025-05-14,Fulfilled,Routine,None
2584,6,2,O+,2,2025-05-14,Fulfilled,Routine,None
2585,8,4,A-,1,2025-05-15,Fulfilled,Routine,None
2586,5,3,AB+,1,2025-05-15,Fulfilled,Routine,None
2587,6,4,AB+,4,2025-05-15,Fulfilled,Emergency,None
2588,2,4,A+,7,2025-05-15,Fulfilled,Emergency,None
2589,4,4,B-,5,2025-05-15,Fulfilled,Routine,None
2590,4,3,AB-,9,2025-05-15,Fulfilled,Urgent,None
2591,5,4,A-,1,2025-05-15,Fulfilled,Routine,None
2592,3,2,B+,2,2025-05-15,Fulfilled,Urgent,None
2593,4,1,B+,6,2025-05-16,Fulfilled,Urgent,None
2594,3,4,O+,3,2025-05-16,Fulfilled,Routine,None
2595,8,2,O+,6,2025-05-16,Fulfilled,Emergency,None
2596,2,3,A-,2,2025-05-16,Fulfilled,Urgent,None
2597,6,1,AB+,3,2025-05-16,Fulfilled,Urgent,None
2598,8,4,A+,4,2025-05-16,Fulfilled,Routine,None
2599,7,1,B+,4,2025-05-16,Fulfilled,Routine,None
2600,6,2,O+,2,2025-05-16,Fulfilled,Routine,None
2601,2,2,A+,2,2025-05-16,Fulfilled,Routine,None
2602,3,1,O+,2,2025-05-17,Fulfilled,Routine,None
2603,1,4,A-,1,2025-05-17,Fulfilled,Routine,None
2604,6,1,A+,3,2025-05-17,Fulfilled,Routine,None
2605,3,4,A+,1,2025-05-17,Fulfilled,Routine,None
2606,2,3,A-,1,2025-05-17,Fulfilled,Routine,None
2607,1,2,B+,1,2025-05-17,Fulfilled,Routine,None
2608,7,4,B+,2,2025-05-17,Fulfilled,Urgent,None
2609,4,3,A+,1,2025-05-17,Fulfilled,Routine,None
2610,4,1,A+,1,2025-05-17,Fulfilled,Routine,None
2611,7,2,A+,4,2025-05-17,Fulfilled,Routine,None
2612,5,2,B+,1,2025-05-17,Fulfilled,Urgent,None
2613,4,4,AB+,3,2025-05-17,Fulfilled,Routine,None
2614,1,2,O+,1,2025-05-17,Fulfilled,Routine,None
2615,2,2,B+,2,2025-05-17,Fulfilled,Routine,None
2616,1,1,O-,2,2025-05-18,Cancelled,Routine,None
2617,3,2,A+,1,2025-05-18,Fulfilled,Routine,None
2618,3,3,A+,2,2025-05-18,Fulfilled,Urgent,None
2619,8,3,B+,2,2025-05-18,Fulfilled,Routine,None
2620,2,2,AB+,1,2025-05-18,Fulfilled,Routine,None
2621,6,1,A+,3,2025-05-18,Fulfilled,Emergency,None
2622,2,2,B+,1,2025-05-18,Fulfilled,Routine,None
2623,2,1,B+,4,2025-05-18,Fulfilled,Routine,None
2624,8,3,B+,1,2025-05-18,Fulfilled,Routine,None
2625,8,4,O+,1,2025-05-19,Fulfilled,Routine,None
2626,1,1,A+,2,2025-05-19,Cancelled,Routine,None
2627,1,3,A+,1,2025-05-19,Fulfilled,Routine,None
2628,3,3,B+,1,2025-05-19,Fulfilled,Routine,None
2629,6,1,O+,5,2025-05-19,Fulfilled,Urgent,None
2630,7,4,A-,4,2025-05-20,Fulfilled,Urgent,None
2631,3,2,A-,2,2025-05-20,Fulfilled,Routine,None
2632,6,2,A+,1,2025-05-20,Fulfilled,Routine,None
2633,8,2,O+,3,2025-05-20,Fulfilled,Urgent,None
2634,2,4,AB+,3,2025-05-20,Fulfilled,Routine,None
2635,2,2,O+,1,2025-05-20,Fulfilled,Routine,None
2636,7,1,A+,2,2025-05-20,Fulfilled,Routine,None
2637,2,4,A-,3,2025-05-21,Fulfilled,Routine,None
2638,2,3,O+,2,2025-05-21,Cancelled,Routine,None
2639,1,4,B-,5,2025-05-21,Fulfilled,Urgent,None
2640,2,4,A+,3,2025-05-21,Fulfilled,Routine,None
2641,4,4,O-,3,2025-05-21,Fulfilled,Routine,None
2642,1,4,A+,2,2025-05-22,Fulfilled,Routine,None
2643,6,3,A+,2,2025-05-22,Fulfilled,Urgent,None
2644,3,1,B+,1,2025-05-22,Fulfilled,Routine,None
2645,5,1,A+,3,2025-05-22,Fulfilled,Routine,None
2646,3,4,A+,4,2025-05-22,Cancelled,Emergency,None
2647,2,1,B+,3,2025-05-22,Fulfilled,Routine,None
2648,4,4,B+,4,2025-05-22,Fulfilled,Urgent,None
2649,3,3,A+,1,2025-05-23,Fulfilled,Routine,None
2650,7,4,B+,7,2025-05-23,Fulfilled,Emergency,None
2651,8,1,A+,1,2025-05-23,Fulfilled,Routine,None
2652,4,3,A+,3,2025-05-23,Fulfilled,Routine,None
2653,1,3,O+,2,2025-05-23,Fulfilled,Urgent,None
2654,6,1,O+,2,2025-05-23,Fulfilled,Routine,None
2655,5,1,A-,3,2025-05-23,Fulfilled,Routine,None
2656,7,3,O+,2,2025-05-23,Fulfilled,Urgent,None
2657,5,3,O-,4,2025-05-24,Fulfilled,Emergency,None
2658,8,3,AB-,2,2025-05-24,Fulfilled,Urgent,None
2659,6,2,A-,2,2025-05-24,Fulfilled,Routine,None
2660,2,1,A+,2,2025-05-24,Fulfilled,Urgent,None
2661,5,1,B+,2,2025-05-24,Fulfilled,Routine,None
2662,2,2,A+,1,2025-05-25,Fulfilled,Routine,None
2663,4,1,AB+,2,2025-05-25,Fulfilled,Routine,None
2664,4,1,B+,4,2025-05-25,Fulfilled,Routine,None
2665,4,1,A+,2,2025-05-25,Fulfilled,Routine,None
2666,7,2,B+,1,2025-05-26,Fulfilled,Routine,None
2667,1,3,A+,1,2025-05-26,Fulfilled,Routine,None
2668,6,3,B+,1,2025-05-26,Fulfilled,Routine,None
2669,8,3,O+,2,2025-05-26,Fulfilled,Routine,None
2670,8,2,B+,1,2025-05-26,Fulfilled,Urgent,None
2671,6,4,AB+,2,2025-05-26,Fulfilled,Routine,None
2672,2,1,B+,1,2025-05-26,Fulfilled,Routine,None
2673,7,4,B+,8,2025-05-26,Fulfilled,Emergency,None
2674,2,3,O+,1,2025-05-26,Fulfilled,Routine,None
2675,1,3,B+,7,2025-05-27,Fulfilled,Emergency,None
2676,3,2,B+,3,2025-05-27,Fulfilled,Routine,None
2677,8,4,O+,1,2025-05-27,Fulfilled,Routine,None
2678,5,4,A+,1,2025-05-27,Fulfilled,Routine,None
2679,1,2,B+,4,2025-05-27,Fulfilled,Routine,None
2680,1,2,O+,2,2025-05-27,Fulfilled,Routine,None
2681,1,1,B+,2,2025-05-27,Fulfilled,Routine,None
2682,3,3,B+,1,2025-05-27,Fulfilled,Routine,None
2683,2,2,A+,1,2025-05-28,Fulfilled,Urgent,None
2684,8,3,A+,1,2025-05-28,Fulfilled,Routine,None
2685,3,2,AB-,3,2025-05-28,Fulfilled,Urgent,None
2686,4,3,AB+,4,2025-05-28,Cancelled,Routine,None
2687,6,1,A-,3,2025-05-28,Fulfilled,Routine,None
2688,5,1,A+,1,2025-05-29,Fulfilled,Routine,None
2689,6,1,O+,2,2025-05-29,Fulfilled,Routine,None
2690,4,2,A+,5,2025-05-29,Fulfilled,Routine,None
2691,6,4,A+,2,2025-05-29,Fulfilled,Routine,None
2692,8,2,A+,3,2025-05-29,Fulfilled,Urgent,None
2693,7,3,A+,2,2025-05-30,Fulfilled,Routine,None
2694,2,3,O+,2,2025-05-30,Fulfilled,Routine,None
2695,1,4,AB+,2,2025-05-30,Fulfilled,Routine,None
2696,4,1,A+,5,2025-05-30,Fulfilled,Urgent,None
2697,2,1,O-,3,2025-05-30,Fulfilled,Routine,None
2698,3,2,A+,1,2025-05-30,Fulfilled,Routine,None
2699,5,2,A+,4,2025-05-30,Fulfilled,Emergency,None
2700,7,3,B+,2,2025-05-30,Fulfilled,Routine,None
2701,8,2,A-,1,2025-05-30,Fulfilled,Routine,None
2702,7,4,O+,2,2025-05-30,Fulfilled,Routine,None
2703,3,2,B+,3,2025-05-30,Fulfilled,Routine,None
2704,1,3,B+,1,2025-05-30,Fulfilled,Routine,None
2705,5,4,A+,3,2025-05-30,Fulfilled,Urgent,None
2706,6,3,AB-,3,2025-05-31,Fulfilled,Urgent,None
2707,1,4,B+,3,2025-05-31,Fulfilled,Routine,None
2708,1,3,A+,1,2025-05-31,Fulfilled,Routine,None
2709,5,4,B+,1,2025-05-31,Fulfilled,Routine,None
2710,7,4,A-,3,2025-05-31,Fulfilled,Routine,None
2711,3,1,A-,2,2025-05-31,Fulfilled,Routine,None
2712,5,1,A+,2,2025-05-31,Fulfilled,Routine,None
2713,1,1,O+,3,2025-05-31,Fulfilled,Urgent,None
2714,1,2,A+,3,2025-05-31,Fulfilled,Urgent,None
2715,6,3,A+,2,2025-05-31,Fulfilled,Routine,None
2716,6,4,O-,1,2025-05-31,Fulfilled,Routine,None
2717,2,2,O+,1,2025-06-01,Fulfilled,Routine,None
2718,4,4,B+,1,2025-06-01,Fulfilled,Routine,None
2719,4,4,A+,4,2025-06-01,Fulfilled,Urgent,None
2720,7,4,O-,3,2025-06-01,Fulfilled,Routine,None
2721,6,4,A+,3,2025-06-01,Fulfilled,Routine,None
2722,7,1,A-,2,2025-06-01,Fulfilled,Routine,None
2723,4,3,A+,4,2025-06-01,Fulfilled,Routine,None
2724,6,1,B+,1,2025-06-01,Fulfilled,Urgent,None
2725,7,3,AB+,3,2025-06-01,Fulfilled,Routine,None
2726,2,3,O+,2,2025-06-02,Fulfilled,Urgent,None
2727,2,3,B+,1,2025-06-02,Fulfilled,Routine,None
2728,8,1,B+,2,2025-06-02,Fulfilled,Routine,None
2729,3,4,AB-,1,2025-06-02,Fulfilled,Routine,None
2730,8,4,A+,2,2025-06-02,Fulfilled,Routine,None
2731,8,2,A+,1,2025-06-02,Fulfilled,Routine,None
2732,7,2,A+,2,2025-06-02,Fulfilled,Urgent,None
2733,6,3,A+,2,2025-06-02,Fulfilled,Routine,None
2734,7,2,O+,2,2025-06-02,Fulfilled,Routine,None
2735,2,4,B+,4,2025-06-02,Fulfilled,Urgent,None
2736,8,1,O+,1,2025-06-02,Fulfilled,Routine,None
2737,5,4,O+,2,2025-06-03,Fulfilled,Routine,None
2738,7,1,A+,1,2025-06-03,Fulfilled,Routine,None
2739,1,3,B+,1,2025-06-03,Fulfilled,Routine,None
2740,4,1,A-,3,2025-06-03,Fulfilled,Routine,None
2741,5,3,A-,1,2025-06-03,Fulfilled,Routine,None
2742,8,1,B+,1,2025-06-03,Fulfilled,Routine,None
2743,1,3,B-,2,2025-06-03,Fulfilled,Routine,None
2744,3,4,B+,1,2025-06-04,Fulfilled,Routine,None
2745,4,2,B+,4,2025-06-04,Fulfilled,Routine,None
2746,6,3,O-,1,2025-06-04,Fulfilled,Routine,None
2747,2,1,B+,1,2025-06-04,Fulfilled,Routine,None
2748,2,3,AB+,2,2025-06-04,Fulfilled,Routine,None
2749,3,1,A+,1,2025-06-04,Fulfilled,Routine,None
2750,4,3,A+,5,2025-06-04,Fulfilled,Routine,None
2751,4,3,B-,2,2025-06-05,Fulfilled,Routine,None
2752,7,1,B-,1,2025-06-05,Fulfilled,Routine,None
2753,4,1,AB+,9,2025-06-05,Fulfilled,Emergency,None
2754,3,2,A-,2,2025-06-05,Fulfilled,Routine,None
2755,4,1,O+,7,2025-06-05,Fulfilled,Emergency,None
2756,8,2,AB+,3,2025-06-05,Fulfilled,Routine,None
2757,7,4,O+,1,2025-06-05,Cancelled,Routine,None
2758,7,2,A+,3,2025-06-05,Fulfilled,Routine,None
2759,8,1,A+,2,2025-06-06,Fulfilled,Routine,None
2760,8,1,O+,2,2025-06-06,Fulfilled,Routine,None
2761,8,1,B+,2,2025-06-06,Fulfilled,Routine,None
2762,6,3,B+,1,2025-06-06,Cancelled,Routine,None
2763,8,3,AB+,1,2025-06-06,Fulfilled,Routine,None
2764,5,1,A+,1,2025-06-06,Fulfilled,Routine,None
2765,3,2,O+,3,2025-06-06,Fulfilled,Urgent,None
2766,8,3,A+,2,2025-06-06,Fulfilled,Urgent,None
2767,8,3,O+,2,2025-06-06,Fulfilled,Emergency,None
2768,2,3,A+,2,2025-06-06,Fulfilled,Routine,None
2769,4,2,A+,3,2025-06-06,Fulfilled,Routine,None
2770,6,2,B+,2,2025-06-06,Fulfilled,Routine,None
2771,1,4,A+,2,2025-06-07,Fulfilled,Urgent,None
2772,8,1,A+,2,2025-06-07,Fulfilled,Routine,None
2773,2,4,A+,1,2025-06-07,Fulfilled,Routine,None
2774,3,4,B+,2,2025-06-07,Fulfilled,Routine,None
2775,1,1,A+,3,2025-06-07,Fulfilled,Routine,None
2776,6,3,O+,2,2025-06-07,Fulfilled,Routine,None
2777,2,4,B+,3,2025-06-07,Fulfilled,Routine,None
2778,6,1,O+,1,2025-06-08,Fulfilled,Routine,None
2779,1,4,AB+,3,2025-06-08,Fulfilled,Urgent,None
2780,2,4,O-,1,2025-06-08,Fulfilled,Routine,None
2781,4,4,B+,10,2025-06-08,Fulfilled,Routine,None
2782,8,3,B-,1,2025-06-08,Fulfilled,Routine,None
2783,7,1,A+,2,2025-06-08,Fulfilled,Urgent,None
2784,4,4,A+,5,2025-06-08,Fulfilled,Routine,None
2785,4,1,A+,7,2025-06-09,Fulfilled,Urgent,None
2786,1,3,B+,2,2025-06-09,Fulfilled,Routine,None
2787,3,2,B+,1,2025-06-09,Fulfilled,Routine,None
2788,2,1,B-,1,2025-06-09,Fulfilled,Routine,None
2789,2,1,A+,3,2025-06-09,Fulfilled,Urgent,None
2790,5,3,B+,2,2025-06-09,Fulfilled,Urgent,None
2791,6,2,B-,2,2025-06-10,Fulfilled,Routine,None
2792,5,3,A+,3,2025-06-10,Fulfilled,Routine,None
2793,6,3,A+,6,2025-06-10,Fulfilled,Emergency,None
2794,2,3,A+,3,2025-06-10,Fulfilled,Urgent,None
2795,5,2,A+,1,2025-06-10,Fulfilled,Routine,None
2796,2,4,O+,1,2025-06-10,Fulfilled,Routine,None
2797,2,2,B+,2,2025-06-10,Fulfilled,Urgent,None
2798,5,4,A+,2,2025-06-11,Fulfilled,Routine,None
2799,2,1,A-,2,2025-06-11,Fulfilled,Routine,None
2800,3,2,A+,1,2025-06-11,Fulfilled,Routine,None
2801,1,4,A-,2,2025-06-11,Fulfilled,Routine,None
2802,1,1,A-,1,2025-06-11,Fulfilled,Routine,None
2803,8,1,B+,1,2025-06-11,Fulfilled,Routine,None
2804,6,2,A+,3,2025-06-12,Fulfilled,Urgent,None
2805,1,4,O+,2,2025-06-12,Fulfilled,Urgent,None
2806,4,3,A+,3,2025-06-12,Fulfilled,Routine,None
2807,1,3,O+,1,2025-06-12,Fulfilled,Routine,None
2808,1,2,A+,2,2025-06-12,Fulfilled,Routine,None
2809,6,4,AB+,1,2025-06-12,Fulfilled,Routine,None
2810,7,4,AB+,1,2025-06-12,Fulfilled,Urgent,None
2811,3,1,B-,1,2025-06-13,Fulfilled,Routine,None
2812,2,2,A+,1,2025-06-13,Fulfilled,Urgent,None
2813,6,1,A+,3,2025-06-13,Fulfilled,Emergency,None
2814,3,2,B+,3,2025-06-13,Fulfilled,Routine,None
2815,5,4,A+,3,2025-06-13,Fulfilled,Routine,None
2816,6,1,AB+,3,2025-06-13,Fulfilled,Routine,None
2817,3,2,A+,2,2025-06-13,Fulfilled,Emergency,None
2818,8,2,O+,3,2025-06-13,Fulfilled,Routine,None
2819,1,3,B+,3,2025-06-13,Fulfilled,Routine,None
2820,2,4,O-,1,2025-06-13,Fulfilled,Routine,None
2821,1,4,A+,1,2025-06-14,Fulfilled,Routine,None
2822,4,2,A+,3,2025-06-14,Fulfilled,Routine,None
2823,2,1,B+,1,2025-06-14,Fulfilled,Routine,None
2824,5,4,AB+,2,2025-06-14,Fulfilled,Routine,None
2825,7,1,A+,3,2025-06-14,Fulfilled,Routine,None
2826,3,4,B+,1,2025-06-14,Fulfilled,Routine,None
2827,5,2,B+,2,2025-06-14,Fulfilled,Routine,None
2828,5,3,A+,2,2025-06-14,Fulfilled,Routine,None
2829,1,4,O+,1,2025-06-14,Fulfilled,Routine,None
2830,5,1,O-,1,2025-06-14,Fulfilled,Routine,None
2831,1,4,B-,1,2025-06-14,Fulfilled,Routine,None
2832,5,3,B+,1,2025-06-14,Fulfilled,Routine,None
2833,2,2,O-,1,2025-06-14,Fulfilled,Routine,None
2834,6,3,A+,1,2025-06-14,Fulfilled,Routine,None
2835,4,2,O-,4,2025-06-14,Fulfilled,Routine,None
2836,6,3,B+,2,2025-06-15,Fulfilled,Routine,None
2837,4,4,A-,6,2025-06-15,Fulfilled,Routine,None
2838,6,2,A+,1,2025-06-15,Fulfilled,Routine,None
2839,4,2,AB+,1,2025-06-15,Fulfilled,Routine,None
2840,1,4,O+,1,2025-06-15,Fulfilled,Routine,None
2841,7,1,O+,1,2025-06-16,Fulfilled,Routine,None
2842,8,2,O+,1,2025-06-16,Cancelled,Routine,None
2843,1,4,A+,2,2025-06-16,Fulfilled,Urgent,None
2844,8,3,B+,2,2025-06-16,Fulfilled,Routine,None
2845,7,3,A+,2,2025-06-16,Fulfilled,Urgent,None
2846,3,1,A+,1,2025-06-17,Fulfilled,Urgent,None
2847,2,2,O+,1,2025-06-17,Fulfilled,Routine,None
2848,4,3,O+,2,2025-06-17,Fulfilled,Routine,None
2849,7,3,AB+,1,2025-06-17,Fulfilled,Routine,None
2850,5,4,AB+,2,2025-06-17,Fulfilled,Routine,None
2851,5,3,O+,2,2025-06-17,Fulfilled,Routine,None
2852,3,4,A-,2,2025-06-17,Fulfilled,Routine,None
2853,1,2,A+,1,2025-06-17,Fulfilled,Routine,None
2854,1,4,O-,2,2025-06-17,Fulfilled,Urgent,None
2855,6,1,B+,3,2025-06-17,Fulfilled,Routine,None
2856,6,4,A-,3,2025-06-18,Fulfilled,Routine,None
2857,8,1,O+,2,2025-06-18,Fulfilled,Routine,None
2858,4,3,A+,5,2025-06-18,Fulfilled,Urgent,None
2859,7,4,A+,2,2025-06-18,Fulfilled,Routine,None
2860,5,4,A-,1,2025-06-18,Fulfilled,Routine,None
2861,3,3,O+,4,2025-06-18,Fulfilled,Urgent,None
2862,5,4,O+,2,2025-06-18,Fulfilled,Routine,None
2863,2,2,A+,4,2025-06-19,Fulfilled,Urgent,None
2864,3,4,A-,3,2025-06-19,Fulfilled,Routine,None
2865,2,4,O+,2,2025-06-19,Fulfilled,Routine,None
2866,8,3,A+,2,2025-06-19,Cancelled,Routine,None
2867,4,4,A-,4,2025-06-19,Fulfilled,Routine,None
2868,6,2,A-,2,2025-06-19,Fulfilled,Urgent,None
2869,5,3,B-,1,2025-06-19,Fulfilled,Routine,None
2870,5,2,B+,1,2025-06-19,Fulfilled,Routine,None
2871,8,3,A+,1,2025-06-20,Fulfilled,Routine,None
2872,3,1,O+,1,2025-06-20,Fulfilled,Routine,None
2873,2,3,A+,4,2025-06-20,Fulfilled,Emergency,None
2874,3,4,AB+,1,2025-06-20,Fulfilled,Routine,None
2875,8,4,A+,2,2025-06-20,Fulfilled,Routine,None
2876,2,1,A-,2,2025-06-20,Fulfilled,Urgent,None
2877,8,4,AB-,1,2025-06-20,Fulfilled,Routine,None
2878,5,4,B+,1,2025-06-20,Fulfilled,Routine,None
2879,4,1,B-,7,2025-06-20,Fulfilled,Urgent,None
2880,8,4,O+,1,2025-06-20,Fulfilled,Urgent,None
2881,1,2,A+,3,2025-06-21,Fulfilled,Routine,None
2882,5,2,B+,2,2025-06-21,Fulfilled,Routine,None
2883,2,4,A+,3,2025-06-21,Fulfilled,Urgent,None
2884,4,3,A-,6,2025-06-21,Fulfilled,Urgent,None
2885,5,2,A+,2,2025-06-21,Fulfilled,Urgent,None
2886,5,1,AB+,1,2025-06-22,Fulfilled,Routine,None
2887,2,2,A+,1,2025-06-22,Fulfilled,Routine,None
2888,8,4,A+,2,2025-06-22,Fulfilled,Routine,None
2889,7,3,A+,3,2025-06-22,Fulfilled,Routine,None
2890,6,2,O+,2,2025-06-22,Fulfilled,Routine,None
2891,5,1,AB+,2,2025-06-22,Fulfilled,Routine,None
2892,5,4,A+,1,2025-06-23,Fulfilled,Routine,None
2893,1,4,O+,1,2025-06-23,Cancelled,Routine,None
2894,8,1,A+,1,2025-06-23,Fulfilled,Routine,None
2895,5,3,B+,3,2025-06-23,Cancelled,Routine,None
2896,6,1,B+,2,2025-06-23,Fulfilled,Routine,None
2897,4,4,AB+,6,2025-06-23,Fulfilled,Routine,None
2898,8,2,A+,3,2025-06-23,Fulfilled,Routine,None
2899,5,4,AB+,2,2025-06-23,Fulfilled,Routine,None
2900,4,2,AB+,7,2025-06-24,Fulfilled,Routine,None
2901,6,1,A+,6,2025-06-24,Fulfilled,Urgent,None
2902,8,3,A+,2,2025-06-24,Fulfilled,Routine,None
2903,8,4,A-,1,2025-06-25,Fulfilled,Routine,None
2904,8,2,O+,1,2025-06-25,Fulfilled,Routine,None
2905,4,4,B+,5,2025-06-25,Fulfilled,Routine,None
2906,4,1,B+,5,2025-06-25,Fulfilled,Routine,None
2907,7,2,A+,1,2025-06-25,Fulfilled,Routine,None
2908,5,2,O-,1,2025-06-25,Fulfilled,Urgent,None
2909,7,4,A+,2,2025-06-25,Cancelled,Routine,None
2910,4,2,B+,7,2025-06-25,Fulfilled,Routine,None
2911,8,4,A+,1,2025-06-25,Fulfilled,Routine,None
2912,6,2,B+,1,2025-06-25,Fulfilled,Routine,None
2913,8,3,B+,1,2025-06-25,Cancelled,Routine,None
2914,2,3,O+,1,2025-06-26,Fulfilled,Routine,None
2915,2,3,A+,1,2025-06-26,Fulfilled,Routine,None
2916,6,1,AB+,2,2025-06-26,Fulfilled,Urgent,None
2917,3,4,A+,1,2025-06-26,Fulfilled,Routine,None
2918,7,4,A+,2,2025-06-26,Fulfilled,Routine,None
2919,3,3,AB+,1,2025-06-27,Fulfilled,Routine,None
2920,5,3,B+,1,2025-06-27,Fulfilled,Routine,None
2921,7,1,O+,3,2025-06-27,Fulfilled,Routine,None
2922,3,2,B+,2,2025-06-27,Fulfilled,Urgent,None
2923,5,1,A+,2,2025-06-27,Fulfilled,Routine,None
2924,3,4,B+,3,2025-06-27,Fulfilled,Routine,None
2925,8,4,A+,1,2025-06-27,Cancelled,Routine,None
2926,8,3,A+,1,2025-06-28,Fulfilled,Routine,None
2927,8,1,O+,2,2025-06-28,Fulfilled,Routine,None
2928,2,1,A+,2,2025-06-28,Fulfilled,Routine,None
2929,4,2,A+,3,2025-06-28,Cancelled,Routine,None
2930,3,2,A+,6,2025-06-28,Fulfilled,Emergency,None
2931,1,1,A+,4,2025-06-28,Fulfilled,Routine,None
2932,8,2,A-,2,2025-06-28,Fulfilled,Urgent,None
2933,5,4,B+,2,2025-06-28,Fulfilled,Routine,None
2934,1,4,B-,1,2025-06-28,Fulfilled,Routine,None
2935,7,2,A-,2,2025-06-28,Fulfilled,Routine,None
2936,7,4,B+,2,2025-06-28,Fulfilled,Urgent,None
2937,1,4,B+,5,2025-06-28,Fulfilled,Routine,None
2938,4,1,O+,3,2025-06-29,Fulfilled,Routine,None
2939,3,1,A+,1,2025-06-29,Fulfilled,Routine,None
2940,4,4,A+,3,2025-06-29,Fulfilled,Routine,None
2941,7,4,B+,2,2025-06-29,Fulfilled,Routine,None
2942,3,1,B+,2,2025-06-29,Fulfilled,Urgent,None
2943,3,3,A+,1,2025-06-29,Fulfilled,Routine,None
2944,8,3,AB+,3,2025-06-29,Fulfilled,Emergency,None
2945,2,2,B-,3,2025-06-29,Fulfilled,Routine,None
2946,5,3,O+,3,2025-06-29,Fulfilled,Routine,None
2947,3,1,B+,3,2025-06-29,Fulfilled,Routine,None
2948,7,3,O-,5,2025-06-30,Fulfilled,Emergency,None
2949,8,1,O+,1,2025-06-30,Fulfilled,Routine,None
2950,8,4,O+,2,2025-06-30,Fulfilled,Routine,None
2951,8,1,B+,4,2025-06-30,Fulfilled,Urgent,None
2952,3,4,O+,1,2025-06-30,Fulfilled,Routine,None
2953,2,4,A+,1,2025-06-30,Fulfilled,Routine,None
2954,5,4,A+,2,2025-06-30,Fulfilled,Routine,None
2955,1,3,A+,1,2025-07-01,Fulfilled,Routine,None
2956,1,2,B-,1,2025-07-01,Fulfilled,Routine,None
2957,1,2,B+,2,2025-07-01,Fulfilled,Urgent,None
2958,1,2,A-,1,2025-07-01,Fulfilled,Routine,None
2959,7,4,A+,3,2025-07-01,Fulfilled,Routine,None
2960,4,2,A+,5,2025-07-01,Fulfilled,Urgent,None
2961,3,1,AB+,2,2025-07-01,Fulfilled,Routine,None
2962,8,1,B+,3,2025-07-02,Fulfilled,Routine,None
2963,3,4,B+,1,2025-07-02,Fulfilled,Routine,None
2964,8,3,O+,4,2025-07-02,Fulfilled,Emergency,None
2965,5,3,B-,1,2025-07-02,Fulfilled,Routine,None
2966,4,4,A+,5,2025-07-02,Fulfilled,Routine,None
2967,6,1,A-,2,2025-07-02,Fulfilled,Routine,None
2968,6,2,A+,2,2025-07-02,Fulfilled,Routine,None
2969,7,3,A-,1,2025-07-03,Fulfilled,Routine,None
2970,7,2,B+,3,2025-07-03,Fulfilled,Routine,None
2971,6,3,B+,1,2025-07-03,Fulfilled,Routine,None
2972,7,3,B-,1,2025-07-03,Fulfilled,Routine,None
2973,2,1,A+,1,2025-07-03,Fulfilled,Routine,None
2974,6,1,AB+,2,2025-07-03,Fulfilled,Routine,None
2975,3,1,A+,2,2025-07-03,Fulfilled,Routine,None
2976,6,4,O+,1,2025-07-04,Fulfilled,Routine,None
2977,1,2,AB+,4,2025-07-04,Fulfilled,Emergency,None
2978,3,3,A-,1,2025-07-04,Fulfilled,Routine,None
2979,7,3,B-,1,2025-07-04,Fulfilled,Routine,None
2980,8,2,B+,3,2025-07-04,Fulfilled,Routine,None
2981,4,2,A+,6,2025-07-04,Fulfilled,Urgent,None
2982,3,1,O+,1,2025-07-04,Fulfilled,Routine,None
2983,6,3,B-,2,2025-07-05,Fulfilled,Routine,None
2984,1,1,B+,1,2025-07-05,Fulfilled,Routine,None
2985,8,2,B+,1,2025-07-05,Fulfilled,Routine,None
2986,1,4,O+,1,2025-07-05,Fulfilled,Routine,None
2987,3,1,AB+,1,2025-07-05,Fulfilled,Routine,None
2988,8,3,B+,1,2025-07-06,Fulfilled,Routine,None
2989,1,2,O+,2,2025-07-06,Fulfilled,Routine,None
2990,3,2,A-,1,2025-07-06,Fulfilled,Routine,None
2991,1,1,A+,3,2025-07-06,Fulfilled,Routine,None
2992,4,3,A+,4,2025-07-06,Fulfilled,Routine,None
2993,7,4,B-,1,2025-07-06,Fulfilled,Routine,None
2994,8,4,A+,2,2025-07-06,Fulfilled,Routine,None
2995,7,1,AB+,1,2025-07-07,Fulfilled,Routine,None
2996,7,2,A-,7,2025-07-07,Fulfilled,Emergency,None
2997,6,3,B+,2,2025-07-07,Fulfilled,Routine,None
2998,5,4,AB+,2,2025-07-07,Fulfilled,Urgent,None
2999,4,1,A+,5,2025-07-08,Fulfilled,Routine,None
3000,3,3,B+,2,2025-07-08,Fulfilled,Urgent,None
3001,8,4,O-,1,2025-07-08,Fulfilled,Routine,None
3002,8,2,O+,2,2025-07-08,Fulfilled,Urgent,None
3003,2,1,B+,2,2025-07-08,Fulfilled,Routine,None
3004,3,4,A-,2,2025-07-08,Fulfilled,Routine,None
3005,4,3,AB+,2,2025-07-09,Fulfilled,Routine,None
3006,5,1,B+,3,2025-07-09,Fulfilled,Routine,None
3007,7,3,B+,3,2025-07-09,Fulfilled,Urgent,None
3008,7,3,A+,3,2025-07-09,Fulfilled,Urgent,None
3009,4,4,O-,2,2025-07-09,Fulfilled,Routine,None
3010,8,1,A+,2,2025-07-09,Fulfilled,Routine,None
3011,6,1,O+,2,2025-07-09,Fulfilled,Routine,None
3012,8,3,O-,2,2025-07-09,Fulfilled,Routine,None
3013,8,2,A+,2,2025-07-09,Fulfilled,Routine,None
3014,8,2,B+,2,2025-07-09,Fulfilled,Routine,None
3015,8,4,O+,3,2025-07-10,Fulfilled,Routine,None
3016,2,2,A+,1,2025-07-10,Fulfilled,Routine,None
3017,4,2,B+,8,2025-07-10,Fulfilled,Urgent,None
3018,4,4,A+,5,2025-07-10,Fulfilled,Routine,None
3019,5,2,O+,3,2025-07-10,Fulfilled,Urgent,None
3020,6,1,A+,1,2025-07-10,Fulfilled,Routine,None
3021,2,1,B+,2,2025-07-10,Fulfilled,Routine,None
3022,5,2,B-,2,2025-07-10,Fulfilled,Routine,None
3023,1,1,B-,2,2025-07-11,Fulfilled,Urgent,None
3024,3,1,B+,1,2025-07-11,Fulfilled,Routine,None
3025,3,3,A+,4,2025-07-11,Fulfilled,Emergency,None
3026,2,3,O+,1,2025-07-11,Fulfilled,Routine,None
3027,8,2,A+,3,2025-07-11,Fulfilled,Urgent,None
3028,6,2,B+,1,2025-07-11,Fulfilled,Routine,None
3029,4,3,AB-,7,2025-07-11,Fulfilled,Emergency,None
3030,2,2,B+,1,2025-07-11,Fulfilled,Routine,None
3031,4,2,O-,6,2025-07-11,Fulfilled,Urgent,None
3032,2,1,A+,1,2025-07-11,Fulfilled,Urgent,None
3033,8,4,A+,1,2025-07-11,Fulfilled,Routine,None
3034,7,4,A-,7,2025-07-12,Fulfilled,Emergency,None
3035,6,2,A+,2,2025-07-12,Fulfilled,Routine,None
3036,3,3,A-,2,2025-07-12,Fulfilled,Emergency,None
3037,5,1,B+,1,2025-07-12,Fulfilled,Routine,None
3038,3,4,A-,3,2025-07-12,Fulfilled,Routine,None
3039,3,1,O+,4,2025-07-12,Fulfilled,Routine,None
3040,3,3,AB-,5,2025-07-12,Fulfilled,Emergency,None
3041,5,4,B+,3,2025-07-12,Fulfilled,Routine,None
3042,5,4,O+,1,2025-07-13,Fulfilled,Routine,None
3043,8,1,A-,3,2025-07-13,Fulfilled,Routine,None
3044,2,2,AB+,3,2025-07-13,Fulfilled,Routine,None
3045,5,1,A+,2,2025-07-13,Fulfilled,Urgent,None
3046,3,2,A+,2,2025-07-13,Fulfilled,Routine,None
3047,8,1,B+,1,2025-07-13,Fulfilled,Routine,None
3048,8,4,A+,2,2025-07-13,Fulfilled,Routine,None
3049,5,2,A+,1,2025-07-14,Fulfilled,Routine,None
3050,4,3,A-,2,2025-07-14,Fulfilled,Routine,None
3051,3,4,AB+,2,2025-07-14,Fulfilled,Routine,None
3052,3,3,B+,3,2025-07-14,Fulfilled,Routine,None
3053,5,4,O+,5,2025-07-15,Fulfilled,Urgent,None
3054,1,3,AB-,1,2025-07-15,Cancelled,Routine,None
3055,6,1,A+,1,2025-07-15,Fulfilled,Routine,None
3056,8,1,AB+,2,2025-07-15,Fulfilled,Urgent,None
3057,8,3,A+,2,2025-07-15,Fulfilled,Routine,None
3058,2,3,A+,2,2025-07-15,Fulfilled,Urgent,None
3059,7,2,A+,2,2025-07-15,Fulfilled,Routine,None
3060,3,4,A+,1,2025-07-15,Fulfilled,Routine,None
3061,6,1,A+,1,2025-07-16,Fulfilled,Routine,None
3062,1,1,A+,4,2025-07-16,Fulfilled,Emergency,None
3063,4,3,A+,3,2025-07-16,Fulfilled,Routine,None
3064,2,3,A+,1,2025-07-16,Fulfilled,Routine,None
3065,7,2,B+,2,2025-07-16,Fulfilled,Routine,None
3066,8,1,B+,2,2025-07-16,Fulfilled,Routine,None
3067,1,3,A-,1,2025-07-16,Fulfilled,Routine,None
3068,7,3,O+,1,2025-07-16,Fulfilled,Urgent,None
3069,2,2,A+,1,2025-07-16,Fulfilled,Routine,None
3070,7,3,A+,1,2025-07-16,Fulfilled,Routine,None
3071,4,1,A+,3,2025-07-16,Fulfilled,Routine,None
3072,6,1,A+,2,2025-07-17,Fulfilled,Urgent,None
3073,7,1,A+,3,2025-07-17,Fulfilled,Routine,None
3074,6,3,B-,2,2025-07-17,Fulfilled,Routine,None
3075,5,2,O+,2,2025-07-17,Fulfilled,Emergency,None
3076,8,3,A+,2,2025-07-17,Cancelled,Routine,None
3077,5,1,B+,2,2025-07-17,Fulfilled,Routine,None
3078,4,1,B+,6,2025-07-17,Fulfilled,Urgent,None
3079,4,1,B-,10,2025-07-17,Fulfilled,Urgent,None
3080,6,1,B+,3,2025-07-17,Fulfilled,Urgent,None
3081,1,2,O+,1,2025-07-17,Fulfilled,Routine,None
3082,7,2,AB-,3,2025-07-18,Fulfilled,Routine,None
3083,8,1,A+,3,2025-07-18,Fulfilled,Routine,None
3084,5,3,A-,1,2025-07-18,Fulfilled,Routine,None
3085,6,2,O+,4,2025-07-18,Fulfilled,Emergency,None
3086,2,1,O+,1,2025-07-18,Fulfilled,Routine,None
3087,7,2,O+,1,2025-07-18,Fulfilled,Routine,None
3088,8,2,B+,1,2025-07-18,Fulfilled,Routine,None
3089,1,3,AB+,1,2025-07-18,Fulfilled,Routine,None
3090,8,1,A+,1,2025-07-18,Fulfilled,Routine,None
3091,1,1,B+,2,2025-07-18,Fulfilled,Urgent,None
3092,7,1,A+,1,2025-07-19,Fulfilled,Routine,None
3093,6,2,B+,2,2025-07-19,Fulfilled,Urgent,None
3094,2,2,B+,1,2025-07-19,Fulfilled,Routine,None
3095,7,4,O+,2,2025-07-19,Fulfilled,Routine,None
3096,6,1,A+,2,2025-07-19,Fulfilled,Routine,None
3097,2,1,A+,2,2025-07-19,Fulfilled,Routine,None
3098,6,1,A+,1,2025-07-19,Fulfilled,Routine,None
3099,6,3,B+,4,2025-07-19,Fulfilled,Emergency,None
3100,4,1,AB+,2,2025-07-19,Fulfilled,Urgent,None
3101,4,1,O+,4,2025-07-19,Fulfilled,Routine,None
3102,4,3,O-,2,2025-07-19,Fulfilled,Routine,None
3103,3,1,A-,1,2025-07-19,Fulfilled,Routine,None
3104,8,1,A+,1,2025-07-19,Fulfilled,Routine,None
3105,7,4,A+,1,2025-07-19,Fulfilled,Routine,None
3106,5,2,B+,1,2025-07-19,Fulfilled,Urgent,None
3107,7,1,A+,1,2025-07-19,Fulfilled,Routine,None
3108,5,1,A+,1,2025-07-20,Fulfilled,Routine,None
3109,8,1,B+,1,2025-07-20,Fulfilled,Routine,None
3110,7,3,O+,3,2025-07-20,Fulfilled,Routine,None
3111,3,1,A+,1,2025-07-20,Fulfilled,Routine,None
3112,7,1,B+,2,2025-07-20,Fulfilled,Routine,None
3113,1,3,O+,2,2025-07-20,Fulfilled,Routine,None
3114,6,3,O+,2,2025-07-21,Fulfilled,Urgent,None
3115,2,4,AB+,3,2025-07-21,Fulfilled,Urgent,None
3116,7,3,B-,3,2025-07-21,Fulfilled,Routine,None
3117,7,2,A+,8,2025-07-21,Fulfilled,Emergency,None
3118,7,1,B-,2,2025-07-21,Fulfilled,Urgent,None
3119,3,2,AB+,1,2025-07-21,Fulfilled,Routine,None
3120,1,4,O+,1,2025-07-21,Fulfilled,Urgent,None
3121,4,4,AB+,3,2025-07-21,Fulfilled,Routine,None
3122,2,2,B+,3,2025-07-22,Fulfilled,Routine,None
3123,2,3,O+,1,2025-07-22,Fulfilled,Routine,None
3124,1,4,B+,3,2025-07-22,Fulfilled,Urgent,None
3125,5,2,A+,2,2025-07-23,Fulfilled,Routine,None
3126,1,3,A+,1,2025-07-23,Fulfilled,Routine,None
3127,1,2,O+,1,2025-07-23,Fulfilled,Routine,None
3128,7,1,B+,3,2025-07-23,Fulfilled,Routine,None
3129,8,3,A+,1,2025-07-23,Fulfilled,Urgent,None
3130,4,1,B+,3,2025-07-23,Fulfilled,Routine,None
3131,1,1,B+,4,2025-07-24,Fulfilled,Routine,None
3132,1,4,A+,1,2025-07-24,Fulfilled,Routine,None
3133,3,2,B+,1,2025-07-24,Cancelled,Routine,None
3134,8,3,A-,1,2025-07-24,Fulfilled,Routine,None
3135,7,1,O+,2,2025-07-24,Fulfilled,Routine,None
3136,2,3,B+,1,2025-07-24,Fulfilled,Routine,None
3137,3,2,AB+,1,2025-07-24,Fulfilled,Routine,None
3138,7,4,A+,1,2025-07-25,Fulfilled,Routine,None
3139,3,4,A+,3,2025-07-25,Fulfilled,Routine,None
3140,5,1,AB+,5,2025-07-25,Fulfilled,Routine,None
3141,7,4,A+,1,2025-07-25,Cancelled,Routine,None
3142,8,1,A+,3,2025-07-25,Fulfilled,Urgent,None
3143,1,1,A+,1,2025-07-25,Fulfilled,Routine,None
3144,3,3,B+,4,2025-07-25,Cancelled,Routine,None
3145,7,1,B-,2,2025-07-25,Fulfilled,Routine,None
3146,6,4,A+,1,2025-07-25,Fulfilled,Routine,None
3147,6,4,A+,3,2025-07-26,Fulfilled,Routine,None
3148,3,2,A+,1,2025-07-26,Fulfilled,Routine,None
3149,4,1,A+,5,2025-07-26,Fulfilled,Urgent,None
3150,3,2,A+,1,2025-07-26,Fulfilled,Routine,None
3151,6,1,A+,1,2025-07-26,Fulfilled,Routine,None
3152,1,3,B+,7,2025-07-26,Fulfilled,Emergency,None
3153,7,2,B+,1,2025-07-26,Fulfilled,Routine,None
3154,3,4,A+,2,2025-07-26,Fulfilled,Routine,None
3155,8,2,B+,2,2025-07-26,Fulfilled,Routine,None
3156,3,3,A+,3,2025-07-27,Fulfilled,Urgent,None
3157,4,2,A+,6,2025-07-27,Fulfilled,Routine,None
3158,1,4,B+,3,2025-07-27,Fulfilled,Routine,None
3159,7,2,B+,1,2025-07-27,Fulfilled,Routine,None
3160,1,3,A+,2,2025-07-27,Fulfilled,Routine,None
3161,7,3,AB+,1,2025-07-27,Fulfilled,Routine,None
3162,6,2,B+,2,2025-07-28,Fulfilled,Routine,None
3163,6,1,A-,2,2025-07-28,Fulfilled,Routine,None
3164,8,2,B+,1,2025-07-28,Fulfilled,Routine,None
3165,1,2,A+,2,2025-07-28,Fulfilled,Routine,None
3166,2,4,A+,2,2025-07-28,Fulfilled,Urgent,None
3167,3,4,AB+,1,2025-07-28,Fulfilled,Routine,None
3168,5,1,A+,1,2025-07-28,Fulfilled,Routine,None
3169,6,3,A-,2,2025-07-28,Fulfilled,Routine,None
3170,7,3,A+,1,2025-07-28,Fulfilled,Routine,None
3171,2,4,A+,1,2025-07-29,Fulfilled,Routine,None
3172,3,4,O+,2,2025-07-29,Fulfilled,Routine,None
3173,6,3,B-,6,2025-07-29,Fulfilled,Emergency,None
3174,1,2,A+,1,2025-07-29,Fulfilled,Urgent,None
3175,6,2,A+,4,2025-07-29,Fulfilled,Urgent,None
3176,5,1,O+,1,2025-07-29,Fulfilled,Routine,None
3177,2,4,O+,5,2025-07-29,Fulfilled,Routine,None
3178,8,2,B+,7,2025-07-30,Fulfilled,Emergency,None
3179,5,3,B+,3,2025-07-30,Fulfilled,Urgent,None
3180,3,2,B+,1,2025-07-30,Fulfilled,Routine,None
3181,2,2,A+,2,2025-07-30,Fulfilled,Routine,None
3182,7,3,B+,1,2025-07-30,Fulfilled,Routine,None
3183,5,4,A+,1,2025-07-31,Fulfilled,Routine,None
3184,3,4,O+,1,2025-07-31,Cancelled,Routine,None
3185,6,4,B+,2,2025-07-31,Fulfilled,Routine,None
3186,8,3,A+,3,2025-07-31,Fulfilled,Routine,None
3187,5,4,AB+,1,2025-07-31,Fulfilled,Routine,None
3188,2,3,O+,3,2025-07-31,Fulfilled,Routine,None
3189,1,1,O+,2,2025-07-31,Fulfilled,Routine,None
3190,5,3,B+,1,2025-07-31,Fulfilled,Routine,None
3191,3,3,A-,1,2025-07-31,Fulfilled,Routine,None
3192,6,1,B+,1,2025-07-31,Fulfilled,Routine,None
3193,7,1,A+,1,2025-08-01,Fulfilled,Routine,None
3194,4,1,A+,2,2025-08-01,Fulfilled,Routine,None
3195,6,1,A+,1,2025-08-01,Fulfilled,Routine,None
3196,6,3,B+,1,2025-08-01,Fulfilled,Routine,None
3197,2,4,O-,4,2025-08-01,Fulfilled,Emergency,None
3198,6,2,A+,3,2025-08-01,Fulfilled,Emergency,None
3199,1,4,A+,1,2025-08-01,Fulfilled,Urgent,None
3200,7,3,A-,1,2025-08-02,Fulfilled,Routine,None
3201,5,4,A+,2,2025-08-02,Fulfilled,Urgent,None
3202,1,4,O+,1,2025-08-02,Fulfilled,Routine,None
3203,8,2,O+,1,2025-08-02,Fulfilled,Routine,None
3204,8,4,O+,2,2025-08-02,Fulfilled,Routine,None
3205,6,2,B-,4,2025-08-02,Fulfilled,Urgent,None
3206,5,1,A+,1,2025-08-02,Fulfilled,Routine,None
3207,4,1,A+,4,2025-08-02,Fulfilled,Routine,None
3208,8,2,B+,2,2025-08-02,Fulfilled,Routine,None
3209,6,3,B+,1,2025-08-02,Fulfilled,Routine,None
3210,8,1,A+,2,2025-08-03,Fulfilled,Routine,None
3211,5,1,A-,5,2025-08-03,Fulfilled,Routine,None
3212,4,2,A+,2,2025-08-03,Fulfilled,Routine,None
3213,1,1,B+,3,2025-08-03,Fulfilled,Routine,None
3214,6,2,A-,3,2025-08-04,Fulfilled,Routine,None
3215,8,4,A+,2,2025-08-04,Fulfilled,Routine,None
3216,5,3,B-,1,2025-08-04,Fulfilled,Routine,None
3217,5,3,A+,1,2025-08-04,Fulfilled,Routine,None
3218,4,2,B+,2,2025-08-04,Fulfilled,Routine,None
3219,3,3,A-,1,2025-08-04,Fulfilled,Routine,None
3220,3,1,A+,1,2025-08-05,Cancelled,Routine,None
3221,5,2,B+,4,2025-08-05,Fulfilled,Urgent,None
3222,3,1,A+,1,2025-08-05,Fulfilled,Routine,None
3223,3,4,B-,2,2025-08-05,Fulfilled,Routine,None
3224,2,1,AB+,4,2025-08-05,Fulfilled,Emergency,None
3225,7,4,A+,2,2025-08-05,Cancelled,Routine,None
3226,7,3,A+,4,2025-08-06,Fulfilled,Urgent,None
3227,3,2,B+,1,2025-08-06,Fulfilled,Routine,None
3228,8,1,B+,3,2025-08-06,Fulfilled,Routine,None
3229,1,3,O+,3,2025-08-06,Fulfilled,Routine,None
3230,1,3,B+,1,2025-08-06,Fulfilled,Routine,None
3231,4,4,O+,1,2025-08-06,Fulfilled,Routine,None
3232,2,4,A+,1,2025-08-06,Fulfilled,Routine,None
3233,7,4,O+,2,2025-08-07,Fulfilled,Routine,None
3234,6,4,B+,3,2025-08-07,Fulfilled,Routine,None
3235,4,2,AB-,5,2025-08-07,Fulfilled,Routine,None
3236,6,3,O-,2,2025-08-07,Fulfilled,Routine,None
3237,8,4,AB+,4,2025-08-07,Fulfilled,Routine,None
3238,3,3,O+,3,2025-08-08,Fulfilled,Routine,None
3239,3,2,O+,1,2025-08-08,Cancelled,Routine,None
3240,4,1,AB+,4,2025-08-08,Fulfilled,Routine,None
3241,5,4,A+,2,2025-08-09,Fulfilled,Routine,None
3242,5,3,A+,6,2025-08-09,Cancelled,Emergency,None
3243,1,1,A+,1,2025-08-09,Fulfilled,Routine,None
3244,1,1,A+,4,2025-08-09,Fulfilled,Routine,None
3245,3,2,B+,2,2025-08-10,Fulfilled,Routine,None
3246,3,1,A-,2,2025-08-11,Fulfilled,Routine,None
3247,2,4,O+,1,2025-08-11,Fulfilled,Routine,None
3248,2,4,B+,1,2025-08-11,Fulfilled,Routine,None
3249,2,4,O+,3,2025-08-11,Fulfilled,Urgent,None
3250,3,3,O+,3,2025-08-11,Fulfilled,Routine,None
3251,8,2,A+,1,2025-08-12,Fulfilled,Routine,None
3252,3,1,A+,1,2025-08-12,Fulfilled,Routine,None
3253,2,4,B+,4,2025-08-12,Fulfilled,Emergency,None
3254,6,3,A-,4,2025-08-12,Fulfilled,Routine,None
3255,8,2,A+,2,2025-08-12,Fulfilled,Routine,None
3256,3,3,B+,1,2025-08-12,Fulfilled,Routine,None
3257,3,3,A-,1,2025-08-12,Fulfilled,Routine,None
3258,1,3,B-,3,2025-08-12,Fulfilled,Routine,None
3259,6,3,A-,6,2025-08-12,Fulfilled,Urgent,None
3260,1,4,B+,3,2025-08-12,Fulfilled,Routine,None
3261,2,4,B+,4,2025-08-12,Fulfilled,Urgent,None
3262,3,3,B+,1,2025-08-12,Fulfilled,Routine,None
3263,8,1,A+,2,2025-08-12,Fulfilled,Routine,None
3264,5,4,A-,4,2025-08-13,Fulfilled,Emergency,None
3265,4,4,B+,7,2025-08-13,Fulfilled,Routine,None
3266,4,3,O+,8,2025-08-13,Cancelled,Routine,None
3267,7,3,A+,3,2025-08-13,Fulfilled,Urgent,None
3268,4,1,A+,5,2025-08-13,Fulfilled,Routine,None
3269,4,2,B+,11,2025-08-13,Fulfilled,Emergency,None
3270,5,4,O-,8,2025-08-14,Fulfilled,Urgent,None
3271,6,1,B+,2,2025-08-14,Fulfilled,Routine,None
3272,7,1,O+,1,2025-08-14,Fulfilled,Routine,None
3273,6,2,A+,1,2025-08-15,Fulfilled,Routine,None
3274,4,4,B+,13,2025-08-15,Fulfilled,Emergency,None
3275,8,1,O+,7,2025-08-15,Fulfilled,Emergency,None
3276,4,2,B+,2,2025-08-15,Fulfilled,Routine,None
3277,8,3,B-,1,2025-08-15,Fulfilled,Urgent,None
3278,4,4,A+,4,2025-08-16,Fulfilled,Routine,None
3279,7,2,B-,1,2025-08-16,Fulfilled,Routine,None
3280,3,2,O+,1,2025-08-16,Fulfilled,Routine,None
3281,2,2,O+,2,2025-08-16,Fulfilled,Routine,None
3282,2,2,B+,3,2025-08-16,Fulfilled,Routine,None
3283,3,2,O-,3,2025-08-16,Fulfilled,Urgent,None
3284,4,4,A-,2,2025-08-16,Fulfilled,Routine,None
3285,8,2,A+,1,2025-08-16,Fulfilled,Routine,None
3286,6,2,AB+,2,2025-08-16,Fulfilled,Routine,None
3287,3,1,A+,4,2025-08-16,Fulfilled,Emergency,None
3288,3,4,A+,2,2025-08-16,Fulfilled,Routine,None
3289,3,1,O+,3,2025-08-16,Fulfilled,Urgent,None
3290,1,1,AB-,1,2025-08-16,Fulfilled,Routine,None
3291,4,2,B+,3,2025-08-16,Fulfilled,Routine,None
3292,6,4,O+,1,2025-08-16,Fulfilled,Routine,None
3293,7,4,A+,3,2025-08-17,Fulfilled,Emergency,None
3294,7,4,O+,2,2025-08-17,Fulfilled,Routine,None
3295,4,1,B+,1,2025-08-17,Fulfilled,Routine,None
3296,1,4,O+,2,2025-08-17,Fulfilled,Routine,None
3297,8,4,B+,1,2025-08-18,Fulfilled,Routine,None
3298,1,4,O+,1,2025-08-18,Fulfilled,Routine,None
3299,4,2,B+,7,2025-08-18,Fulfilled,Urgent,None
3300,4,2,O+,4,2025-08-18,Fulfilled,Routine,None
3301,5,2,O+,1,2025-08-18,Fulfilled,Routine,None
3302,5,4,B+,3,2025-08-18,Fulfilled,Routine,None
3303,7,1,A+,1,2025-08-18,Fulfilled,Routine,None
3304,5,2,A+,3,2025-08-18,Fulfilled,Urgent,None
3305,8,4,A-,2,2025-08-18,Fulfilled,Routine,None
3306,5,1,B-,2,2025-08-19,Fulfilled,Routine,None
3307,1,1,O-,3,2025-08-19,Fulfilled,Routine,None
3308,8,4,B+,1,2025-08-19,Fulfilled,Routine,None
3309,3,1,A+,2,2025-08-19,Fulfilled,Urgent,None
3310,1,4,B-,4,2025-08-19,Fulfilled,Routine,None
3311,6,2,B+,2,2025-08-19,Fulfilled,Urgent,None
3312,7,4,B+,5,2025-08-19,Fulfilled,Routine,None
3313,2,3,A+,1,2025-08-20,Fulfilled,Routine,None
3314,1,2,O+,2,2025-08-20,Fulfilled,Routine,None
3315,4,1,AB+,6,2025-08-20,Fulfilled,Urgent,None
3316,5,4,B+,1,2025-08-20,Fulfilled,Routine,None
3317,3,2,A+,2,2025-08-20,Fulfilled,Routine,None
3318,8,1,B+,1,2025-08-20,Fulfilled,Routine,None
3319,1,4,B+,1,2025-08-20,Fulfilled,Routine,None
3320,2,2,B-,1,2025-08-20,Fulfilled,Routine,None
3321,3,2,B+,2,2025-08-21,Fulfilled,Urgent,None
3322,1,1,B+,1,2025-08-21,Fulfilled,Routine,None
3323,8,4,B+,1,2025-08-21,Fulfilled,Routine,None
3324,3,4,B+,1,2025-08-21,Fulfilled,Routine,None
3325,4,3,B+,3,2025-08-21,Fulfilled,Routine,None
3326,6,2,A+,1,2025-08-21,Fulfilled,Routine,None
3327,2,4,B+,5,2025-08-21,Fulfilled,Emergency,None
3328,6,3,B+,2,2025-08-21,Fulfilled,Routine,None
3329,5,4,A+,2,2025-08-21,Fulfilled,Urgent,None
3330,6,2,B-,1,2025-08-21,Fulfilled,Urgent,None
3331,3,4,A+,1,2025-08-21,Fulfilled,Routine,None
3332,6,3,A-,2,2025-08-22,Fulfilled,Routine,None
3333,3,1,A+,2,2025-08-22,Fulfilled,Routine,None
3334,7,3,B+,1,2025-08-22,Fulfilled,Routine,None
3335,7,1,A+,1,2025-08-22,Fulfilled,Routine,None
3336,3,1,B+,1,2025-08-22,Fulfilled,Routine,None
3337,7,1,A+,2,2025-08-22,Fulfilled,Routine,None
3338,3,2,B+,1,2025-08-22,Fulfilled,Urgent,None
3339,8,3,B+,2,2025-08-23,Fulfilled,Routine,None
3340,8,4,B+,5,2025-08-23,Fulfilled,Urgent,None
3341,7,1,A+,2,2025-08-23,Fulfilled,Routine,None
3342,4,4,B+,10,2025-08-23,Fulfilled,Urgent,None
3343,3,4,A-,1,2025-08-23,Fulfilled,Routine,None
3344,3,3,A+,1,2025-08-23,Fulfilled,Routine,None
3345,5,4,B-,1,2025-08-23,Fulfilled,Routine,None
3346,4,2,A+,6,2025-08-24,Fulfilled,Urgent,None
3347,6,1,A+,1,2025-08-24,Fulfilled,Urgent,None
3348,5,2,B-,3,2025-08-24,Fulfilled,Emergency,None
3349,6,4,AB+,1,2025-08-24,Fulfilled,Urgent,None
3350,1,4,A-,2,2025-08-24,Fulfilled,Routine,None
3351,4,1,AB+,2,2025-08-24,Fulfilled,Routine,None
3352,6,1,A+,12,2025-08-24,Fulfilled,Emergency,None
3353,3,4,A+,2,2025-08-25,Fulfilled,Routine,None
3354,1,1,A+,1,2025-08-25,Fulfilled,Routine,None
3355,2,2,B+,1,2025-08-25,Fulfilled,Routine,None
3356,2,3,B+,2,2025-08-25,Fulfilled,Routine,None
3357,8,3,A+,6,2025-08-25,Fulfilled,Routine,None
3358,5,1,B+,1,2025-08-25,Fulfilled,Routine,None
3359,6,1,O+,3,2025-08-25,Fulfilled,Urgent,None
3360,4,1,A+,3,2025-08-25,Cancelled,Routine,None
3361,1,4,B-,1,2025-08-26,Fulfilled,Routine,None
3362,5,1,A-,2,2025-08-26,Fulfilled,Routine,None
3363,4,1,AB+,6,2025-08-26,Fulfilled,Routine,None
3364,7,4,B+,2,2025-08-26,Fulfilled,Routine,None
3365,1,2,AB+,1,2025-08-26,Fulfilled,Routine,None
3366,8,1,O-,1,2025-08-27,Fulfilled,Routine,None
3367,4,3,B+,2,2025-08-27,Fulfilled,Routine,None
3368,1,4,AB+,7,2025-08-27,Fulfilled,Emergency,None
3369,7,3,A+,3,2025-08-27,Fulfilled,Routine,None
3370,1,1,A-,3,2025-08-27,Fulfilled,Urgent,None
3371,4,1,A-,5,2025-08-27,Fulfilled,Routine,None
3372,2,2,B-,1,2025-08-27,Fulfilled,Routine,None
3373,7,2,O+,2,2025-08-28,Fulfilled,Routine,None
3374,8,2,A+,1,2025-08-28,Fulfilled,Routine,None
3375,7,4,A-,5,2025-08-28,Fulfilled,Emergency,None
3376,7,3,O+,2,2025-08-28,Fulfilled,Routine,None
3377,4,4,B+,5,2025-08-29,Fulfilled,Urgent,None
3378,3,1,B+,1,2025-08-29,Fulfilled,Routine,None
3379,7,2,O+,2,2025-08-29,Fulfilled,Urgent,None
3380,6,3,A+,2,2025-08-29,Fulfilled,Routine,None
3381,4,3,O+,2,2025-08-29,Cancelled,Routine,None
3382,3,2,A-,1,2025-08-29,Fulfilled,Routine,None
3383,7,2,A+,1,2025-08-29,Fulfilled,Routine,None
3384,2,2,A+,3,2025-08-29,Fulfilled,Routine,None
3385,7,4,AB+,1,2025-08-29,Fulfilled,Routine,None
3386,5,2,B+,2,2025-08-29,Fulfilled,Routine,None
3387,3,2,O+,2,2025-08-30,Fulfilled,Emergency,None
3388,6,4,B+,6,2025-08-30,Fulfilled,Emergency,None
3389,4,1,B+,3,2025-08-30,Cancelled,Routine,None
3390,1,3,A+,2,2025-08-30,Fulfilled,Routine,None
3391,1,2,A+,1,2025-08-30,Fulfilled,Routine,None
3392,1,1,B+,1,2025-08-30,Fulfilled,Routine,None
3393,4,1,A+,2,2025-08-30,Fulfilled,Routine,None
3394,7,3,A+,3,2025-08-30,Fulfilled,Routine,None
3395,7,1,B+,1,2025-08-31,Fulfilled,Routine,None
3396,4,1,O+,7,2025-09-01,Fulfilled,Routine,None
3397,3,4,A+,3,2025-09-01,Fulfilled,Routine,None
3398,6,4,A+,3,2025-09-01,Fulfilled,Routine,None
3399,8,3,B+,2,2025-09-01,Fulfilled,Routine,None
3400,4,4,A+,5,2025-09-01,Fulfilled,Routine,None
3401,6,1,O+,2,2025-09-01,Fulfilled,Routine,None
3402,7,2,A+,2,2025-09-01,Cancelled,Routine,None
3403,8,1,B+,2,2025-09-02,Fulfilled,Routine,None
3404,6,1,O+,1,2025-09-02,Fulfilled,Routine,None
3405,2,4,A-,2,2025-09-02,Fulfilled,Routine,None
3406,1,3,AB-,3,2025-09-02,Fulfilled,Urgent,None
3407,2,3,A+,4,2025-09-02,Fulfilled,Urgent,None
3408,8,3,O-,1,2025-09-02,Fulfilled,Urgent,None
3409,1,4,B+,1,2025-09-02,Fulfilled,Routine,None
3410,4,1,A+,4,2025-09-03,Fulfilled,Routine,None
3411,7,4,A+,3,2025-09-03,Fulfilled,Routine,None
3412,2,4,O-,1,2025-09-03,Fulfilled,Routine,None
3413,2,1,A+,3,2025-09-03,Fulfilled,Routine,None
3414,1,3,A+,7,2025-09-03,Fulfilled,Urgent,None
3415,1,2,B+,1,2025-09-03,Fulfilled,Routine,None
3416,4,1,B+,4,2025-09-04,Fulfilled,Routine,None
3417,4,1,A+,5,2025-09-04,Fulfilled,Routine,None
3418,3,4,AB-,4,2025-09-04,Fulfilled,Urgent,None
3419,5,4,B-,2,2025-09-04,Fulfilled,Routine,None
3420,1,3,A+,1,2025-09-04,Fulfilled,Routine,None
3421,7,1,B+,1,2025-09-04,Fulfilled,Routine,None
3422,8,1,A+,2,2025-09-05,Fulfilled,Routine,None
3423,8,1,B+,2,2025-09-05,Fulfilled,Routine,None
3424,1,2,A+,2,2025-09-05,Fulfilled,Routine,None
3425,6,1,O+,2,2025-09-05,Fulfilled,Urgent,None
3426,1,2,A-,1,2025-09-05,Fulfilled,Routine,None
3427,5,2,AB+,1,2025-09-05,Cancelled,Routine,None
3428,2,4,AB+,1,2025-09-05,Fulfilled,Routine,None
3429,5,2,B-,6,2025-09-05,Fulfilled,Emergency,None
3430,6,3,B-,2,2025-09-06,Fulfilled,Routine,None
3431,8,1,A+,2,2025-09-06,Fulfilled,Urgent,None
3432,6,1,AB-,3,2025-09-06,Fulfilled,Routine,None
3433,6,2,B+,1,2025-09-06,Fulfilled,Routine,None
3434,4,4,A+,2,2025-09-06,Fulfilled,Routine,None
3435,1,4,A+,1,2025-09-06,Fulfilled,Routine,None
3436,1,3,A+,2,2025-09-06,Fulfilled,Routine,None
3437,7,4,AB+,2,2025-09-06,Fulfilled,Routine,None
3438,3,1,A+,3,2025-09-06,Fulfilled,Routine,None
3439,6,3,A-,1,2025-09-07,Fulfilled,Routine,None
3440,8,1,AB+,1,2025-09-07,Fulfilled,Routine,None
3441,5,4,B+,2,2025-09-07,Fulfilled,Routine,None
3442,6,1,A+,2,2025-09-08,Fulfilled,Urgent,None
3443,6,2,O+,2,2025-09-08,Fulfilled,Routine,None
3444,2,4,O+,3,2025-09-08,Fulfilled,Routine,None
3445,5,4,A+,1,2025-09-08,Cancelled,Routine,None
3446,2,2,B-,3,2025-09-09,Fulfilled,Routine,None
3447,4,3,O-,4,2025-09-09,Fulfilled,Routine,None
3448,6,1,O+,2,2025-09-09,Fulfilled,Routine,None
3449,7,3,A+,1,2025-09-09,Fulfilled,Routine,None
3450,1,1,A+,3,2025-09-09,Fulfilled,Urgent,None
3451,7,2,A+,2,2025-09-09,Fulfilled,Routine,None
3452,6,2,A+,3,2025-09-09,Fulfilled,Routine,None
3453,6,1,B+,2,2025-09-10,Fulfilled,Routine,None
3454,2,1,O+,3,2025-09-10,Fulfilled,Urgent,None
3455,4,2,A+,12,2025-09-10,Fulfilled,Urgent,None
3456,3,3,B+,2,2025-09-10,Fulfilled,Routine,None
3457,4,3,O+,3,2025-09-10,Cancelled,Routine,None
3458,6,2,AB+,1,2025-09-10,Fulfilled,Routine,None
3459,7,2,B+,1,2025-09-11,Fulfilled,Routine,None
3460,8,3,A-,1,2025-09-11,Fulfilled,Urgent,None
3461,4,3,B+,7,2025-09-11,Fulfilled,Routine,None
3462,3,3,B+,1,2025-09-11,Fulfilled,Routine,None
3463,7,3,A+,2,2025-09-11,Fulfilled,Routine,None
3464,6,4,AB-,1,2025-09-11,Fulfilled,Urgent,None
3465,1,2,O+,1,2025-09-12,Fulfilled,Routine,None
3466,5,1,B+,5,2025-09-12,Fulfilled,Urgent,None
3467,5,1,A+,1,2025-09-12,Fulfilled,Routine,None
3468,2,4,B+,1,2025-09-12,Fulfilled,Routine,None
3469,8,2,B+,2,2025-09-13,Fulfilled,Routine,None
3470,2,3,A+,4,2025-09-13,Fulfilled,Urgent,None
3471,2,3,A+,1,2025-09-13,Fulfilled,Routine,None
3472,7,4,A+,1,2025-09-13,Fulfilled,Routine,None
3473,3,4,A+,2,2025-09-13,Fulfilled,Routine,None
3474,7,2,A+,3,2025-09-13,Fulfilled,Emergency,None
3475,3,1,A+,4,2025-09-13,Fulfilled,Routine,None
3476,1,1,A+,2,2025-09-13,Fulfilled,Routine,None
3477,8,4,A+,2,2025-09-13,Fulfilled,Urgent,None
3478,3,1,A-,1,2025-09-13,Fulfilled,Routine,None
3479,3,3,O-,2,2025-09-14,Fulfilled,Routine,None
3480,5,1,A-,1,2025-09-14,Fulfilled,Routine,None
3481,3,2,O+,1,2025-09-14,Fulfilled,Routine,None
3482,3,2,O+,2,2025-09-14,Fulfilled,Routine,None
3483,4,2,O+,2,2025-09-14,Fulfilled,Routine,None
3484,7,3,B+,2,2025-09-14,Fulfilled,Routine,None
3485,5,2,A-,1,2025-09-15,Fulfilled,Routine,None
3486,3,2,B+,1,2025-09-15,Fulfilled,Routine,None
3487,8,3,B+,2,2025-09-15,Fulfilled,Routine,None
3488,1,2,A+,2,2025-09-15,Fulfilled,Routine,None
3489,7,3,A+,1,2025-09-15,Fulfilled,Routine,None
3490,6,2,A+,2,2025-09-15,Fulfilled,Routine,None
3491,3,2,A+,1,2025-09-15,Fulfilled,Routine,None
3492,6,1,A+,3,2025-09-15,Fulfilled,Routine,None
3493,4,1,AB-,4,2025-09-15,Fulfilled,Routine,None
3494,2,2,B+,1,2025-09-16,Fulfilled,Urgent,None
3495,7,3,B+,1,2025-09-16,Fulfilled,Routine,None
3496,7,2,A+,2,2025-09-16,Fulfilled,Urgent,None
3497,3,1,A+,4,2025-09-16,Fulfilled,Emergency,None
3498,2,3,A+,1,2025-09-16,Fulfilled,Routine,None
3499,3,4,A+,2,2025-09-16,Fulfilled,Routine,None
3500,4,1,A+,6,2025-09-16,Fulfilled,Urgent,None
3501,2,1,A+,2,2025-09-16,Fulfilled,Urgent,None
3502,6,3,A+,1,2025-09-16,Fulfilled,Routine,None
3503,1,1,A+,1,2025-09-17,Fulfilled,Routine,None
3504,2,1,B-,3,2025-09-17,Fulfilled,Emergency,None
3505,1,1,A+,2,2025-09-17,Fulfilled,Routine,None
3506,6,2,A+,1,2025-09-17,Fulfilled,Routine,None
3507,8,2,B+,1,2025-09-17,Fulfilled,Routine,None
3508,1,4,B+,5,2025-09-17,Fulfilled,Emergency,None
3509,3,1,A+,1,2025-09-17,Fulfilled,Routine,None
3510,3,4,O-,2,2025-09-18,Fulfilled,Routine,None
3511,1,2,B+,5,2025-09-18,Fulfilled,Urgent,None
3512,5,1,A-,1,2025-09-18,Fulfilled,Routine,None
3513,8,3,A+,2,2025-09-18,Fulfilled,Routine,None
3514,3,1,A+,1,2025-09-18,Fulfilled,Routine,None
3515,1,2,A+,2,2025-09-18,Fulfilled,Routine,None
3516,3,1,B-,4,2025-09-19,Fulfilled,Emergency,None
3517,5,2,B+,1,2025-09-19,Fulfilled,Routine,None
3518,4,1,B+,2,2025-09-19,Fulfilled,Routine,None
3519,2,4,B+,4,2025-09-19,Fulfilled,Emergency,None
3520,7,2,AB+,2,2025-09-19,Fulfilled,Routine,None
3521,8,3,A+,5,2025-09-19,Fulfilled,Emergency,None
3522,5,4,B-,6,2025-09-19,Fulfilled,Emergency,None
3523,3,1,A+,4,2025-09-19,Fulfilled,Routine,None
3524,2,1,O-,2,2025-09-19,Fulfilled,Routine,None
3525,1,1,AB-,1,2025-09-19,Fulfilled,Routine,None
3526,5,1,A+,2,2025-09-20,Fulfilled,Emergency,Mass Casualty
3527,4,1,O+,5,2025-09-20,Fulfilled,Emergency,Mass Casualty
3528,4,1,AB+,16,2025-09-20,Fulfilled,Urgent,Mass Casualty
3529,5,2,B-,4,2025-09-20,Fulfilled,Emergency,Mass Casualty
3530,7,2,B+,3,2025-09-20,Fulfilled,Emergency,Mass Casualty
3531,6,4,O+,2,2025-09-20,Fulfilled,Emergency,Mass Casualty
3532,6,2,B+,4,2025-09-20,Fulfilled,Emergency,Mass Casualty
3533,2,3,B+,6,2025-09-20,Fulfilled,Emergency,Mass Casualty
3534,3,3,AB-,7,2025-09-20,Cancelled,Emergency,Mass Casualty
3535,3,1,O+,4,2025-09-20,Fulfilled,Urgent,Mass Casualty
3536,6,2,O-,2,2025-09-20,Fulfilled,Urgent,Mass Casualty
3537,4,4,O+,11,2025-09-20,Fulfilled,Emergency,Mass Casualty
3538,1,4,A+,2,2025-09-20,Fulfilled,Urgent,Mass Casualty
3539,7,3,A-,3,2025-09-20,Fulfilled,Emergency,Mass Casualty
3540,2,4,B+,5,2025-09-20,Fulfilled,Emergency,Mass Casualty
3541,7,4,A+,5,2025-09-21,Fulfilled,Emergency,Mass Casualty
3542,4,3,A-,5,2025-09-21,Fulfilled,Urgent,Mass Casualty
3543,2,2,B+,4,2025-09-21,Fulfilled,Emergency,Mass Casualty
3544,8,3,A-,13,2025-09-21,Fulfilled,Emergency,Mass Casualty
3545,6,1,A+,3,2025-09-21,Fulfilled,Emergency,Mass Casualty
3546,4,4,AB+,10,2025-09-21,Fulfilled,Emergency,Mass Casualty
3547,3,3,A+,3,2025-09-21,Fulfilled,Emergency,Mass Casualty
3548,6,4,B+,3,2025-09-21,Fulfilled,Emergency,Mass Casualty
3549,1,1,B-,3,2025-09-21,Fulfilled,Emergency,Mass Casualty
3550,3,1,A+,2,2025-09-22,Fulfilled,Urgent,None
3551,4,1,B-,2,2025-09-22,Fulfilled,Routine,None
3552,1,3,B+,1,2025-09-22,Fulfilled,Routine,None
3553,5,3,O+,1,2025-09-22,Fulfilled,Routine,None
3554,1,4,B+,3,2025-09-22,Fulfilled,Urgent,None
3555,4,1,B+,3,2025-09-22,Fulfilled,Routine,None
3556,6,2,B-,2,2025-09-22,Fulfilled,Routine,None
3557,4,1,A+,3,2025-09-23,Fulfilled,Routine,None
3558,4,4,B+,2,2025-09-23,Fulfilled,Routine,None
3559,1,2,A+,1,2025-09-23,Fulfilled,Urgent,None
3560,5,3,AB+,1,2025-09-23,Fulfilled,Urgent,None
3561,4,2,A+,4,2025-09-23,Fulfilled,Urgent,None
3562,5,1,O+,2,2025-09-23,Fulfilled,Routine,None
3563,5,4,A+,1,2025-09-23,Fulfilled,Routine,None
3564,5,4,B+,1,2025-09-24,Fulfilled,Routine,None
3565,1,2,B+,1,2025-09-24,Fulfilled,Routine,None
3566,3,2,A-,5,2025-09-24,Fulfilled,Urgent,None
3567,4,3,B-,5,2025-09-24,Fulfilled,Routine,None
3568,7,4,A+,2,2025-09-24,Fulfilled,Routine,None
3569,5,4,A+,4,2025-09-24,Fulfilled,Emergency,None
3570,7,4,B+,2,2025-09-24,Fulfilled,Routine,None
3571,5,1,B+,3,2025-09-25,Fulfilled,Emergency,None
3572,3,2,O+,2,2025-09-25,Fulfilled,Routine,None
3573,2,1,O+,5,2025-09-25,Fulfilled,Emergency,None
3574,8,4,O+,2,2025-09-26,Fulfilled,Routine,None
3575,8,3,B-,1,2025-09-26,Fulfilled,Routine,None
3576,1,3,A+,1,2025-09-26,Fulfilled,Routine,None
3577,7,4,A+,1,2025-09-26,Fulfilled,Routine,None
3578,1,3,B+,1,2025-09-27,Fulfilled,Routine,None
3579,6,2,A+,1,2025-09-27,Fulfilled,Routine,None
3580,8,1,A+,1,2025-09-27,Fulfilled,Routine,None
3581,1,2,A+,1,2025-09-27,Fulfilled,Routine,None
3582,3,3,A+,1,2025-09-27,Fulfilled,Routine,None
3583,6,2,A+,6,2025-09-27,Fulfilled,Urgent,None
3584,7,1,AB-,3,2025-09-27,Fulfilled,Routine,None
3585,3,2,B+,2,2025-09-27,Fulfilled,Routine,None
3586,1,3,B+,2,2025-09-27,Cancelled,Routine,None
3587,2,2,A+,1,2025-09-27,Fulfilled,Routine,None
3588,6,2,O+,2,2025-09-27,Fulfilled,Routine,None
3589,4,4,O+,2,2025-09-28,Fulfilled,Routine,None
3590,4,3,A+,7,2025-09-28,Fulfilled,Routine,None
3591,3,1,B+,2,2025-09-28,Fulfilled,Urgent,None
3592,6,4,A-,1,2025-09-28,Fulfilled,Routine,None
3593,7,4,B+,1,2025-09-28,Fulfilled,Routine,None
3594,5,1,B-,1,2025-09-28,Fulfilled,Routine,None
3595,4,4,A+,3,2025-09-28,Fulfilled,Routine,None
3596,2,3,O+,2,2025-09-29,Fulfilled,Routine,None
3597,3,1,A+,1,2025-09-29,Fulfilled,Routine,None
3598,2,2,A+,1,2025-09-29,Fulfilled,Routine,None
3599,3,4,A+,1,2025-09-29,Fulfilled,Routine,None
3600,1,1,A-,1,2025-09-29,Fulfilled,Urgent,None
3601,1,3,A-,4,2025-09-29,Fulfilled,Emergency,None
3602,1,3,B+,7,2025-09-30,Fulfilled,Emergency,None
3603,3,4,AB+,1,2025-09-30,Fulfilled,Routine,None
3604,3,3,A+,1,2025-09-30,Fulfilled,Routine,None
3605,5,1,A+,2,2025-09-30,Fulfilled,Routine,None
3606,8,1,A+,3,2025-10-01,Fulfilled,Routine,None
3607,4,3,A-,3,2025-10-01,Fulfilled,Routine,None
3608,4,4,A+,1,2025-10-01,Fulfilled,Routine,None
3609,1,4,AB-,12,2025-10-01,Fulfilled,Emergency,None
3610,3,1,B+,2,2025-10-01,Fulfilled,Routine,None
3611,7,3,B-,2,2025-10-01,Fulfilled,Routine,None
3612,6,2,O+,1,2025-10-01,Fulfilled,Routine,None
3613,6,1,O-,1,2025-10-01,Fulfilled,Routine,None
3614,1,3,B+,1,2025-10-02,Fulfilled,Urgent,None
3615,4,3,A+,3,2025-10-02,Fulfilled,Routine,None
3616,5,3,B+,1,2025-10-02,Fulfilled,Routine,None
3617,3,2,O+,1,2025-10-02,Fulfilled,Routine,None
3618,3,3,AB+,1,2025-10-02,Fulfilled,Routine,None
3619,3,1,O+,3,2025-10-02,Fulfilled,Urgent,None
3620,3,1,O-,1,2025-10-02,Cancelled,Routine,None
3621,8,2,O+,4,2025-10-02,Fulfilled,Urgent,None
3622,7,2,B+,5,2025-10-03,Fulfilled,Routine,None
3623,6,3,O+,1,2025-10-03,Fulfilled,Routine,None
3624,3,2,B+,2,2025-10-03,Fulfilled,Routine,None
3625,8,1,AB+,1,2025-10-03,Fulfilled,Routine,None
3626,8,4,O+,1,2025-10-03,Fulfilled,Routine,None
3627,2,3,B+,2,2025-10-03,Cancelled,Routine,None
3628,2,3,A+,1,2025-10-03,Fulfilled,Emergency,None
3629,6,3,AB+,3,2025-10-03,Fulfilled,Routine,None
3630,5,4,AB+,1,2025-10-03,Fulfilled,Routine,None
3631,7,2,B+,3,2025-10-04,Fulfilled,Urgent,None
3632,3,1,A+,4,2025-10-04,Fulfilled,Urgent,None
3633,5,3,A+,1,2025-10-04,Fulfilled,Routine,None
3634,6,4,O+,1,2025-10-04,Fulfilled,Urgent,None
3635,3,3,O+,2,2025-10-04,Fulfilled,Routine,None
3636,3,1,O+,4,2025-10-04,Fulfilled,Routine,None
3637,8,3,A+,3,2025-10-04,Fulfilled,Urgent,None
3638,1,2,B+,2,2025-10-04,Fulfilled,Routine,None
3639,8,1,AB+,3,2025-10-05,Fulfilled,Emergency,None
3640,8,1,A+,2,2025-10-05,Fulfilled,Routine,None
3641,3,4,B+,2,2025-10-05,Fulfilled,Routine,None
3642,3,4,B+,3,2025-10-05,Fulfilled,Routine,None
3643,3,1,B+,1,2025-10-06,Fulfilled,Routine,None
3644,5,4,A+,2,2025-10-06,Fulfilled,Routine,None
3645,1,4,A-,2,2025-10-06,Fulfilled,Routine,None
3646,5,4,A+,2,2025-10-07,Fulfilled,Urgent,None
3647,4,2,A+,4,2025-10-07,Fulfilled,Routine,None
3648,2,3,AB-,2,2025-10-07,Fulfilled,Urgent,None
3649,4,3,AB+,6,2025-10-07,Fulfilled,Routine,None
3650,3,4,B+,6,2025-10-07,Fulfilled,Emergency,None
3651,4,3,A+,3,2025-10-08,Fulfilled,Routine,None
3652,8,3,A+,1,2025-10-08,Fulfilled,Routine,None
3653,2,1,AB+,1,2025-10-08,Fulfilled,Routine,None
3654,5,2,B-,1,2025-10-08,Fulfilled,Routine,None
3655,7,1,B+,3,2025-10-09,Fulfilled,Routine,None
3656,7,2,O+,1,2025-10-09,Fulfilled,Routine,None
3657,1,1,O-,2,2025-10-09,Fulfilled,Routine,None
3658,1,2,AB-,1,2025-10-09,Fulfilled,Routine,None
3659,1,4,O-,1,2025-10-09,Fulfilled,Routine,None
3660,7,2,A+,2,2025-10-09,Fulfilled,Routine,None
3661,1,4,A+,2,2025-10-09,Fulfilled,Urgent,None
3662,4,4,A+,4,2025-10-09,Fulfilled,Routine,None
3663,7,1,O+,2,2025-10-09,Fulfilled,Routine,None
3664,1,2,A+,1,2025-10-09,Fulfilled,Routine,None
3665,7,1,AB+,1,2025-10-09,Fulfilled,Routine,None
3666,1,4,A-,1,2025-10-10,Fulfilled,Routine,None
3667,5,1,O+,2,2025-10-10,Fulfilled,Urgent,None
3668,4,1,A-,4,2025-10-10,Fulfilled,Routine,None
3669,3,3,A+,1,2025-10-10,Fulfilled,Routine,None
3670,8,1,O+,2,2025-10-10,Fulfilled,Urgent,None
3671,6,2,B+,1,2025-10-10,Fulfilled,Routine,None
3672,3,3,A-,3,2025-10-10,Fulfilled,Urgent,None
3673,6,1,A+,2,2025-10-11,Fulfilled,Routine,None
3674,8,3,A+,1,2025-10-11,Fulfilled,Routine,None
3675,3,2,B+,2,2025-10-11,Fulfilled,Urgent,None
3676,5,2,A+,2,2025-10-11,Fulfilled,Routine,None
3677,4,2,B+,4,2025-10-11,Fulfilled,Routine,None
3678,8,3,A+,1,2025-10-11,Fulfilled,Routine,None
3679,7,4,B+,2,2025-10-12,Fulfilled,Routine,None
3680,5,2,A+,1,2025-10-12,Fulfilled,Routine,None
3681,3,2,B-,2,2025-10-12,Fulfilled,Routine,None
3682,8,1,A+,1,2025-10-12,Fulfilled,Routine,None
3683,8,1,B+,3,2025-10-12,Fulfilled,Urgent,None
3684,4,1,A+,1,2025-10-12,Fulfilled,Routine,None
3685,3,3,B+,2,2025-10-12,Fulfilled,Routine,None
3686,4,1,B+,8,2025-10-13,Fulfilled,Urgent,None
3687,1,1,AB+,1,2025-10-13,Fulfilled,Routine,None
3688,3,2,A-,2,2025-10-13,Fulfilled,Routine,None
3689,2,1,O+,1,2025-10-13,Fulfilled,Routine,None
3690,5,4,O+,1,2025-10-13,Fulfilled,Routine,None
3691,2,2,A+,1,2025-10-13,Fulfilled,Routine,None
3692,8,4,A+,2,2025-10-13,Fulfilled,Routine,None
3693,6,3,AB+,1,2025-10-13,Fulfilled,Routine,None
3694,1,1,B-,1,2025-10-14,Fulfilled,Routine,None
3695,6,3,B+,3,2025-10-14,Fulfilled,Routine,None
3696,1,2,AB+,3,2025-10-14,Fulfilled,Routine,None
3697,8,4,O+,3,2025-10-14,Fulfilled,Urgent,None
3698,7,1,A+,1,2025-10-14,Fulfilled,Routine,None
3699,8,2,O+,1,2025-10-14,Fulfilled,Routine,None
3700,8,2,A+,1,2025-10-14,Fulfilled,Routine,None
3701,3,1,AB+,4,2025-10-14,Fulfilled,Emergency,None
3702,5,3,B+,1,2025-10-15,Fulfilled,Routine,None
3703,4,2,A+,6,2025-10-15,Fulfilled,Routine,None
3704,8,3,A+,1,2025-10-15,Fulfilled,Urgent,None
3705,1,1,A+,2,2025-10-15,Fulfilled,Routine,None
3706,5,1,O+,2,2025-10-15,Fulfilled,Routine,None
3707,3,1,A+,2,2025-10-15,Fulfilled,Routine,None
3708,8,3,A+,1,2025-10-15,Fulfilled,Routine,None
3709,7,3,A+,9,2025-10-15,Fulfilled,Emergency,None
3710,6,3,AB+,3,2025-10-15,Fulfilled,Routine,None
3711,6,1,A+,11,2025-10-16,Fulfilled,Emergency,None
3712,6,3,A+,3,2025-10-16,Fulfilled,Routine,None
3713,8,1,O+,2,2025-10-16,Fulfilled,Routine,None
3714,5,4,A-,3,2025-10-16,Fulfilled,Routine,None
3715,4,4,AB+,3,2025-10-16,Fulfilled,Routine,None
3716,4,4,A+,9,2025-10-17,Fulfilled,Emergency,None
3717,1,4,B-,3,2025-10-17,Fulfilled,Routine,None
3718,6,1,A+,3,2025-10-17,Fulfilled,Routine,None
3719,5,1,AB+,2,2025-10-17,Fulfilled,Routine,None
3720,1,1,B+,1,2025-10-17,Fulfilled,Routine,None
3721,3,3,O+,2,2025-10-17,Fulfilled,Routine,None
3722,8,3,O+,2,2025-10-17,Fulfilled,Routine,None
3723,1,1,A+,1,2025-10-18,Fulfilled,Routine,None
3724,1,2,B-,5,2025-10-18,Fulfilled,Emergency,None
3725,6,2,A+,4,2025-10-18,Fulfilled,Urgent,None
3726,2,1,B+,2,2025-10-19,Fulfilled,Routine,None
3727,1,3,O-,1,2025-10-19,Fulfilled,Routine,None
3728,8,3,B+,1,2025-10-19,Fulfilled,Routine,None
3729,1,2,A+,2,2025-10-19,Fulfilled,Routine,None
3730,3,2,A+,6,2025-10-19,Fulfilled,Emergency,None
3731,8,3,A+,2,2025-10-19,Fulfilled,Routine,None
3732,2,3,A+,1,2025-10-19,Fulfilled,Routine,None
3733,2,1,O+,1,2025-10-20,Fulfilled,Routine,None
3734,8,3,A+,1,2025-10-20,Fulfilled,Routine,None
3735,5,3,AB-,2,2025-10-20,Fulfilled,Routine,None
3736,5,3,A+,1,2025-10-20,Fulfilled,Routine,None
3737,6,1,AB+,1,2025-10-20,Fulfilled,Routine,None
3738,8,4,AB+,1,2025-10-20,Fulfilled,Routine,None
3739,2,1,O+,1,2025-10-21,Fulfilled,Urgent,None
3740,2,4,O-,4,2025-10-21,Fulfilled,Routine,None
3741,7,2,O+,2,2025-10-21,Fulfilled,Routine,None
3742,6,2,A-,1,2025-10-21,Fulfilled,Routine,None
3743,8,3,B+,3,2025-10-21,Fulfilled,Routine,None
3744,8,1,O+,2,2025-10-22,Fulfilled,Routine,None
3745,4,1,O+,4,2025-10-22,Fulfilled,Routine,None
3746,5,4,B-,3,2025-10-22,Fulfilled,Urgent,None
3747,5,1,O-,1,2025-10-22,Fulfilled,Routine,None
3748,2,4,B+,3,2025-10-22,Fulfilled,Urgent,None
3749,8,3,B+,1,2025-10-22,Fulfilled,Routine,None
3750,4,1,O+,3,2025-10-22,Fulfilled,Routine,None
3751,8,2,A+,4,2025-10-22,Fulfilled,Emergency,None
3752,8,3,B+,1,2025-10-22,Fulfilled,Routine,None
3753,3,4,O+,3,2025-10-23,Fulfilled,Urgent,None
3754,2,4,A+,2,2025-10-23,Fulfilled,Urgent,None
3755,6,1,B-,4,2025-10-23,Fulfilled,Urgent,None
3756,6,1,A+,2,2025-10-23,Fulfilled,Routine,None
3757,3,4,B+,2,2025-10-24,Fulfilled,Routine,None
3758,6,4,B+,1,2025-10-24,Fulfilled,Routine,None
3759,7,2,O+,2,2025-10-24,Fulfilled,Routine,None
3760,1,2,B+,2,2025-10-24,Cancelled,Routine,None
3761,4,2,B+,3,2025-10-24,Fulfilled,Routine,None
3762,8,2,B-,7,2025-10-24,Fulfilled,Routine,None
3763,7,4,A+,3,2025-10-24,Fulfilled,Urgent,None
3764,8,3,A+,2,2025-10-24,Fulfilled,Routine,None
3765,3,1,B+,2,2025-10-24,Fulfilled,Urgent,None
3766,7,1,B-,2,2025-10-25,Fulfilled,Urgent,None
3767,8,2,B+,1,2025-10-25,Fulfilled,Routine,None
3768,3,3,B+,1,2025-10-25,Fulfilled,Routine,None
3769,7,3,A+,1,2025-10-25,Fulfilled,Routine,None
3770,3,1,A-,2,2025-10-25,Fulfilled,Routine,None
3771,1,3,A-,1,2025-10-25,Fulfilled,Routine,None
3772,6,1,A+,2,2025-10-25,Fulfilled,Urgent,None
3773,8,1,B+,3,2025-10-25,Fulfilled,Routine,None
3774,2,1,A-,2,2025-10-26,Fulfilled,Routine,None
3775,5,2,AB+,2,2025-10-26,Fulfilled,Routine,None
3776,7,4,A+,8,2025-10-26,Fulfilled,Emergency,None
3777,1,4,A+,1,2025-10-26,Fulfilled,Routine,None
3778,1,1,O+,1,2025-10-26,Fulfilled,Routine,None
3779,1,2,AB+,1,2025-10-27,Fulfilled,Routine,None
3780,5,4,B+,14,2025-10-27,Fulfilled,Emergency,None
3781,1,1,B+,1,2025-10-27,Fulfilled,Routine,None
3782,8,1,O+,2,2025-10-27,Fulfilled,Routine,None
3783,1,2,AB+,2,2025-10-27,Fulfilled,Urgent,None
3784,1,4,A+,1,2025-10-27,Fulfilled,Routine,None
3785,1,3,B+,3,2025-10-28,Fulfilled,Routine,None
3786,1,3,A+,1,2025-10-28,Fulfilled,Routine,None
3787,3,1,AB+,1,2025-10-28,Fulfilled,Routine,None
3788,7,1,O+,3,2025-10-28,Fulfilled,Routine,None
3789,1,2,B+,2,2025-10-28,Fulfilled,Routine,None
3790,7,2,B+,2,2025-10-29,Fulfilled,Urgent,None
3791,5,3,A+,1,2025-10-29,Fulfilled,Routine,None
3792,8,4,AB+,1,2025-10-29,Fulfilled,Routine,None
3793,4,4,O+,4,2025-10-29,Fulfilled,Routine,None
3794,4,1,AB+,8,2025-10-29,Fulfilled,Urgent,None
3795,4,4,B+,6,2025-10-29,Fulfilled,Routine,None
3796,4,3,AB+,5,2025-10-29,Fulfilled,Routine,None
3797,3,1,A+,4,2025-10-29,Fulfilled,Routine,None
3798,1,4,B+,3,2025-10-29,Fulfilled,Urgent,None
3799,4,1,B+,3,2025-10-29,Fulfilled,Routine,None
3800,6,4,A-,2,2025-10-29,Fulfilled,Routine,None
3801,2,2,AB+,3,2025-10-30,Fulfilled,Urgent,None
3802,2,1,O+,1,2025-10-30,Fulfilled,Routine,None
3803,7,3,A+,1,2025-10-30,Fulfilled,Routine,None
3804,2,3,A+,1,2025-10-30,Fulfilled,Urgent,None
3805,8,2,B+,3,2025-10-30,Fulfilled,Emergency,None
3806,3,1,O+,2,2025-10-30,Cancelled,Routine,None
3807,3,3,B+,2,2025-10-30,Fulfilled,Routine,None
3808,1,3,AB+,4,2025-10-31,Fulfilled,Urgent,None
3809,3,3,A+,1,2025-10-31,Fulfilled,Routine,None
3810,2,2,A+,6,2025-10-31,Fulfilled,Urgent,None
3811,7,2,A+,1,2025-10-31,Fulfilled,Routine,None
3812,1,3,B+,3,2025-10-31,Fulfilled,Routine,None
3813,7,3,A+,2,2025-10-31,Fulfilled,Routine,None
3814,3,4,B+,3,2025-10-31,Fulfilled,Routine,None
3815,1,1,A+,2,2025-10-31,Fulfilled,Routine,None
3816,4,4,A+,5,2025-10-31,Fulfilled,Routine,None
3817,3,1,A+,1,2025-11-01,Fulfilled,Routine,None
3818,8,1,A-,1,2025-11-01,Fulfilled,Routine,None
3819,1,1,O+,1,2025-11-01,Fulfilled,Routine,None
3820,8,4,B+,3,2025-11-01,Fulfilled,Routine,None
3821,7,3,A+,3,2025-11-01,Fulfilled,Urgent,None
3822,1,2,O+,2,2025-11-01,Fulfilled,Routine,None
3823,2,1,B+,2,2025-11-02,Fulfilled,Urgent,None
3824,2,3,A-,4,2025-11-02,Fulfilled,Urgent,None
3825,7,2,B+,3,2025-11-03,Fulfilled,Routine,None
3826,3,4,AB-,1,2025-11-03,Fulfilled,Routine,None
3827,2,4,A+,2,2025-11-03,Fulfilled,Routine,None
3828,7,2,A-,3,2025-11-03,Fulfilled,Routine,None
3829,2,3,B+,4,2025-11-03,Fulfilled,Emergency,None
3830,1,3,B+,2,2025-11-03,Fulfilled,Routine,None
3831,6,4,A-,1,2025-11-03,Fulfilled,Routine,None
3832,8,4,AB+,2,2025-11-03,Fulfilled,Routine,None
3833,2,4,A+,2,2025-11-03,Fulfilled,Urgent,None
3834,5,1,A+,1,2025-11-04,Fulfilled,Routine,None
3835,3,1,O+,4,2025-11-04,Fulfilled,Urgent,None
3836,4,4,O+,5,2025-11-04,Cancelled,Routine,None
3837,5,1,A+,1,2025-11-04,Fulfilled,Routine,None
3838,4,2,A+,5,2025-11-04,Fulfilled,Routine,None
3839,5,1,O+,1,2025-11-05,Fulfilled,Routine,None
3840,4,2,AB+,1,2025-11-05,Fulfilled,Routine,None
3841,1,4,B+,1,2025-11-05,Fulfilled,Routine,None
3842,6,2,B+,2,2025-11-05,Cancelled,Routine,None
3843,8,1,A+,5,2025-11-05,Fulfilled,Urgent,None
3844,7,1,A-,8,2025-11-05,Fulfilled,Emergency,None
3845,7,2,A+,1,2025-11-05,Fulfilled,Urgent,None
3846,7,3,AB+,1,2025-11-05,Fulfilled,Routine,None
3847,4,1,A-,3,2025-11-05,Fulfilled,Routine,None
3848,4,4,B-,9,2025-11-06,Fulfilled,Routine,None
3849,8,3,B+,1,2025-11-06,Fulfilled,Routine,None
3850,3,4,AB+,2,2025-11-06,Fulfilled,Routine,None
3851,3,4,O+,2,2025-11-06,Fulfilled,Routine,None
3852,4,2,B+,3,2025-11-07,Fulfilled,Routine,None
3853,4,2,A+,3,2025-11-07,Fulfilled,Routine,None
3854,1,4,O+,1,2025-11-07,Fulfilled,Routine,None
3855,3,2,O+,4,2025-11-07,Fulfilled,Routine,None
3856,8,4,AB+,5,2025-11-07,Fulfilled,Urgent,None
3857,6,3,AB+,2,2025-11-07,Fulfilled,Routine,None
3858,5,2,B+,3,2025-11-07,Fulfilled,Routine,None
3859,2,2,O+,1,2025-11-08,Fulfilled,Routine,None
3860,7,4,A+,2,2025-11-08,Fulfilled,Routine,None
3861,8,4,AB+,2,2025-11-08,Fulfilled,Routine,None
3862,5,4,B+,1,2025-11-08,Fulfilled,Routine,None
3863,3,2,A+,3,2025-11-08,Cancelled,Routine,None
3864,1,2,A+,3,2025-11-09,Fulfilled,Urgent,None
3865,2,4,O+,2,2025-11-09,Fulfilled,Routine,None
3866,4,1,B+,3,2025-11-09,Fulfilled,Routine,None
3867,2,3,A+,1,2025-11-09,Fulfilled,Routine,None
3868,4,1,B+,3,2025-11-09,Fulfilled,Routine,None
3869,2,3,B+,2,2025-11-09,Fulfilled,Routine,None
3870,7,4,A+,6,2025-11-09,Fulfilled,Emergency,None
3871,8,4,A+,5,2025-11-09,Fulfilled,Emergency,None
3872,6,4,AB+,2,2025-11-09,Fulfilled,Routine,None
3873,8,3,A+,1,2025-11-09,Fulfilled,Routine,None
3874,8,1,O+,1,2025-11-09,Fulfilled,Routine,None
3875,3,3,A+,7,2025-11-09,Fulfilled,Emergency,None
3876,2,1,AB+,2,2025-11-10,Fulfilled,Routine,None
3877,5,4,A+,4,2025-11-10,Fulfilled,Routine,None
3878,6,1,O+,2,2025-11-10,Fulfilled,Routine,None
3879,5,1,O+,4,2025-11-10,Fulfilled,Urgent,None
3880,6,1,AB+,3,2025-11-11,Fulfilled,Routine,None
3881,8,2,A+,5,2025-11-11,Fulfilled,Routine,None
3882,7,4,A+,1,2025-11-11,Fulfilled,Routine,None
3883,3,4,A-,2,2025-11-11,Fulfilled,Routine,None
3884,8,4,B+,2,2025-11-11,Fulfilled,Routine,None
3885,6,1,B+,2,2025-11-12,Fulfilled,Urgent,None
3886,8,3,A+,3,2025-11-12,Fulfilled,Routine,None
3887,3,2,O-,1,2025-11-12,Fulfilled,Routine,None
3888,6,2,B+,2,2025-11-12,Fulfilled,Routine,None
3889,2,4,B+,2,2025-11-12,Fulfilled,Routine,None
3890,1,4,A-,4,2025-11-12,Fulfilled,Urgent,None
3891,2,1,B+,2,2025-11-12,Fulfilled,Routine,None
3892,4,3,O-,2,2025-11-12,Fulfilled,Routine,None
3893,4,1,B+,8,2025-11-12,Fulfilled,Routine,None
3894,3,2,O+,2,2025-11-13,Fulfilled,Routine,None
3895,1,4,B-,5,2025-11-13,Fulfilled,Urgent,None
3896,6,4,A+,2,2025-11-14,Fulfilled,Routine,None
3897,5,2,A+,2,2025-11-14,Fulfilled,Urgent,None
3898,8,4,A+,1,2025-11-14,Fulfilled,Routine,None
3899,2,1,O+,1,2025-11-14,Fulfilled,Urgent,None
3900,6,4,A+,3,2025-11-14,Fulfilled,Routine,None
3901,3,3,A+,1,2025-11-15,Fulfilled,Routine,None
3902,8,4,A+,2,2025-11-15,Fulfilled,Routine,None
3903,7,3,B+,1,2025-11-15,Fulfilled,Routine,None
3904,6,1,A-,3,2025-11-15,Fulfilled,Routine,None
3905,7,3,A+,1,2025-11-15,Fulfilled,Routine,None
3906,3,1,A+,1,2025-11-15,Fulfilled,Routine,None
3907,1,1,B+,1,2025-11-16,Fulfilled,Routine,None
3908,7,4,A-,2,2025-11-16,Fulfilled,Urgent,None
3909,1,2,B+,3,2025-11-16,Fulfilled,Routine,None
3910,7,1,A-,4,2025-11-16,Fulfilled,Urgent,None
3911,7,1,A+,1,2025-11-17,Fulfilled,Routine,None
3912,2,4,B+,2,2025-11-17,Fulfilled,Routine,None
3913,6,2,A+,2,2025-11-17,Fulfilled,Routine,None
3914,7,3,B+,3,2025-11-17,Fulfilled,Routine,None
3915,2,2,O-,1,2025-11-18,Fulfilled,Routine,None
3916,2,4,B+,1,2025-11-18,Fulfilled,Routine,None
3917,4,4,A+,2,2025-11-18,Fulfilled,Routine,None
3918,5,4,A-,1,2025-11-18,Fulfilled,Routine,None
3919,2,1,AB-,1,2025-11-18,Fulfilled,Routine,None
3920,5,1,AB-,1,2025-11-18,Fulfilled,Routine,None
3921,7,4,A+,3,2025-11-19,Fulfilled,Routine,None
3922,6,1,A+,2,2025-11-19,Fulfilled,Routine,None
3923,7,3,B+,2,2025-11-20,Fulfilled,Routine,None
3924,3,3,A+,3,2025-11-20,Fulfilled,Routine,None
3925,5,3,B+,1,2025-11-20,Fulfilled,Routine,None
3926,6,4,B+,2,2025-11-21,Fulfilled,Urgent,None
3927,3,2,A-,1,2025-11-21,Fulfilled,Routine,None
3928,6,4,B+,4,2025-11-21,Fulfilled,Urgent,None
3929,7,4,O+,2,2025-11-21,Fulfilled,Routine,None
3930,7,2,A+,2,2025-11-21,Fulfilled,Urgent,None
3931,6,2,A-,1,2025-11-21,Fulfilled,Routine,None
3932,5,3,AB+,1,2025-11-21,Fulfilled,Routine,None
3933,5,2,AB+,2,2025-11-21,Fulfilled,Routine,None
3934,7,3,AB+,1,2025-11-21,Fulfilled,Routine,None
3935,3,3,A+,2,2025-11-22,Fulfilled,Urgent,None
3936,4,3,B+,2,2025-11-22,Fulfilled,Routine,None
3937,5,4,B+,2,2025-11-22,Fulfilled,Routine,None
3938,5,1,A-,2,2025-11-22,Fulfilled,Routine,None
3939,4,2,O+,3,2025-11-22,Fulfilled,Routine,None
3940,5,3,O+,1,2025-11-22,Fulfilled,Routine,None
3941,4,1,B+,3,2025-11-23,Fulfilled,Routine,None
3942,1,2,O-,1,2025-11-23,Cancelled,Routine,None
3943,5,2,O+,3,2025-11-23,Fulfilled,Urgent,None
3944,5,2,B+,1,2025-11-23,Fulfilled,Routine,None
3945,8,4,B+,3,2025-11-23,Fulfilled,Urgent,None
3946,3,2,A-,1,2025-11-23,Fulfilled,Routine,None
3947,1,4,A+,1,2025-11-23,Fulfilled,Routine,None
3948,1,3,B+,3,2025-11-23,Cancelled,Routine,None
3949,7,4,O+,2,2025-11-23,Fulfilled,Routine,None
3950,8,3,O+,2,2025-11-24,Fulfilled,Routine,None
3951,8,1,A+,2,2025-11-24,Fulfilled,Urgent,None
3952,8,1,A+,1,2025-11-24,Fulfilled,Routine,None
3953,4,4,B+,4,2025-11-24,Fulfilled,Routine,None
3954,4,2,B+,6,2025-11-25,Fulfilled,Routine,None
3955,1,2,A-,1,2025-11-25,Fulfilled,Routine,None
3956,5,2,A+,1,2025-11-25,Fulfilled,Routine,None
3957,8,2,B-,1,2025-11-25,Fulfilled,Routine,None
3958,7,4,B+,2,2025-11-25,Fulfilled,Routine,None
3959,8,1,A+,3,2025-11-25,Fulfilled,Routine,None
3960,8,4,A+,3,2025-11-25,Fulfilled,Emergency,None
3961,4,4,O+,2,2025-11-25,Fulfilled,Routine,None
3962,7,1,A+,2,2025-11-26,Fulfilled,Routine,None
3963,4,1,O-,4,2025-11-26,Fulfilled,Routine,None
3964,5,3,A+,4,2025-11-26,Fulfilled,Emergency,None
3965,7,2,A-,2,2025-11-26,Fulfilled,Routine,None
3966,5,2,B+,1,2025-11-26,Fulfilled,Routine,None
3967,2,2,O+,2,2025-11-26,Fulfilled,Routine,None
3968,8,2,A+,2,2025-11-26,Fulfilled,Routine,None
3969,8,3,A+,2,2025-11-26,Fulfilled,Routine,None
3970,3,1,A-,5,2025-11-26,Fulfilled,Urgent,None
3971,7,2,O+,1,2025-11-27,Fulfilled,Routine,None
3972,4,2,A+,4,2025-11-27,Fulfilled,Routine,None
3973,4,1,O-,5,2025-11-27,Fulfilled,Routine,None
3974,8,2,A+,2,2025-11-27,Fulfilled,Routine,None
3975,2,3,A+,2,2025-11-27,Fulfilled,Routine,None
3976,6,4,O+,3,2025-11-27,Fulfilled,Routine,None
3977,1,3,AB+,4,2025-11-28,Fulfilled,Urgent,None
3978,5,1,B+,1,2025-11-28,Fulfilled,Routine,None
3979,3,4,A+,4,2025-11-28,Fulfilled,Urgent,None
3980,2,1,AB+,1,2025-11-28,Fulfilled,Routine,None
3981,4,4,B+,5,2025-11-28,Fulfilled,Routine,None
3982,8,2,B+,1,2025-11-28,Fulfilled,Routine,None
3983,5,3,A+,2,2025-11-28,Fulfilled,Routine,None
3984,4,1,A+,6,2025-11-28,Fulfilled,Emergency,None
3985,4,2,B+,5,2025-11-28,Fulfilled,Routine,None
3986,6,3,B+,2,2025-11-29,Fulfilled,Routine,None
3987,1,4,B+,1,2025-11-29,Fulfilled,Routine,None
3988,7,4,A+,1,2025-11-29,Fulfilled,Routine,None
3989,6,1,B-,1,2025-11-29,Fulfilled,Urgent,None
3990,8,4,A+,1,2025-11-29,Fulfilled,Routine,None
3991,8,3,B+,1,2025-11-29,Fulfilled,Routine,None
3992,8,4,A+,1,2025-11-29,Fulfilled,Routine,None
3993,2,3,A+,2,2025-11-29,Fulfilled,Routine,None
3994,5,2,O+,2,2025-11-29,Fulfilled,Routine,None
3995,5,2,O-,2,2025-11-30,Fulfilled,Routine,None
3996,7,2,A+,2,2025-11-30,Fulfilled,Routine,None
3997,1,3,AB+,1,2025-11-30,Fulfilled,Routine,None
3998,4,2,B-,2,2025-11-30,Fulfilled,Routine,None
3999,6,3,B+,3,2025-11-30,Fulfilled,Routine,None
4000,6,2,O-,3,2025-12-01,Fulfilled,Urgent,None
4001,6,1,A-,2,2025-12-01,Fulfilled,Routine,None
4002,6,2,A+,4,2025-12-01,Fulfilled,Emergency,None
4003,6,1,O+,2,2025-12-01,Fulfilled,Routine,None
4004,5,4,A+,3,2025-12-01,Fulfilled,Routine,None
4005,6,1,A+,5,2025-12-01,Fulfilled,Emergency,None
4006,2,2,O+,6,2025-12-01,Fulfilled,Emergency,None
4007,3,4,B+,5,2025-12-02,Fulfilled,Emergency,None
4008,8,4,B+,5,2025-12-02,Fulfilled,Emergency,None
4009,4,3,B+,3,2025-12-02,Fulfilled,Routine,None
4010,3,3,A+,2,2025-12-03,Fulfilled,Routine,None
4011,7,3,O+,4,2025-12-03,Fulfilled,Urgent,None
4012,8,1,B-,1,2025-12-03,Fulfilled,Routine,None
4013,2,3,AB+,1,2025-12-03,Fulfilled,Routine,None
4014,1,4,A+,1,2025-12-03,Fulfilled,Routine,None
4015,7,3,O+,3,2025-12-03,Fulfilled,Routine,None
4016,8,2,A-,1,2025-12-04,Fulfilled,Routine,None
4017,5,1,A+,2,2025-12-04,Fulfilled,Emergency,None
4018,7,3,B+,2,2025-12-04,Fulfilled,Routine,None
4019,3,4,O+,2,2025-12-04,Fulfilled,Routine,None
4020,3,2,A+,6,2025-12-04,Fulfilled,Routine,None
4021,7,2,AB+,1,2025-12-04,Fulfilled,Routine,None
4022,2,1,B+,2,2025-12-05,Fulfilled,Routine,None
4023,6,1,A-,1,2025-12-05,Fulfilled,Routine,None
4024,5,4,O+,1,2025-12-05,Fulfilled,Routine,None
4025,3,4,A+,1,2025-12-05,Fulfilled,Routine,None
4026,1,3,AB+,2,2025-12-06,Fulfilled,Routine,None
4027,7,1,A+,3,2025-12-06,Fulfilled,Emergency,None
4028,4,3,A+,3,2025-12-06,Fulfilled,Routine,None
4029,1,1,A+,2,2025-12-06,Fulfilled,Routine,None
4030,3,2,B-,1,2025-12-06,Fulfilled,Routine,None
4031,7,2,O+,3,2025-12-06,Fulfilled,Routine,None
4032,5,3,A+,3,2025-12-06,Fulfilled,Urgent,None
4033,7,4,A+,3,2025-12-06,Fulfilled,Routine,None
4034,5,4,A+,7,2025-12-06,Fulfilled,Urgent,None
4035,7,4,B+,3,2025-12-07,Fulfilled,Routine,None
4036,4,2,AB+,3,2025-12-07,Fulfilled,Routine,None
4037,3,3,A+,1,2025-12-07,Fulfilled,Routine,None
4038,3,2,A+,1,2025-12-07,Fulfilled,Routine,None
4039,7,1,B+,1,2025-12-07,Fulfilled,Routine,None
4040,8,1,A+,1,2025-12-07,Fulfilled,Routine,None
4041,5,4,AB+,2,2025-12-08,Fulfilled,Routine,None
4042,3,1,A+,2,2025-12-08,Fulfilled,Routine,None
4043,6,2,A-,2,2025-12-08,Fulfilled,Urgent,None
4044,6,4,A+,1,2025-12-08,Fulfilled,Routine,None
4045,5,2,A+,3,2025-12-09,Fulfilled,Emergency,None
4046,5,4,O+,1,2025-12-09,Fulfilled,Routine,None
4047,8,2,O-,1,2025-12-09,Fulfilled,Routine,None
4048,4,1,A+,5,2025-12-09,Fulfilled,Routine,None
4049,3,2,B+,2,2025-12-09,Fulfilled,Urgent,None
4050,6,4,AB+,3,2025-12-09,Fulfilled,Routine,None
4051,4,4,B+,4,2025-12-09,Fulfilled,Routine,None
4052,3,2,B+,1,2025-12-09,Fulfilled,Routine,None
4053,7,4,O+,2,2025-12-09,Fulfilled,Routine,None
4054,4,3,B+,3,2025-12-10,Fulfilled,Urgent,None
4055,5,1,B+,1,2025-12-10,Fulfilled,Routine,None
4056,5,1,B+,1,2025-12-10,Fulfilled,Routine,None
4057,4,2,O+,6,2025-12-10,Fulfilled,Urgent,None
4058,2,1,AB+,1,2025-12-11,Fulfilled,Routine,None
4059,6,1,O+,4,2025-12-11,Fulfilled,Urgent,None
4060,7,1,AB+,2,2025-12-11,Fulfilled,Routine,None
4061,2,4,B+,1,2025-12-11,Fulfilled,Routine,None
4062,3,2,A+,2,2025-12-11,Fulfilled,Routine,None
4063,4,1,A+,1,2025-12-11,Fulfilled,Routine,None
4064,6,1,O+,2,2025-12-11,Fulfilled,Routine,None
4065,3,1,AB-,3,2025-12-11,Fulfilled,Urgent,None
4066,8,4,B-,1,2025-12-12,Fulfilled,Routine,None
4067,4,4,O+,4,2025-12-12,Fulfilled,Routine,None
4068,2,3,B+,1,2025-12-12,Fulfilled,Urgent,None
4069,1,1,O+,2,2025-12-12,Fulfilled,Routine,None
4070,5,3,AB+,1,2025-12-12,Cancelled,Routine,None
4071,7,1,A-,1,2025-12-12,Fulfilled,Routine,None
4072,3,2,AB+,1,2025-12-13,Fulfilled,Routine,None
4073,5,4,A+,1,2025-12-13,Fulfilled,Routine,None
4074,1,4,B+,1,2025-12-13,Fulfilled,Routine,None
4075,7,2,A-,3,2025-12-13,Fulfilled,Urgent,None
4076,7,1,A+,3,2025-12-13,Fulfilled,Routine,None
4077,7,2,B+,1,2025-12-13,Fulfilled,Routine,None
4078,3,3,O+,1,2025-12-13,Fulfilled,Routine,None
4079,1,2,A+,1,2025-12-13,Fulfilled,Routine,None
4080,6,3,B+,2,2025-12-13,Fulfilled,Emergency,None
4081,5,3,A+,1,2025-12-13,Fulfilled,Routine,None
4082,6,2,AB+,1,2025-12-13,Cancelled,Routine,None
4083,6,3,A+,4,2025-12-13,Fulfilled,Routine,None
4084,2,2,B+,3,2025-12-13,Fulfilled,Routine,None
4085,5,3,O-,1,2025-12-14,Fulfilled,Routine,None
4086,7,2,A+,2,2025-12-14,Fulfilled,Routine,None
4087,1,3,AB-,1,2025-12-14,Fulfilled,Routine,None
4088,7,4,O+,2,2025-12-14,Fulfilled,Routine,None
4089,4,1,B+,6,2025-12-14,Fulfilled,Urgent,None
4090,7,1,O-,2,2025-12-15,Fulfilled,Routine,None
4091,8,4,A+,1,2025-12-15,Fulfilled,Routine,None
4092,1,1,A+,2,2025-12-15,Fulfilled,Routine,None
4093,8,3,B-,1,2025-12-15,Fulfilled,Urgent,None
4094,7,1,O+,2,2025-12-15,Fulfilled,Routine,None
4095,4,3,B+,5,2025-12-15,Fulfilled,Routine,None
4096,5,4,B+,1,2025-12-15,Fulfilled,Routine,None
4097,4,1,A+,6,2025-12-15,Fulfilled,Routine,None
4098,6,1,A+,2,2025-12-16,Fulfilled,Urgent,None
4099,2,4,B+,1,2025-12-16,Fulfilled,Routine,None
4100,2,3,B-,2,2025-12-16,Cancelled,Emergency,None
4101,2,4,A+,4,2025-12-16,Fulfilled,Urgent,None
4102,7,2,O+,4,2025-12-16,Fulfilled,Urgent,None
4103,4,3,AB-,4,2025-12-17,Fulfilled,Routine,None
4104,3,3,A+,5,2025-12-17,Fulfilled,Emergency,None
4105,5,2,A+,3,2025-12-17,Fulfilled,Routine,None
4106,4,1,B+,5,2025-12-17,Fulfilled,Routine,None
4107,4,1,A+,13,2025-12-17,Fulfilled,Emergency,None
4108,1,3,O+,1,2025-12-17,Fulfilled,Routine,None
4109,4,2,B+,9,2025-12-17,Fulfilled,Routine,None
4110,8,2,O+,3,2025-12-18,Fulfilled,Urgent,None
4111,3,1,A+,2,2025-12-18,Fulfilled,Routine,None
4112,2,3,O-,2,2025-12-18,Fulfilled,Urgent,None
4113,6,3,A+,1,2025-12-18,Fulfilled,Urgent,None
4114,4,4,B+,4,2025-12-18,Fulfilled,Urgent,None
4115,8,3,O+,5,2025-12-18,Fulfilled,Emergency,None
4116,5,4,A+,4,2025-12-19,Fulfilled,Routine,None
4117,7,3,AB+,1,2025-12-19,Fulfilled,Routine,None
4118,3,1,A+,3,2025-12-19,Fulfilled,Routine,None
4119,5,2,O-,2,2025-12-19,Fulfilled,Urgent,None
4120,1,1,B+,1,2025-12-19,Fulfilled,Routine,None
4121,2,3,A+,1,2025-12-19,Fulfilled,Routine,None
4122,3,4,B+,1,2025-12-19,Fulfilled,Routine,None
4123,1,1,A+,2,2025-12-19,Fulfilled,Routine,None
4124,2,4,B+,2,2025-12-19,Fulfilled,Routine,None
4125,1,2,O+,1,2025-12-19,Fulfilled,Routine,None
4126,8,1,B+,2,2025-12-19,Fulfilled,Routine,None
4127,1,1,O+,2,2025-12-20,Fulfilled,Routine,None
4128,8,1,B-,4,2025-12-20,Fulfilled,Urgent,None
4129,1,1,B-,5,2025-12-20,Fulfilled,Routine,None
4130,3,2,A+,2,2025-12-20,Fulfilled,Urgent,None
4131,2,4,A-,2,2025-12-20,Fulfilled,Routine,None
4132,7,4,A+,2,2025-12-20,Fulfilled,Routine,None
4133,5,2,AB+,1,2025-12-20,Fulfilled,Routine,None
4134,3,1,A+,1,2025-12-20,Fulfilled,Routine,None
4135,7,3,A+,2,2025-12-20,Fulfilled,Routine,None
4136,3,4,B+,1,2025-12-20,Fulfilled,Routine,None
4137,5,2,AB+,2,2025-12-20,Fulfilled,Routine,None
4138,8,4,AB+,4,2025-12-21,Fulfilled,Urgent,None
4139,4,2,O+,2,2025-12-21,Fulfilled,Routine,None
4140,4,1,A+,4,2025-12-21,Fulfilled,Routine,None
4141,8,1,B+,3,2025-12-22,Fulfilled,Routine,None
4142,6,4,A-,3,2025-12-22,Fulfilled,Routine,None
4143,6,4,A+,1,2025-12-22,Fulfilled,Routine,None
4144,1,2,A+,4,2025-12-22,Fulfilled,Urgent,None
4145,8,3,O+,3,2025-12-22,Fulfilled,Emergency,None
4146,5,3,A+,1,2025-12-22,Fulfilled,Routine,None
4147,1,1,A+,2,2025-12-22,Fulfilled,Routine,None
4148,5,2,B+,2,2025-12-22,Fulfilled,Routine,None
4149,1,3,AB+,1,2025-12-22,Fulfilled,Urgent,None
4150,5,4,A+,2,2025-12-22,Fulfilled,Routine,None
4151,6,4,B+,2,2025-12-23,Cancelled,Routine,None
4152,5,1,O+,2,2025-12-23,Fulfilled,Emergency,None
4153,4,2,O+,7,2025-12-23,Fulfilled,Routine,None
4154,3,2,O+,1,2025-12-23,Fulfilled,Routine,None
4155,4,2,B+,15,2025-12-23,Fulfilled,Urgent,None
4156,3,2,A+,2,2025-12-23,Fulfilled,Urgent,None
4157,3,3,A+,1,2025-12-23,Fulfilled,Routine,None
4158,6,1,B-,1,2025-12-24,Fulfilled,Routine,None
4159,6,1,O+,2,2025-12-24,Fulfilled,Routine,None
4160,7,2,A+,2,2025-12-24,Fulfilled,Urgent,None
4161,5,3,A-,1,2025-12-24,Fulfilled,Routine,None
4162,2,1,B+,2,2025-12-24,Fulfilled,Routine,None
4163,2,3,B+,1,2025-12-24,Fulfilled,Routine,None
4164,4,3,B+,4,2025-12-24,Fulfilled,Urgent,None
4165,7,3,A+,1,2025-12-24,Fulfilled,Urgent,None
4166,4,3,A+,3,2025-12-24,Fulfilled,Routine,None
4167,5,2,A+,2,2025-12-24,Fulfilled,Urgent,None
4168,2,1,AB-,1,2025-12-24,Fulfilled,Routine,None
4169,8,2,A+,3,2025-12-24,Fulfilled,Urgent,None
4170,1,2,AB+,2,2025-12-24,Fulfilled,Routine,None
4171,6,2,AB+,1,2025-12-25,Fulfilled,Routine,None
4172,5,3,A+,1,2025-12-25,Fulfilled,Routine,None
4173,4,4,B+,4,2025-12-25,Fulfilled,Routine,None
4174,5,3,B+,1,2025-12-25,Fulfilled,Routine,None
4175,6,2,A+,4,2025-12-25,Fulfilled,Urgent,None
4176,5,1,B+,1,2025-12-25,Fulfilled,Routine,None
4177,7,1,A+,1,2025-12-25,Fulfilled,Routine,None
4178,2,1,B+,3,2025-12-25,Fulfilled,Urgent,None
4179,2,3,A+,2,2025-12-25,Fulfilled,Routine,None
4180,5,4,B+,2,2025-12-25,Fulfilled,Routine,None
4181,7,1,B+,8,2025-12-25,Fulfilled,Emergency,None
4182,4,1,B+,11,2025-12-26,Fulfilled,Emergency,None
4183,4,1,A-,3,2025-12-26,Fulfilled,Routine,None
4184,5,3,A-,1,2025-12-26,Fulfilled,Routine,None
4185,4,3,A+,11,2025-12-26,Fulfilled,Emergency,None
4186,6,2,A+,1,2025-12-26,Fulfilled,Routine,None
4187,6,4,A-,1,2025-12-27,Fulfilled,Routine,None
4188,2,4,A+,1,2025-12-27,Fulfilled,Routine,None
4189,2,3,O+,2,2025-12-27,Fulfilled,Urgent,None
4190,5,1,A+,2,2025-12-27,Fulfilled,Routine,None
4191,7,1,A-,3,2025-12-27,Fulfilled,Routine,None
4192,6,2,B+,2,2025-12-27,Fulfilled,Routine,None
4193,5,3,B+,2,2025-12-27,Fulfilled,Routine,None
4194,4,4,O+,8,2025-12-27,Fulfilled,Emergency,None
4195,7,4,AB+,3,2025-12-27,Fulfilled,Routine,None
4196,1,2,B+,2,2025-12-27,Fulfilled,Routine,None
4197,1,4,AB-,1,2025-12-27,Fulfilled,Routine,None
4198,7,1,A+,1,2025-12-28,Fulfilled,Urgent,None
4199,1,2,A+,3,2025-12-28,Fulfilled,Routine,None
4200,2,3,A-,1,2025-12-28,Fulfilled,Routine,None
4201,2,4,A+,2,2025-12-28,Fulfilled,Routine,None
4202,6,4,B+,5,2025-12-28,Fulfilled,Emergency,None
4203,1,4,AB+,1,2025-12-28,Fulfilled,Routine,None
4204,4,1,AB+,4,2025-12-28,Fulfilled,Routine,None
4205,1,3,A+,1,2025-12-29,Fulfilled,Routine,None
4206,3,1,O+,8,2025-12-29,Fulfilled,Emergency,None
4207,6,1,A+,1,2025-12-29,Fulfilled,Routine,None
4208,1,1,B+,2,2025-12-29,Fulfilled,Routine,None
4209,6,2,O+,3,2025-12-29,Fulfilled,Routine,None
4210,1,4,A+,1,2025-12-29,Fulfilled,Routine,None
4211,8,4,B+,2,2025-12-30,Fulfilled,Routine,None
4212,1,2,B+,1,2025-12-30,Fulfilled,Urgent,None
4213,5,2,B+,2,2025-12-30,Fulfilled,Routine,None
4214,2,4,O-,1,2025-12-30,Fulfilled,Routine,None
4215,2,2,O-,2,2025-12-30,Fulfilled,Urgent,None
4216,1,3,B+,1,2025-12-30,Fulfilled,Routine,None
4217,5,2,B-,3,2025-12-31,Fulfilled,Routine,None
4218,7,1,A+,1,2025-12-31,Fulfilled,Routine,None
4219,2,1,O+,5,2025-12-31,Fulfilled,Routine,None
4220,5,1,O+,1,2025-12-31,Fulfilled,Urgent,None
4221,6,2,O+,8,2025-12-31,Fulfilled,Routine,None
4222,2,3,A+,4,2025-12-31,Fulfilled,Urgent,None
4223,1,2,AB+,1,2025-12-31,Fulfilled,Routine,None
4224,3,3,A+,3,2026-01-01,Fulfilled,Routine,None
4225,6,2,B+,3,2026-01-01,Fulfilled,Routine,None
4226,3,3,B+,1,2026-01-01,Fulfilled,Routine,None
4227,7,4,O-,4,2026-01-01,Fulfilled,Routine,None
4228,5,3,O+,2,2026-01-01,Fulfilled,Routine,None
4229,2,3,B+,1,2026-01-01,Fulfilled,Routine,None
4230,4,2,AB-,13,2026-01-01,Fulfilled,Emergency,None
4231,2,1,A+,4,2026-01-01,Fulfilled,Emergency,None
4232,5,2,B+,1,2026-01-01,Fulfilled,Routine,None
4233,1,2,B-,1,2026-01-01,Fulfilled,Routine,None
4234,2,4,B-,3,2026-01-01,Fulfilled,Routine,None
4235,4,3,B+,5,2026-01-02,Fulfilled,Routine,None
4236,6,4,B-,1,2026-01-02,Fulfilled,Routine,None
4237,2,1,A+,2,2026-01-02,Fulfilled,Routine,None
4238,7,4,A+,6,2026-01-02,Fulfilled,Urgent,None
4239,5,2,A+,3,2026-01-02,Fulfilled,Routine,None
4240,3,1,B+,1,2026-01-02,Fulfilled,Routine,None
4241,5,4,A+,3,2026-01-03,Fulfilled,Routine,None
4242,4,4,A-,3,2026-01-03,Fulfilled,Routine,None
4243,8,3,A+,1,2026-01-03,Fulfilled,Routine,None
4244,7,3,AB+,2,2026-01-03,Fulfilled,Emergency,None
4245,7,4,A+,2,2026-01-03,Fulfilled,Urgent,None
4246,7,1,O+,2,2026-01-03,Fulfilled,Urgent,None
4247,7,3,B+,1,2026-01-03,Fulfilled,Routine,None
4248,5,4,B+,1,2026-01-03,Fulfilled,Routine,None
4249,8,4,O+,3,2026-01-03,Fulfilled,Routine,None
4250,1,1,A+,1,2026-01-03,Fulfilled,Routine,None
4251,3,2,B+,4,2026-01-03,Fulfilled,Routine,None
4252,5,3,B+,2,2026-01-03,Fulfilled,Routine,None
4253,4,1,B+,4,2026-01-03,Fulfilled,Routine,None
4254,1,1,O+,1,2026-01-03,Fulfilled,Routine,None
4255,2,3,A-,2,2026-01-03,Fulfilled,Urgent,None
4256,8,4,A+,4,2026-01-04,Fulfilled,Urgent,None
4257,7,1,O+,4,2026-01-04,Fulfilled,Routine,None
4258,8,3,B-,2,2026-01-04,Fulfilled,Urgent,None
4259,3,2,AB+,1,2026-01-04,Fulfilled,Routine,None
4260,7,1,A+,1,2026-01-04,Fulfilled,Routine,None
4261,4,3,B+,8,2026-01-04,Fulfilled,Urgent,None
4262,8,1,B-,2,2026-01-04,Fulfilled,Urgent,None
4263,3,1,O-,7,2026-01-04,Fulfilled,Emergency,None
4264,1,2,A-,1,2026-01-05,Fulfilled,Routine,None
4265,2,1,B+,2,2026-01-05,Cancelled,Routine,None
4266,2,3,B+,3,2026-01-05,Fulfilled,Routine,None
4267,5,1,A+,1,2026-01-05,Fulfilled,Routine,None
4268,7,2,O+,4,2026-01-06,Fulfilled,Urgent,None
4269,7,2,A+,1,2026-01-06,Fulfilled,Urgent,None
4270,8,1,AB+,3,2026-01-06,Fulfilled,Urgent,None
4271,6,4,AB+,1,2026-01-06,Fulfilled,Routine,None
4272,7,2,A+,2,2026-01-06,Fulfilled,Routine,None
4273,7,1,A+,2,2026-01-06,Fulfilled,Routine,None
4274,6,3,B+,1,2026-01-07,Fulfilled,Routine,None
4275,1,2,O+,2,2026-01-07,Fulfilled,Routine,None
4276,8,1,O-,1,2026-01-07,Fulfilled,Routine,None
4277,1,3,AB+,1,2026-01-08,Fulfilled,Routine,None
4278,2,2,AB-,2,2026-01-08,Fulfilled,Routine,None
4279,4,1,A+,5,2026-01-08,Fulfilled,Routine,None
4280,1,1,A+,3,2026-01-08,Fulfilled,Routine,None
4281,5,3,A+,1,2026-01-08,Fulfilled,Routine,None
4282,8,2,A-,3,2026-01-08,Fulfilled,Routine,None
4283,5,3,A+,2,2026-01-08,Fulfilled,Routine,None
4284,4,4,B+,9,2026-01-08,Fulfilled,Emergency,None
4285,3,1,A+,2,2026-01-08,Cancelled,Routine,None
4286,2,1,A+,4,2026-01-08,Fulfilled,Urgent,None
4287,1,2,A+,1,2026-01-08,Fulfilled,Routine,None
4288,3,3,B+,1,2026-01-09,Cancelled,Routine,None
4289,1,2,AB+,1,2026-01-09,Fulfilled,Routine,None
4290,8,2,O-,5,2026-01-09,Fulfilled,Emergency,None
4291,8,2,AB+,1,2026-01-09,Fulfilled,Routine,None
4292,6,2,B+,2,2026-01-09,Fulfilled,Urgent,None
4293,3,4,A+,1,2026-01-09,Fulfilled,Routine,None
4294,2,1,AB+,1,2026-01-09,Fulfilled,Routine,None
4295,3,1,B+,2,2026-01-10,Fulfilled,Routine,None
4296,3,3,A+,1,2026-01-10,Fulfilled,Routine,None
4297,2,1,B+,2,2026-01-10,Fulfilled,Routine,None
4298,1,3,O-,7,2026-01-10,Fulfilled,Emergency,None
4299,2,2,A-,5,2026-01-10,Fulfilled,Routine,None
4300,1,2,A+,1,2026-01-10,Fulfilled,Routine,None
4301,6,2,B+,3,2026-01-10,Fulfilled,Urgent,None
4302,8,4,A+,2,2026-01-10,Fulfilled,Routine,None
4303,7,1,A+,1,2026-01-11,Fulfilled,Routine,None
4304,6,2,A+,1,2026-01-11,Fulfilled,Routine,None
4305,4,1,B+,5,2026-01-11,Fulfilled,Routine,None
4306,6,2,A+,2,2026-01-11,Fulfilled,Routine,None
4307,8,1,O+,1,2026-01-11,Fulfilled,Routine,None
4308,4,1,B+,5,2026-01-11,Fulfilled,Routine,None
4309,1,1,B+,1,2026-01-11,Fulfilled,Urgent,None
4310,3,4,A-,2,2026-01-11,Cancelled,Routine,None
4311,2,1,A+,1,2026-01-11,Fulfilled,Routine,None
4312,4,2,A+,4,2026-01-11,Fulfilled,Routine,None
4313,6,3,AB+,1,2026-01-11,Fulfilled,Routine,None
4314,1,1,B+,1,2026-01-11,Fulfilled,Routine,None
4315,5,1,B+,1,2026-01-12,Fulfilled,Routine,None
4316,1,4,A-,4,2026-01-12,Fulfilled,Routine,None
4317,6,4,B+,2,2026-01-13,Fulfilled,Routine,None
4318,5,3,AB-,3,2026-01-13,Fulfilled,Routine,None
4319,7,4,B+,1,2026-01-13,Fulfilled,Routine,None
4320,1,1,A+,2,2026-01-13,Fulfilled,Routine,None
4321,1,3,A-,2,2026-01-13,Fulfilled,Routine,None
4322,8,3,A+,2,2026-01-13,Fulfilled,Routine,None
4323,7,3,A-,3,2026-01-14,Fulfilled,Routine,None
4324,4,3,B+,9,2026-01-14,Fulfilled,Emergency,None
4325,2,3,A+,1,2026-01-14,Fulfilled,Routine,None
4326,5,3,A+,2,2026-01-14,Fulfilled,Routine,None
4327,7,2,B+,1,2026-01-14,Fulfilled,Routine,None
4328,3,3,A+,2,2026-01-14,Fulfilled,Routine,None
4329,1,2,A+,1,2026-01-14,Fulfilled,Routine,None
4330,6,4,AB+,2,2026-01-14,Fulfilled,Routine,None
4331,4,2,O+,2,2026-01-14,Cancelled,Routine,None
4332,4,3,A+,3,2026-01-15,Fulfilled,Routine,None
4333,5,1,B+,1,2026-01-15,Fulfilled,Routine,None
4334,3,1,B-,3,2026-01-15,Fulfilled,Routine,None
4335,1,2,B+,2,2026-01-15,Fulfilled,Urgent,None
4336,6,3,A+,2,2026-01-15,Fulfilled,Urgent,None
4337,4,1,A+,2,2026-01-15,Fulfilled,Routine,None
4338,6,3,AB+,3,2026-01-15,Fulfilled,Urgent,None
4339,3,2,A-,1,2026-01-15,Fulfilled,Urgent,None
4340,6,3,B+,8,2026-01-15,Fulfilled,Emergency,None
4341,7,2,A+,2,2026-01-15,Fulfilled,Routine,None
4342,3,3,A+,2,2026-01-15,Fulfilled,Routine,None
4343,3,1,A+,5,2026-01-16,Fulfilled,Routine,None
4344,4,2,A+,3,2026-01-16,Fulfilled,Routine,None
4345,4,3,O+,3,2026-01-16,Fulfilled,Routine,None
4346,1,1,AB+,3,2026-01-16,Fulfilled,Routine,None
4347,4,1,B+,3,2026-01-16,Fulfilled,Routine,None
4348,3,1,B+,2,2026-01-16,Fulfilled,Routine,None
4349,4,2,B+,8,2026-01-16,Fulfilled,Emergency,None
4350,3,1,AB+,5,2026-01-16,Fulfilled,Emergency,None
4351,3,1,O-,1,2026-01-16,Fulfilled,Routine,None
4352,5,2,AB+,1,2026-01-16,Fulfilled,Routine,None
4353,5,4,B+,2,2026-01-16,Fulfilled,Routine,None
4354,4,4,O+,4,2026-01-16,Fulfilled,Routine,None
4355,5,4,O+,1,2026-01-16,Fulfilled,Routine,None
4356,7,4,B+,3,2026-01-17,Fulfilled,Routine,None
4357,8,4,A+,1,2026-01-17,Fulfilled,Routine,None
4358,3,4,B+,3,2026-01-17,Fulfilled,Routine,None
4359,6,3,O+,2,2026-01-17,Fulfilled,Routine,None
4360,6,3,A+,3,2026-01-17,Fulfilled,Emergency,None
4361,7,2,O+,1,2026-01-17,Fulfilled,Routine,None
4362,8,2,A+,2,2026-01-17,Fulfilled,Urgent,None
4363,2,2,A+,2,2026-01-17,Fulfilled,Routine,None
4364,4,3,A+,5,2026-01-17,Fulfilled,Routine,None
4365,7,3,B+,1,2026-01-17,Fulfilled,Routine,None
4366,7,2,O+,1,2026-01-18,Fulfilled,Routine,None
4367,2,2,A+,1,2026-01-18,Fulfilled,Routine,None
4368,4,1,B-,3,2026-01-18,Fulfilled,Urgent,None
4369,8,4,B+,3,2026-01-18,Fulfilled,Routine,None
4370,3,2,B+,1,2026-01-18,Fulfilled,Routine,None
4371,6,4,A+,2,2026-01-18,Fulfilled,Routine,None
4372,3,1,A+,2,2026-01-18,Fulfilled,Urgent,None
4373,2,2,A-,1,2026-01-18,Fulfilled,Routine,None
4374,7,1,B+,1,2026-01-19,Fulfilled,Routine,None
4375,6,2,A-,3,2026-01-19,Fulfilled,Routine,None
4376,7,2,A+,4,2026-01-19,Fulfilled,Emergency,None
4377,2,3,O+,2,2026-01-19,Fulfilled,Routine,None
4378,6,4,B+,1,2026-01-19,Fulfilled,Routine,None
4379,2,1,A-,3,2026-01-19,Fulfilled,Routine,None
4380,6,2,O+,3,2026-01-19,Fulfilled,Routine,None
4381,1,2,B-,1,2026-01-19,Fulfilled,Routine,None
4382,5,2,B+,1,2026-01-19,Fulfilled,Routine,None
4383,1,2,A+,1,2026-01-19,Fulfilled,Routine,None
4384,6,3,AB+,4,2026-01-19,Fulfilled,Emergency,None
4385,8,2,A+,1,2026-01-20,Fulfilled,Routine,None
4386,5,3,O-,1,2026-01-20,Fulfilled,Routine,None
4387,1,3,O+,2,2026-01-20,Fulfilled,Routine,None
4388,7,4,B+,1,2026-01-20,Fulfilled,Routine,None
4389,2,1,A+,2,2026-01-20,Fulfilled,Routine,None
4390,8,2,A+,2,2026-01-20,Fulfilled,Routine,None
4391,8,3,A+,1,2026-01-20,Fulfilled,Routine,None
4392,7,2,B+,1,2026-01-21,Fulfilled,Routine,None
4393,1,3,A+,1,2026-01-21,Fulfilled,Routine,None
4394,8,2,A+,1,2026-01-21,Fulfilled,Routine,None
4395,2,2,AB+,2,2026-01-21,Fulfilled,Routine,None
4396,2,3,AB+,4,2026-01-21,Fulfilled,Routine,None
4397,6,1,B+,1,2026-01-21,Fulfilled,Routine,None
4398,2,3,A+,1,2026-01-21,Fulfilled,Routine,None
4399,1,1,AB+,3,2026-01-21,Fulfilled,Routine,None
4400,6,3,A-,2,2026-01-21,Fulfilled,Routine,None
4401,4,2,O+,9,2026-01-21,Fulfilled,Routine,None
4402,3,4,A+,3,2026-01-21,Fulfilled,Urgent,None
4403,4,4,B+,3,2026-01-22,Fulfilled,Routine,None
4404,4,1,AB+,10,2026-01-22,Fulfilled,Emergency,None
4405,8,2,A+,2,2026-01-22,Fulfilled,Routine,None
4406,5,4,A+,3,2026-01-22,Cancelled,Routine,None
4407,4,2,B+,11,2026-01-22,Fulfilled,Urgent,None
4408,5,3,B+,7,2026-01-22,Fulfilled,Emergency,None
4409,8,4,B+,1,2026-01-22,Fulfilled,Routine,None
4410,8,2,O+,1,2026-01-22,Fulfilled,Routine,None
4411,6,4,A+,4,2026-01-23,Fulfilled,Emergency,None
4412,5,3,A+,3,2026-01-23,Fulfilled,Emergency,None
4413,5,4,A+,1,2026-01-23,Fulfilled,Routine,None
4414,5,2,B+,3,2026-01-23,Fulfilled,Routine,None
4415,8,3,A+,3,2026-01-23,Fulfilled,Routine,None
4416,5,1,AB+,2,2026-01-23,Fulfilled,Routine,None
4417,1,3,A+,1,2026-01-23,Fulfilled,Urgent,None
4418,1,2,A+,1,2026-01-23,Fulfilled,Routine,None
4419,5,4,A+,6,2026-01-23,Fulfilled,Urgent,None
4420,2,1,A+,3,2026-01-24,Fulfilled,Urgent,Outbreak
4421,7,3,AB+,5,2026-01-24,Fulfilled,Emergency,Outbreak
4422,3,1,A+,6,2026-01-24,Fulfilled,Emergency,Outbreak
4423,2,2,A+,3,2026-01-24,Fulfilled,Emergency,Outbreak
4424,4,3,AB+,9,2026-01-24,Fulfilled,Emergency,Outbreak
4425,8,3,B+,1,2026-01-24,Cancelled,Emergency,Outbreak
4426,4,4,A-,9,2026-01-24,Fulfilled,Emergency,Outbreak
4427,3,2,AB-,6,2026-01-25,Fulfilled,Emergency,Outbreak
4428,2,1,B+,6,2026-01-25,Fulfilled,Emergency,Outbreak
4429,7,3,AB+,9,2026-01-25,Fulfilled,Emergency,Outbreak
4430,2,4,AB+,6,2026-01-25,Fulfilled,Emergency,Outbreak
4431,3,2,A+,3,2026-01-25,Fulfilled,Urgent,Outbreak
4432,5,2,A+,6,2026-01-25,Fulfilled,Emergency,Outbreak
4433,4,4,O-,7,2026-01-25,Cancelled,Emergency,Outbreak
4434,1,1,A+,4,2026-01-25,Fulfilled,Emergency,Outbreak
4435,1,3,O+,12,2026-01-25,Fulfilled,Emergency,Outbreak
4436,1,2,AB+,1,2026-01-26,Fulfilled,Urgent,Outbreak
4437,4,1,A+,8,2026-01-26,Fulfilled,Urgent,Outbreak
4438,1,1,A+,2,2026-01-26,Fulfilled,Emergency,Outbreak
4439,5,3,B+,10,2026-01-26,Fulfilled,Emergency,Outbreak
4440,8,4,A+,2,2026-01-26,Fulfilled,Urgent,Outbreak
4441,4,2,A+,14,2026-01-26,Fulfilled,Emergency,Outbreak
4442,5,2,O-,6,2026-01-27,Fulfilled,Emergency,Outbreak
4443,4,4,A+,10,2026-01-27,Fulfilled,Emergency,Outbreak
4444,1,3,B+,5,2026-01-27,Fulfilled,Emergency,Outbreak
4445,1,2,B+,4,2026-01-27,Fulfilled,Emergency,Outbreak
4446,1,3,A-,2,2026-01-27,Fulfilled,Urgent,Outbreak
4447,6,3,O+,4,2026-01-27,Fulfilled,Emergency,Outbreak
4448,4,4,A+,5,2026-01-27,Fulfilled,Urgent,Outbreak
4449,2,3,A-,4,2026-01-27,Fulfilled,Emergency,Outbreak
4450,5,2,A+,1,2026-01-27,Fulfilled,Urgent,Outbreak
4451,7,4,A+,4,2026-01-27,Fulfilled,Emergency,Outbreak
4452,5,2,AB+,4,2026-01-27,Fulfilled,Emergency,Outbreak
4453,6,3,A+,2,2026-01-28,Fulfilled,Urgent,Outbreak
4454,1,4,B+,3,2026-01-28,Fulfilled,Emergency,Outbreak
4455,3,1,O+,7,2026-01-28,Fulfilled,Urgent,Outbreak
4456,5,4,A+,4,2026-01-28,Fulfilled,Urgent,Outbreak
4457,6,4,A+,4,2026-01-28,Fulfilled,Emergency,Outbreak
4458,8,4,B+,3,2026-01-28,Fulfilled,Urgent,Outbreak
4459,4,4,A+,20,2026-01-28,Fulfilled,Emergency,Outbreak
4460,6,2,O+,5,2026-01-28,Fulfilled,Emergency,Outbreak
4461,4,2,A+,9,2026-01-28,Fulfilled,Emergency,Outbreak
4462,6,3,AB+,6,2026-01-28,Fulfilled,Emergency,Outbreak
4463,1,3,B-,5,2026-01-29,Fulfilled,Emergency,Outbreak
4464,2,4,B+,5,2026-01-29,Fulfilled,Emergency,Outbreak
4465,5,1,A+,4,2026-01-29,Fulfilled,Emergency,Outbreak
4466,1,2,A+,2,2026-01-29,Fulfilled,Urgent,Outbreak
4467,4,4,A+,3,2026-01-29,Fulfilled,Urgent,Outbreak
4468,2,4,A+,2,2026-01-29,Fulfilled,Urgent,Outbreak
4469,4,1,O+,6,2026-01-29,Fulfilled,Urgent,Outbreak
4470,8,3,A+,6,2026-01-29,Fulfilled,Emergency,Outbreak
4471,1,4,B+,3,2026-01-30,Fulfilled,Emergency,Outbreak
4472,1,3,A-,4,2026-01-30,Fulfilled,Emergency,Outbreak
4473,8,3,A+,5,2026-01-30,Fulfilled,Emergency,Outbreak
4474,6,1,B+,2,2026-01-30,Fulfilled,Urgent,Outbreak
4475,7,3,A+,2,2026-01-30,Fulfilled,Urgent,Outbreak
4476,8,1,AB+,2,2026-01-30,Fulfilled,Emergency,Outbreak
4477,5,2,B+,4,2026-01-30,Fulfilled,Emergency,Outbreak
4478,4,1,A+,6,2026-01-30,Fulfilled,Emergency,Outbreak
4479,8,4,O+,5,2026-01-30,Fulfilled,Emergency,Outbreak
4480,6,4,A+,3,2026-01-30,Fulfilled,Emergency,Outbreak
4481,3,2,B+,14,2026-01-30,Fulfilled,Emergency,Outbreak
4482,2,2,O+,3,2026-01-30,Fulfilled,Emergency,Outbreak
4483,8,4,A+,5,2026-01-31,Fulfilled,Emergency,Outbreak
4484,7,3,A+,4,2026-01-31,Fulfilled,Emergency,Outbreak
4485,8,2,AB+,5,2026-01-31,Fulfilled,Emergency,Outbreak
4486,1,2,O-,2,2026-01-31,Fulfilled,Emergency,Outbreak
4487,4,4,B-,8,2026-01-31,Fulfilled,Emergency,Outbreak
4488,6,4,B+,7,2026-01-31,Cancelled,Emergency,Outbreak
4489,7,4,A+,3,2026-01-31,Fulfilled,Urgent,Outbreak
4490,6,2,AB+,5,2026-01-31,Fulfilled,Emergency,Outbreak
4491,8,4,AB-,7,2026-01-31,Fulfilled,Emergency,Outbreak
4492,7,2,B+,2,2026-01-31,Fulfilled,Emergency,Outbreak
4493,4,2,A+,10,2026-02-01,Cancelled,Emergency,Outbreak
4494,5,1,B+,3,2026-02-01,Fulfilled,Emergency,Outbreak
4495,6,1,O-,1,2026-02-01,Fulfilled,Urgent,Outbreak
4496,6,2,A+,8,2026-02-01,Fulfilled,Emergency,Outbreak
4497,1,1,AB+,6,2026-02-01,Fulfilled,Emergency,Outbreak
4498,4,2,B+,6,2026-02-01,Fulfilled,Emergency,Outbreak
4499,8,2,B+,8,2026-02-01,Fulfilled,Emergency,Outbreak
4500,1,3,A-,5,2026-02-01,Fulfilled,Emergency,Outbreak
4501,1,3,B+,4,2026-02-01,Cancelled,Emergency,Outbreak
4502,8,2,O+,9,2026-02-01,Fulfilled,Emergency,Outbreak
4503,3,4,B-,3,2026-02-01,Cancelled,Emergency,Outbreak
4504,5,1,A+,2,2026-02-02,Fulfilled,Emergency,Outbreak
4505,5,3,A+,2,2026-02-02,Fulfilled,Emergency,Outbreak
4506,5,1,B+,4,2026-02-02,Fulfilled,Emergency,Outbreak
4507,7,4,O-,3,2026-02-02,Fulfilled,Emergency,Outbreak
4508,8,1,B+,1,2026-02-02,Fulfilled,Urgent,Outbreak
4509,8,1,B+,5,2026-02-02,Fulfilled,Emergency,Outbreak
4510,7,4,O-,10,2026-02-02,Fulfilled,Emergency,Outbreak
4511,5,4,O+,3,2026-02-02,Fulfilled,Emergency,Outbreak
4512,8,2,B+,7,2026-02-02,Fulfilled,Urgent,Outbreak
4513,7,3,AB+,2,2026-02-02,Fulfilled,Urgent,Outbreak
4514,4,1,A-,14,2026-02-02,Fulfilled,Emergency,Outbreak
4515,8,1,B+,3,2026-02-02,Fulfilled,Urgent,Outbreak
4516,6,4,B+,3,2026-02-02,Fulfilled,Urgent,Outbreak
4517,6,3,O+,2,2026-02-02,Fulfilled,Emergency,Outbreak
4518,7,3,B+,6,2026-02-02,Fulfilled,Urgent,Outbreak
4519,4,2,A+,10,2026-02-03,Fulfilled,Emergency,Outbreak
4520,4,4,A-,9,2026-02-03,Cancelled,Emergency,Outbreak
4521,4,1,AB+,10,2026-02-03,Fulfilled,Urgent,Outbreak
4522,3,2,B+,5,2026-02-03,Fulfilled,Emergency,Outbreak
4523,5,3,A+,4,2026-02-03,Fulfilled,Emergency,Outbreak
4524,6,2,B-,4,2026-02-03,Fulfilled,Urgent,Outbreak
4525,2,2,B+,5,2026-02-03,Fulfilled,Emergency,Outbreak
4526,5,2,B+,2,2026-02-03,Fulfilled,Urgent,Outbreak
4527,2,2,A+,2,2026-02-03,Fulfilled,Emergency,Outbreak
4528,8,2,B+,6,2026-02-03,Cancelled,Emergency,Outbreak
4529,1,3,B+,8,2026-02-03,Fulfilled,Emergency,Outbreak
4530,8,1,A+,2,2026-02-03,Fulfilled,Urgent,Outbreak
4531,1,3,B-,4,2026-02-04,Fulfilled,Urgent,Outbreak
4532,4,2,AB-,8,2026-02-04,Fulfilled,Emergency,Outbreak
4533,3,4,B+,3,2026-02-04,Fulfilled,Emergency,Outbreak
4534,6,3,AB+,4,2026-02-04,Fulfilled,Emergency,Outbreak
4535,2,2,A-,4,2026-02-04,Fulfilled,Emergency,Outbreak
4536,4,3,A+,7,2026-02-04,Fulfilled,Emergency,Outbreak
4537,4,4,B+,9,2026-02-04,Fulfilled,Emergency,Outbreak
4538,6,3,A+,6,2026-02-04,Fulfilled,Emergency,Outbreak
4539,1,4,O-,1,2026-02-04,Fulfilled,Urgent,Outbreak
4540,7,1,A-,4,2026-02-04,Fulfilled,Urgent,Outbreak
4541,7,2,A+,4,2026-02-05,Fulfilled,Emergency,Outbreak
4542,8,4,O+,4,2026-02-05,Fulfilled,Emergency,Outbreak
4543,5,2,A+,3,2026-02-05,Fulfilled,Emergency,Outbreak
4544,4,1,B-,14,2026-02-05,Fulfilled,Urgent,Outbreak
4545,3,3,A+,6,2026-02-05,Fulfilled,Emergency,Outbreak
4546,2,1,O+,3,2026-02-05,Fulfilled,Urgent,Outbreak
4547,4,1,A+,12,2026-02-05,Fulfilled,Emergency,Outbreak
4548,8,4,A+,6,2026-02-05,Fulfilled,Emergency,Outbreak
4549,1,1,A+,1,2026-02-05,Fulfilled,Urgent,Outbreak
4550,3,2,B-,1,2026-02-05,Fulfilled,Urgent,Outbreak
4551,4,4,B+,5,2026-02-05,Fulfilled,Emergency,Outbreak
4552,3,4,A-,4,2026-02-05,Fulfilled,Urgent,Outbreak
4553,5,1,B+,2,2026-02-06,Fulfilled,Emergency,Outbreak
4554,5,4,O-,4,2026-02-06,Fulfilled,Emergency,Outbreak
4555,1,3,O-,9,2026-02-06,Fulfilled,Emergency,Outbreak
4556,3,3,B+,4,2026-02-06,Fulfilled,Emergency,Outbreak
4557,2,3,B+,4,2026-02-06,Fulfilled,Emergency,Outbreak
4558,1,4,AB-,4,2026-02-06,Fulfilled,Urgent,Outbreak
4559,6,3,B+,4,2026-02-06,Cancelled,Emergency,Outbreak
4560,8,2,O-,2,2026-02-06,Fulfilled,Emergency,Outbreak
4561,6,4,B+,5,2026-02-06,Fulfilled,Emergency,Outbreak
4562,1,2,A+,6,2026-02-06,Fulfilled,Emergency,Outbreak
4563,1,3,B+,5,2026-02-06,Fulfilled,Urgent,Outbreak
4564,7,2,A+,3,2026-02-06,Fulfilled,Urgent,Outbreak
4565,2,3,A+,4,2026-02-06,Fulfilled,Urgent,Outbreak
4566,6,2,A+,3,2026-02-06,Fulfilled,Urgent,Outbreak
4567,5,1,A+,2,2026-02-07,Fulfilled,Routine,None
4568,4,3,A+,5,2026-02-07,Cancelled,Routine,None
4569,5,3,A+,1,2026-02-07,Fulfilled,Routine,None
4570,4,4,A+,2,2026-02-07,Fulfilled,Routine,None
4571,6,4,A+,2,2026-02-07,Fulfilled,Emergency,None
4572,6,3,B+,2,2026-02-07,Fulfilled,Routine,None
4573,8,3,B+,1,2026-02-07,Fulfilled,Routine,None
4574,1,3,A+,1,2026-02-07,Fulfilled,Routine,None
4575,7,3,A+,2,2026-02-07,Fulfilled,Routine,None
4576,3,2,A+,2,2026-02-07,Cancelled,Routine,None
4577,2,3,A+,4,2026-02-07,Fulfilled,Routine,None
4578,1,4,O+,1,2026-02-08,Fulfilled,Routine,None
4579,6,2,A+,4,2026-02-08,Fulfilled,Urgent,None
4580,1,1,A+,2,2026-02-08,Fulfilled,Routine,None
4581,5,2,AB+,1,2026-02-09,Fulfilled,Routine,None
4582,7,3,B+,8,2026-02-09,Fulfilled,Emergency,None
4583,1,1,A+,5,2026-02-09,Fulfilled,Routine,None
4584,7,2,A+,2,2026-02-09,Fulfilled,Routine,None
4585,1,4,B-,2,2026-02-09,Fulfilled,Routine,None
4586,3,1,B+,1,2026-02-09,Fulfilled,Routine,None
4587,5,3,A+,3,2026-02-09,Fulfilled,Routine,None
4588,3,1,AB+,4,2026-02-09,Fulfilled,Routine,None
4589,3,3,A+,3,2026-02-10,Fulfilled,Routine,None
4590,6,3,B+,1,2026-02-10,Fulfilled,Routine,None
4591,2,2,AB+,7,2026-02-10,Fulfilled,Emergency,None
4592,7,4,AB+,1,2026-02-10,Fulfilled,Routine,None
4593,7,2,AB+,5,2026-02-10,Fulfilled,Routine,None
4594,2,2,B+,1,2026-02-10,Fulfilled,Routine,None
4595,6,2,B-,1,2026-02-11,Cancelled,Routine,None
4596,6,1,A+,1,2026-02-11,Fulfilled,Routine,None
4597,3,2,A+,2,2026-02-11,Fulfilled,Routine,None
4598,8,2,A+,2,2026-02-11,Fulfilled,Routine,None
4599,4,1,B+,2,2026-02-11,Fulfilled,Routine,None
4600,6,4,A+,1,2026-02-11,Fulfilled,Routine,None
4601,3,1,A-,1,2026-02-11,Fulfilled,Routine,None
4602,2,2,B+,2,2026-02-11,Fulfilled,Urgent,None
4603,6,2,A+,3,2026-02-11,Fulfilled,Routine,None
4604,1,4,B+,1,2026-02-11,Fulfilled,Routine,None
4605,5,3,O+,1,2026-02-11,Fulfilled,Routine,None
4606,5,1,B+,4,2026-02-11,Fulfilled,Emergency,None
4607,1,4,A+,2,2026-02-11,Fulfilled,Routine,None
4608,1,3,AB-,1,2026-02-12,Fulfilled,Urgent,None
4609,7,4,A+,2,2026-02-12,Fulfilled,Routine,None
4610,2,2,O+,2,2026-02-12,Fulfilled,Routine,None
4611,2,1,A+,2,2026-02-12,Fulfilled,Routine,None
4612,6,1,A+,6,2026-02-12,Fulfilled,Urgent,None
4613,5,3,A+,2,2026-02-12,Fulfilled,Routine,None
4614,6,2,B-,3,2026-02-12,Fulfilled,Routine,None
4615,3,2,A+,1,2026-02-12,Fulfilled,Routine,None
4616,2,3,A-,2,2026-02-13,Fulfilled,Routine,None
4617,2,1,O+,2,2026-02-13,Fulfilled,Urgent,None
4618,6,2,O+,1,2026-02-13,Fulfilled,Routine,None
4619,8,3,A+,1,2026-02-13,Fulfilled,Routine,None
4620,7,3,B+,2,2026-02-13,Fulfilled,Routine,None
4621,3,1,B+,1,2026-02-13,Fulfilled,Routine,None
4622,6,2,B-,1,2026-02-13,Fulfilled,Routine,None
4623,2,1,A+,3,2026-02-13,Fulfilled,Emergency,None
4624,3,3,A+,3,2026-02-13,Fulfilled,Routine,None
4625,6,2,A+,2,2026-02-14,Fulfilled,Routine,None
4626,7,1,A+,9,2026-02-14,Fulfilled,Emergency,None
4627,3,1,O+,2,2026-02-14,Fulfilled,Routine,None
4628,8,2,A+,1,2026-02-14,Fulfilled,Routine,None
4629,4,1,B+,8,2026-02-14,Fulfilled,Urgent,None
4630,2,3,A-,2,2026-02-14,Fulfilled,Urgent,None
4631,1,4,A+,1,2026-02-14,Fulfilled,Routine,None
4632,2,2,A+,8,2026-02-14,Fulfilled,Emergency,None
4633,2,1,B+,3,2026-02-14,Fulfilled,Routine,None
4634,7,4,B+,5,2026-02-14,Fulfilled,Routine,None
4635,2,4,AB+,3,2026-02-14,Fulfilled,Emergency,None
4636,8,2,A+,1,2026-02-14,Fulfilled,Routine,None
4637,3,2,B-,2,2026-02-15,Fulfilled,Routine,None
4638,6,3,O+,4,2026-02-15,Fulfilled,Urgent,None
4639,2,2,B+,3,2026-02-15,Fulfilled,Emergency,None
4640,1,3,A+,2,2026-02-15,Fulfilled,Routine,None
4641,1,2,B+,1,2026-02-15,Fulfilled,Routine,None
4642,6,2,A-,9,2026-02-15,Fulfilled,Emergency,None
4643,8,4,O-,2,2026-02-15,Fulfilled,Routine,None
4644,1,1,B+,1,2026-02-15,Fulfilled,Routine,None
4645,7,3,A+,2,2026-02-15,Fulfilled,Routine,None
4646,3,3,AB+,2,2026-02-16,Fulfilled,Routine,None
4647,1,2,B-,2,2026-02-16,Fulfilled,Routine,None
4648,5,1,A+,6,2026-02-16,Fulfilled,Emergency,None
4649,7,3,A+,2,2026-02-16,Fulfilled,Urgent,None
4650,2,3,A-,1,2026-02-16,Fulfilled,Routine,None
4651,2,4,A+,3,2026-02-16,Fulfilled,Routine,None
4652,4,3,A+,2,2026-02-16,Fulfilled,Routine,None
4653,3,4,B+,2,2026-02-16,Fulfilled,Routine,None
4654,8,3,A-,3,2026-02-16,Fulfilled,Routine,None
4655,7,1,A+,2,2026-02-16,Fulfilled,Routine,None
4656,4,3,AB+,3,2026-02-17,Fulfilled,Routine,None
4657,8,2,B-,2,2026-02-17,Fulfilled,Routine,None
4658,6,4,O-,1,2026-02-17,Fulfilled,Urgent,None
4659,7,1,B+,1,2026-02-17,Fulfilled,Routine,None
4660,8,1,O-,2,2026-02-17,Fulfilled,Urgent,None
4661,5,4,A+,1,2026-02-18,Fulfilled,Routine,None
4662,5,3,B+,1,2026-02-18,Fulfilled,Routine,None
4663,3,4,A-,2,2026-02-18,Fulfilled,Routine,None
4664,4,2,A+,4,2026-02-18,Fulfilled,Routine,None
4665,5,3,AB+,4,2026-02-18,Fulfilled,Emergency,None
4666,5,2,A+,2,2026-02-18,Fulfilled,Urgent,None
4667,7,4,B+,1,2026-02-18,Fulfilled,Routine,None
4668,2,4,A+,2,2026-02-18,Fulfilled,Routine,None
4669,1,3,O-,1,2026-02-18,Fulfilled,Routine,None
4670,1,3,B-,4,2026-02-18,Fulfilled,Routine,None
4671,5,1,B+,1,2026-02-19,Fulfilled,Routine,None
4672,2,4,B-,3,2026-02-19,Fulfilled,Routine,None
4673,8,1,AB+,2,2026-02-19,Fulfilled,Routine,None
4674,7,3,O+,1,2026-02-19,Fulfilled,Routine,None
4675,3,4,A+,1,2026-02-19,Fulfilled,Routine,None
4676,2,1,A+,3,2026-02-19,Fulfilled,Routine,None
4677,8,1,O+,1,2026-02-19,Fulfilled,Routine,None
4678,7,3,A+,2,2026-02-19,Fulfilled,Routine,None
4679,3,1,A+,3,2026-02-19,Fulfilled,Routine,None
4680,5,4,B+,2,2026-02-20,Fulfilled,Urgent,None
4681,1,4,AB-,2,2026-02-20,Fulfilled,Routine,None
4682,8,4,A+,2,2026-02-20,Fulfilled,Urgent,None
4683,2,2,O+,1,2026-02-20,Fulfilled,Routine,None
4684,4,1,AB+,2,2026-02-21,Fulfilled,Routine,None
4685,2,2,O-,4,2026-02-21,Fulfilled,Urgent,None
4686,2,3,A+,2,2026-02-21,Fulfilled,Routine,None
4687,3,1,B-,1,2026-02-21,Fulfilled,Routine,None
4688,2,4,A+,3,2026-02-21,Fulfilled,Routine,None
4689,7,1,A+,2,2026-02-21,Fulfilled,Routine,None
4690,4,2,O+,2,2026-02-21,Fulfilled,Routine,None
4691,7,1,A+,1,2026-02-21,Fulfilled,Routine,None
4692,4,3,B+,3,2026-02-21,Fulfilled,Routine,None
4693,6,4,AB+,1,2026-02-22,Fulfilled,Routine,None
4694,4,4,B-,7,2026-02-22,Fulfilled,Urgent,None
4695,1,3,B+,2,2026-02-22,Fulfilled,Urgent,None
4696,8,3,A+,2,2026-02-22,Fulfilled,Routine,None
4697,1,4,AB-,1,2026-02-22,Fulfilled,Urgent,None
4698,4,3,AB+,2,2026-02-22,Fulfilled,Routine,None
4699,6,1,A+,3,2026-02-22,Fulfilled,Routine,None
4700,4,3,A+,2,2026-02-22,Fulfilled,Routine,None
4701,8,1,A+,2,2026-02-22,Fulfilled,Urgent,None
4702,7,1,B+,1,2026-02-22,Fulfilled,Routine,None
4703,3,1,O+,1,2026-02-23,Cancelled,Routine,None
4704,4,1,A+,4,2026-02-23,Fulfilled,Routine,None
4705,7,1,B+,2,2026-02-23,Fulfilled,Routine,None
4706,5,2,AB-,3,2026-02-23,Fulfilled,Urgent,None
4707,1,4,B+,1,2026-02-23,Fulfilled,Routine,None
4708,2,1,O+,1,2026-02-23,Fulfilled,Routine,None
4709,2,1,O+,4,2026-02-23,Fulfilled,Urgent,None
4710,6,3,B+,3,2026-02-23,Fulfilled,Urgent,None
4711,2,1,O+,3,2026-02-24,Fulfilled,Emergency,None
4712,7,3,B+,3,2026-02-24,Fulfilled,Urgent,None
4713,3,3,A+,2,2026-02-24,Fulfilled,Routine,None
4714,8,1,B+,4,2026-02-24,Fulfilled,Urgent,None
4715,4,4,A+,3,2026-02-24,Fulfilled,Routine,None
4716,1,4,B+,1,2026-02-24,Cancelled,Routine,None
4717,8,2,A+,2,2026-02-24,Fulfilled,Routine,None
4718,5,4,B+,2,2026-02-24,Fulfilled,Routine,None
4719,6,3,B+,2,2026-02-25,Cancelled,Routine,None
4720,8,3,AB+,4,2026-02-25,Fulfilled,Emergency,None
4721,8,2,A+,2,2026-02-25,Fulfilled,Routine,None
4722,6,3,AB+,1,2026-02-25,Fulfilled,Routine,None
4723,3,3,B+,1,2026-02-25,Fulfilled,Routine,None
4724,6,4,A+,2,2026-02-25,Fulfilled,Routine,None
4725,6,4,A+,2,2026-02-25,Fulfilled,Routine,None
4726,8,1,B+,1,2026-02-26,Fulfilled,Routine,None
4727,1,1,B+,1,2026-02-26,Fulfilled,Routine,None
4728,4,3,B+,4,2026-02-26,Fulfilled,Routine,None
4729,5,3,A+,2,2026-02-26,Fulfilled,Routine,None
4730,6,2,O-,3,2026-02-26,Fulfilled,Routine,None
4731,5,3,B+,1,2026-02-26,Fulfilled,Routine,None
4732,5,3,A+,1,2026-02-26,Fulfilled,Routine,None
4733,7,4,O+,3,2026-02-26,Fulfilled,Routine,None
4734,5,3,A+,5,2026-02-26,Fulfilled,Emergency,None
4735,7,3,A+,1,2026-02-26,Fulfilled,Routine,None
4736,5,1,A+,2,2026-02-26,Fulfilled,Routine,None
4737,3,4,B+,3,2026-02-27,Fulfilled,Urgent,None
4738,1,3,A+,2,2026-02-27,Fulfilled,Routine,None
4739,2,3,O+,1,2026-02-27,Fulfilled,Routine,None
4740,2,4,O+,2,2026-02-27,Fulfilled,Routine,None
4741,3,2,AB+,3,2026-02-27,Fulfilled,Routine,None
4742,3,3,O+,2,2026-02-27,Fulfilled,Routine,None
4743,3,3,B+,1,2026-02-27,Fulfilled,Routine,None
4744,7,1,A-,2,2026-02-27,Fulfilled,Routine,None
4745,4,4,A+,5,2026-02-27,Fulfilled,Urgent,None
4746,7,3,B+,1,2026-02-27,Fulfilled,Routine,None
4747,3,1,A+,2,2026-02-28,Fulfilled,Routine,None
4748,7,1,B-,3,2026-02-28,Fulfilled,Routine,None
4749,1,1,A+,1,2026-02-28,Fulfilled,Routine,None
4750,1,4,B+,3,2026-02-28,Fulfilled,Emergency,None
4751,8,4,B+,2,2026-02-28,Fulfilled,Routine,None
4752,7,2,O+,2,2026-02-28,Fulfilled,Routine,None
4753,8,4,O+,1,2026-02-28,Fulfilled,Routine,None
4754,5,1,A+,6,2026-02-28,Fulfilled,Urgent,None
4755,1,3,A+,1,2026-02-28,Fulfilled,Urgent,None
4756,8,4,B+,9,2026-02-28,Fulfilled,Emergency,None
4757,6,4,B+,1,2026-02-28,Fulfilled,Routine,None
4758,3,3,B+,2,2026-03-01,Fulfilled,Urgent,None
4759,6,1,A+,3,2026-03-01,Fulfilled,Routine,None
4760,2,3,A-,6,2026-03-01,Fulfilled,Emergency,None
4761,4,4,O+,4,2026-03-01,Fulfilled,Routine,None
4762,5,4,A+,2,2026-03-01,Fulfilled,Routine,None
4763,8,1,B+,1,2026-03-01,Fulfilled,Routine,None
4764,2,1,O+,3,2026-03-01,Fulfilled,Urgent,None
4765,7,3,O-,2,2026-03-02,Fulfilled,Routine,None
4766,4,2,O+,5,2026-03-02,Fulfilled,Routine,None
4767,2,1,A+,2,2026-03-02,Fulfilled,Urgent,None
4768,1,3,A+,4,2026-03-02,Fulfilled,Emergency,None
4769,7,1,AB+,2,2026-03-02,Fulfilled,Urgent,None
4770,1,4,A+,1,2026-03-02,Fulfilled,Routine,None
4771,8,3,A+,1,2026-03-02,Fulfilled,Routine,None
4772,4,4,B+,3,2026-03-02,Fulfilled,Routine,None
4773,4,1,O+,2,2026-03-02,Fulfilled,Routine,None
4774,8,2,B+,1,2026-03-02,Fulfilled,Urgent,None
4775,6,2,A+,4,2026-03-02,Fulfilled,Urgent,None
4776,2,2,B+,1,2026-03-03,Fulfilled,Routine,None
4777,8,4,A+,2,2026-03-03,Fulfilled,Routine,None
4778,4,2,B-,1,2026-03-03,Fulfilled,Routine,None
4779,8,4,O+,1,2026-03-03,Fulfilled,Routine,None
4780,5,3,B+,1,2026-03-03,Fulfilled,Routine,None
4781,3,4,B+,2,2026-03-03,Fulfilled,Routine,None
4782,7,4,AB-,2,2026-03-03,Fulfilled,Urgent,None
4783,5,2,A+,4,2026-03-03,Fulfilled,Emergency,None
4784,7,1,O+,2,2026-03-03,Fulfilled,Urgent,None
4785,4,3,B-,4,2026-03-04,Fulfilled,Routine,None
4786,4,4,A+,7,2026-03-04,Fulfilled,Urgent,None
4787,4,4,A+,4,2026-03-04,Fulfilled,Routine,None
4788,1,3,A+,1,2026-03-04,Fulfilled,Routine,None
4789,4,3,O+,5,2026-03-04,Fulfilled,Routine,None
4790,6,2,O-,1,2026-03-04,Fulfilled,Routine,None
4791,5,3,O+,2,2026-03-04,Fulfilled,Routine,None
4792,6,4,A+,1,2026-03-04,Fulfilled,Routine,None
4793,3,2,AB+,1,2026-03-04,Fulfilled,Routine,None
4794,1,3,B+,3,2026-03-04,Fulfilled,Urgent,None
4795,7,2,O+,3,2026-03-04,Fulfilled,Routine,None
4796,1,3,A+,1,2026-03-05,Cancelled,Routine,None
4797,7,4,B+,1,2026-03-05,Cancelled,Routine,None
4798,4,2,A-,6,2026-03-05,Fulfilled,Urgent,None
4799,6,4,B-,2,2026-03-05,Fulfilled,Urgent,None
4800,5,3,B-,2,2026-03-05,Fulfilled,Routine,None
4801,1,2,B+,1,2026-03-05,Fulfilled,Routine,None
4802,7,1,B-,4,2026-03-05,Fulfilled,Urgent,None
4803,1,4,A+,1,2026-03-05,Fulfilled,Routine,None
4804,8,1,A+,3,2026-03-05,Fulfilled,Urgent,None
4805,5,1,O+,1,2026-03-05,Fulfilled,Routine,None
4806,5,3,B+,2,2026-03-05,Fulfilled,Routine,None
4807,2,4,AB+,2,2026-03-05,Fulfilled,Urgent,None
4808,1,4,AB+,1,2026-03-05,Fulfilled,Routine,None
4809,3,4,B+,1,2026-03-06,Fulfilled,Routine,None
4810,6,1,AB+,4,2026-03-06,Fulfilled,Urgent,None
4811,3,3,O+,2,2026-03-06,Fulfilled,Routine,None
4812,6,2,O+,1,2026-03-06,Fulfilled,Routine,None
4813,2,1,O+,2,2026-03-06,Fulfilled,Routine,None
4814,7,1,A+,1,2026-03-06,Fulfilled,Routine,None
4815,3,1,O+,1,2026-03-06,Fulfilled,Routine,None
4816,3,3,B+,1,2026-03-06,Fulfilled,Routine,None
4817,6,1,A+,2,2026-03-06,Fulfilled,Routine,None
4818,6,1,B+,3,2026-03-06,Fulfilled,Routine,None
4819,8,2,A+,3,2026-03-06,Fulfilled,Urgent,None
4820,4,1,A+,13,2026-03-07,Fulfilled,Emergency,None
4821,2,1,A+,2,2026-03-07,Fulfilled,Routine,None
4822,5,1,B+,5,2026-03-07,Fulfilled,Urgent,None
4823,1,1,A+,5,2026-03-07,Fulfilled,Routine,None
4824,4,4,A+,5,2026-03-07,Fulfilled,Routine,None
4825,5,3,O+,1,2026-03-07,Fulfilled,Urgent,None
4826,2,1,O+,1,2026-03-07,Fulfilled,Routine,None
4827,3,3,A-,1,2026-03-07,Fulfilled,Routine,None
4828,3,2,A-,1,2026-03-07,Fulfilled,Routine,None
4829,5,3,A+,1,2026-03-07,Fulfilled,Routine,None
4830,8,4,A+,3,2026-03-08,Fulfilled,Emergency,None
4831,1,4,B+,1,2026-03-08,Fulfilled,Routine,None
4832,2,4,A+,1,2026-03-08,Fulfilled,Routine,None
4833,8,1,A+,2,2026-03-08,Fulfilled,Routine,None
4834,8,3,A+,2,2026-03-08,Fulfilled,Routine,None
4835,2,3,O-,1,2026-03-08,Fulfilled,Routine,None
4836,8,3,O+,2,2026-03-08,Fulfilled,Routine,None
4837,6,3,B+,3,2026-03-08,Fulfilled,Routine,None
4838,6,3,O+,3,2026-03-09,Fulfilled,Urgent,None
4839,5,1,AB-,2,2026-03-09,Fulfilled,Routine,None
4840,1,4,B+,3,2026-03-09,Fulfilled,Routine,None
4841,6,2,A+,1,2026-03-09,Fulfilled,Routine,None
4842,5,4,AB+,3,2026-03-09,Fulfilled,Routine,None
4843,7,2,B+,3,2026-03-09,Fulfilled,Routine,None
4844,6,1,O-,1,2026-03-09,Fulfilled,Routine,None
4845,8,2,A+,1,2026-03-09,Fulfilled,Routine,None
4846,1,3,A+,3,2026-03-10,Fulfilled,Urgent,None
4847,6,3,B+,2,2026-03-10,Fulfilled,Routine,None
4848,6,1,O-,1,2026-03-10,Fulfilled,Routine,None
4849,1,2,B+,3,2026-03-10,Fulfilled,Emergency,None
4850,8,3,A-,2,2026-03-10,Fulfilled,Routine,None
4851,3,4,AB-,6,2026-03-10,Fulfilled,Emergency,None
4852,2,1,A+,4,2026-03-10,Fulfilled,Urgent,None
4853,1,3,B+,1,2026-03-10,Fulfilled,Routine,None
4854,5,4,B-,6,2026-03-11,Fulfilled,Emergency,Festival
4855,8,3,B+,6,2026-03-11,Fulfilled,Emergency,Festival
4856,6,1,A+,10,2026-03-11,Fulfilled,Emergency,Festival
4857,2,4,B+,5,2026-03-11,Fulfilled,Emergency,Festival
4858,6,2,O+,5,2026-03-11,Fulfilled,Urgent,Festival
4859,1,4,AB+,2,2026-03-11,Fulfilled,Emergency,Festival
4860,4,4,A+,7,2026-03-11,Fulfilled,Emergency,Festival
4861,7,4,A+,6,2026-03-11,Fulfilled,Emergency,Festival
4862,1,1,O+,2,2026-03-11,Fulfilled,Urgent,Festival
4863,7,2,A+,6,2026-03-11,Fulfilled,Emergency,Festival
4864,3,1,B+,10,2026-03-12,Fulfilled,Emergency,Festival
4865,4,4,A+,14,2026-03-12,Fulfilled,Emergency,Festival
4866,8,2,A+,2,2026-03-12,Fulfilled,Emergency,Festival
4867,5,2,A+,5,2026-03-12,Fulfilled,Urgent,Festival
4868,4,3,O+,4,2026-03-12,Cancelled,Emergency,Festival
4869,1,2,B+,3,2026-03-12,Fulfilled,Urgent,Festival
4870,8,3,A+,1,2026-03-12,Fulfilled,Urgent,Festival
4871,4,4,A+,4,2026-03-12,Fulfilled,Emergency,Festival
4872,3,3,A-,5,2026-03-12,Fulfilled,Emergency,Festival
4873,8,1,A+,6,2026-03-12,Fulfilled,Emergency,Festival
4874,5,4,AB-,4,2026-03-12,Fulfilled,Emergency,Festival
4875,7,1,B+,5,2026-03-13,Fulfilled,Emergency,Festival
4876,6,2,B+,8,2026-03-13,Fulfilled,Emergency,Festival
4877,2,2,B+,3,2026-03-13,Fulfilled,Emergency,Festival
4878,3,3,A+,11,2026-03-13,Fulfilled,Emergency,Festival
4879,6,4,A+,5,2026-03-13,Fulfilled,Emergency,Festival
4880,8,1,O+,1,2026-03-13,Fulfilled,Emergency,Festival
4881,6,1,A+,6,2026-03-13,Fulfilled,Emergency,Festival
4882,6,3,A+,5,2026-03-13,Fulfilled,Emergency,Festival
4883,2,4,A+,2,2026-03-13,Fulfilled,Urgent,Festival
4884,2,2,A+,3,2026-03-13,Fulfilled,Urgent,Festival
4885,3,4,B+,4,2026-03-13,Fulfilled,Emergency,Festival
4886,4,1,A+,8,2026-03-13,Cancelled,Emergency,Festival
4887,3,1,B+,2,2026-03-13,Fulfilled,Emergency,Festival
4888,8,1,A+,5,2026-03-13,Fulfilled,Emergency,Festival
4889,7,4,AB+,6,2026-03-13,Fulfilled,Emergency,Festival
4890,1,2,B+,2,2026-03-14,Fulfilled,Routine,None
4891,3,2,O+,4,2026-03-14,Fulfilled,Urgent,None
4892,5,3,A+,3,2026-03-14,Fulfilled,Emergency,None
4893,1,4,A+,1,2026-03-14,Fulfilled,Routine,None
4894,8,2,A+,1,2026-03-14,Fulfilled,Routine,None
4895,1,4,A-,9,2026-03-14,Fulfilled,Emergency,None
4896,8,4,B-,2,2026-03-14,Fulfilled,Routine,None
4897,5,3,A+,7,2026-03-14,Fulfilled,Emergency,None
4898,2,1,A+,2,2026-03-14,Fulfilled,Routine,None
4899,4,1,B+,1,2026-03-14,Fulfilled,Routine,None
4900,7,2,B-,2,2026-03-14,Fulfilled,Urgent,None
4901,8,2,O+,1,2026-03-14,Fulfilled,Routine,None
4902,5,1,B+,2,2026-03-14,Fulfilled,Routine,None
4903,5,4,A+,1,2026-03-14,Fulfilled,Routine,None
4904,5,1,A+,1,2026-03-15,Fulfilled,Routine,None
4905,8,2,B-,1,2026-03-15,Fulfilled,Routine,None
4906,4,2,A+,2,2026-03-15,Fulfilled,Routine,None
4907,4,2,A-,4,2026-03-15,Fulfilled,Routine,None
4908,7,1,A+,3,2026-03-15,Fulfilled,Urgent,None
4909,5,2,A+,3,2026-03-15,Fulfilled,Routine,None
4910,8,4,A+,2,2026-03-15,Fulfilled,Routine,None
4911,2,2,O+,3,2026-03-16,Fulfilled,Routine,None
4912,8,1,A+,1,2026-03-16,Fulfilled,Routine,None
4913,8,2,AB+,1,2026-03-16,Fulfilled,Urgent,None
4914,7,1,B-,1,2026-03-16,Fulfilled,Routine,None
4915,3,3,A+,2,2026-03-16,Fulfilled,Routine,None
4916,2,4,A-,2,2026-03-16,Fulfilled,Urgent,None
4917,8,4,B-,1,2026-03-16,Fulfilled,Routine,None
4918,4,1,AB-,3,2026-03-17,Fulfilled,Routine,None
4919,6,3,B+,3,2026-03-17,Fulfilled,Emergency,None
4920,2,3,AB+,5,2026-03-17,Fulfilled,Emergency,None
4921,4,1,B+,3,2026-03-17,Fulfilled,Routine,None
4922,5,2,AB+,1,2026-03-17,Fulfilled,Routine,None
4923,3,3,O-,3,2026-03-17,Fulfilled,Routine,None
4924,6,2,O-,2,2026-03-17,Fulfilled,Urgent,None
4925,6,3,A+,2,2026-03-17,Fulfilled,Urgent,None
4926,2,2,B-,2,2026-03-17,Fulfilled,Routine,None
4927,1,1,A+,2,2026-03-17,Fulfilled,Routine,None
4928,2,3,B+,2,2026-03-17,Fulfilled,Routine,None
4929,6,2,B-,3,2026-03-17,Fulfilled,Routine,None
4930,8,2,A+,1,2026-03-18,Fulfilled,Routine,None
4931,7,1,A+,2,2026-03-18,Fulfilled,Routine,None
4932,3,2,O-,1,2026-03-18,Fulfilled,Routine,None
4933,6,1,AB-,2,2026-03-18,Fulfilled,Routine,None
4934,3,3,A+,1,2026-03-18,Fulfilled,Routine,None
4935,5,3,A+,2,2026-03-18,Fulfilled,Routine,None
4936,4,1,B+,3,2026-03-18,Fulfilled,Routine,None
4937,1,4,A-,1,2026-03-18,Cancelled,Routine,None
4938,4,3,B-,2,2026-03-18,Fulfilled,Routine,None
4939,4,1,B+,7,2026-03-18,Fulfilled,Urgent,None
4940,1,4,O+,3,2026-03-19,Fulfilled,Routine,None
4941,8,1,AB+,4,2026-03-19,Fulfilled,Emergency,None
4942,2,4,A+,1,2026-03-19,Fulfilled,Routine,None
4943,8,1,O+,1,2026-03-19,Fulfilled,Routine,None
4944,4,4,B+,5,2026-03-20,Fulfilled,Urgent,None
4945,2,4,O-,2,2026-03-20,Cancelled,Routine,None
4946,5,2,A+,1,2026-03-20,Fulfilled,Routine,None
4947,1,2,O+,1,2026-03-20,Fulfilled,Routine,None
4948,8,2,A+,3,2026-03-20,Fulfilled,Routine,None
4949,3,2,A+,1,2026-03-20,Fulfilled,Routine,None
4950,1,2,O+,2,2026-03-20,Fulfilled,Routine,None
4951,8,2,A+,5,2026-03-20,Fulfilled,Urgent,None
4952,7,1,AB+,1,2026-03-20,Fulfilled,Routine,None
4953,2,4,B+,3,2026-03-20,Fulfilled,Routine,None
4954,3,2,A+,1,2026-03-20,Fulfilled,Routine,None
4955,2,1,AB+,1,2026-03-21,Fulfilled,Urgent,None
4956,3,1,A+,3,2026-03-21,Fulfilled,Urgent,None
4957,4,4,A+,5,2026-03-21,Fulfilled,Routine,None
4958,3,3,O+,1,2026-03-21,Fulfilled,Routine,None
4959,5,3,O+,1,2026-03-21,Fulfilled,Routine,None
4960,3,3,O+,1,2026-03-21,Fulfilled,Routine,None
4961,8,4,O+,2,2026-03-22,Fulfilled,Routine,None
4962,7,3,B+,4,2026-03-22,Fulfilled,Routine,None
4963,5,2,O-,1,2026-03-22,Fulfilled,Urgent,None
4964,7,4,O+,2,2026-03-22,Fulfilled,Routine,None
4965,2,3,B+,2,2026-03-22,Fulfilled,Urgent,None
4966,8,2,B+,2,2026-03-22,Fulfilled,Routine,None
4967,5,1,A+,1,2026-03-22,Fulfilled,Routine,None
4968,1,3,B+,1,2026-03-22,Fulfilled,Routine,None
4969,5,2,A+,2,2026-03-22,Fulfilled,Routine,None
4970,1,3,B+,1,2026-03-22,Fulfilled,Routine,None
4971,5,4,O+,1,2026-03-22,Fulfilled,Routine,None
4972,5,2,AB+,3,2026-03-22,Fulfilled,Urgent,None
4973,1,3,B+,4,2026-03-22,Fulfilled,Routine,None
4974,5,2,O-,2,2026-03-22,Fulfilled,Routine,None
4975,2,2,AB+,2,2026-03-23,Fulfilled,Routine,None
4976,8,4,B+,2,2026-03-23,Fulfilled,Routine,None
4977,2,3,A+,3,2026-03-23,Fulfilled,Routine,None
4978,4,1,B+,4,2026-03-23,Fulfilled,Routine,None
4979,7,3,B+,2,2026-03-23,Fulfilled,Routine,None
4980,1,2,AB-,1,2026-03-23,Fulfilled,Routine,None
4981,1,2,B+,2,2026-03-23,Fulfilled,Routine,None
4982,6,3,B+,3,2026-03-23,Fulfilled,Routine,None
4983,4,2,A+,3,2026-03-23,Fulfilled,Routine,None
4984,8,1,A+,3,2026-03-24,Fulfilled,Urgent,None
4985,3,4,A+,2,2026-03-24,Fulfilled,Routine,None
4986,7,2,A+,2,2026-03-24,Fulfilled,Urgent,None
4987,4,3,O+,4,2026-03-24,Fulfilled,Emergency,None
4988,8,4,B+,2,2026-03-24,Fulfilled,Routine,None
4989,7,3,A-,1,2026-03-24,Fulfilled,Routine,None
4990,4,1,A+,6,2026-03-25,Fulfilled,Routine,None
4991,6,4,A+,2,2026-03-25,Fulfilled,Routine,None
4992,2,3,A+,2,2026-03-25,Fulfilled,Routine,None
4993,4,3,A-,7,2026-03-25,Fulfilled,Routine,None
4994,6,4,O+,2,2026-03-25,Fulfilled,Routine,None
4995,3,2,AB+,2,2026-03-25,Fulfilled,Routine,None
4996,5,2,A+,1,2026-03-25,Fulfilled,Routine,None
4997,3,2,A+,1,2026-03-25,Fulfilled,Routine,None
4998,3,2,AB-,4,2026-03-26,Fulfilled,Routine,None
4999,5,3,A+,2,2026-03-26,Fulfilled,Routine,None
5000,7,1,B+,2,2026-03-26,Fulfilled,Routine,None
5001,1,4,A+,6,2026-03-26,Fulfilled,Emergency,None
5002,8,1,A+,2,2026-03-26,Fulfilled,Routine,None
5003,5,3,AB+,2,2026-03-26,Cancelled,Routine,None
5004,8,4,A+,2,2026-03-26,Fulfilled,Routine,None
5005,8,3,A+,1,2026-03-26,Fulfilled,Routine,None
5006,6,2,B+,2,2026-03-26,Fulfilled,Routine,None
5007,7,4,B+,1,2026-03-27,Fulfilled,Routine,None
5008,1,2,A+,3,2026-03-27,Fulfilled,Routine,None
5009,4,3,AB+,2,2026-03-27,Fulfilled,Routine,None
5010,4,2,O+,6,2026-03-27,Fulfilled,Emergency,None
5011,2,1,O+,2,2026-03-27,Fulfilled,Routine,None
5012,7,3,O+,1,2026-03-27,Fulfilled,Routine,None
5013,4,3,O+,8,2026-03-27,Fulfilled,Emergency,None
5014,8,3,B+,4,2026-03-28,Fulfilled,Routine,None
5015,8,4,B+,2,2026-03-28,Fulfilled,Routine,None
5016,1,2,B+,2,2026-03-28,Fulfilled,Routine,None
5017,1,2,B+,2,2026-03-28,Fulfilled,Routine,None
5018,3,1,A+,1,2026-03-28,Fulfilled,Routine,None
5019,1,2,O+,2,2026-03-28,Fulfilled,Routine,None
5020,2,4,O+,1,2026-03-29,Fulfilled,Routine,None
5021,5,4,O+,1,2026-03-29,Fulfilled,Routine,None
5022,8,3,B+,1,2026-03-29,Fulfilled,Routine,None
5023,7,3,O+,2,2026-03-29,Fulfilled,Routine,None
5024,3,4,B+,1,2026-03-29,Fulfilled,Routine,None
5025,4,1,A+,4,2026-03-29,Fulfilled,Routine,None
5026,3,3,B+,1,2026-03-29,Fulfilled,Routine,None
5027,8,2,B+,1,2026-03-29,Fulfilled,Routine,None
5028,3,1,O+,3,2026-03-29,Fulfilled,Routine,None
5029,8,3,O+,2,2026-03-30,Fulfilled,Routine,None
5030,1,3,B+,2,2026-03-30,Cancelled,Routine,None
5031,6,2,B-,5,2026-03-30,Fulfilled,Emergency,None
5032,7,4,A+,2,2026-03-30,Fulfilled,Routine,None
5033,4,1,A-,2,2026-03-30,Fulfilled,Routine,None
5034,7,3,A+,3,2026-03-30,Fulfilled,Routine,None
5035,8,1,O+,1,2026-03-30,Fulfilled,Routine,None
5036,2,2,A+,1,2026-03-30,Fulfilled,Routine,None
5037,6,2,AB+,1,2026-03-30,Fulfilled,Routine,None
5038,8,2,A+,2,2026-03-30,Fulfilled,Urgent,None
5039,8,2,A-,1,2026-03-30,Fulfilled,Routine,None
5040,5,4,B-,7,2026-03-30,Fulfilled,Emergency,None
5041,1,4,B+,3,2026-03-31,Cancelled,Routine,None
5042,3,2,B+,2,2026-03-31,Fulfilled,Routine,None
5043,8,4,B+,2,2026-03-31,Fulfilled,Routine,None
5044,2,2,A+,1,2026-03-31,Fulfilled,Routine,None
5045,4,2,O+,7,2026-03-31,Fulfilled,Emergency,None
5046,4,3,A+,6,2026-03-31,Fulfilled,Routine,None
5047,7,1,A+,1,2026-03-31,Fulfilled,Routine,None
5048,2,3,A+,1,2026-04-01,Fulfilled,Routine,None
5049,7,2,AB+,1,2026-04-01,Fulfilled,Routine,None
5050,3,1,AB-,1,2026-04-01,Fulfilled,Routine,None
5051,7,2,O+,1,2026-04-01,Fulfilled,Routine,None
5052,7,1,O+,1,2026-04-01,Fulfilled,Routine,None
5053,7,2,A+,2,2026-04-01,Fulfilled,Routine,None
5054,2,1,O+,1,2026-04-01,Fulfilled,Routine,None
5055,7,3,A+,1,2026-04-01,Fulfilled,Routine,None
5056,3,1,B+,2,2026-04-02,Fulfilled,Routine,None
5057,3,2,A+,1,2026-04-02,Fulfilled,Routine,None
5058,3,1,B+,2,2026-04-02,Fulfilled,Routine,None
5059,3,2,A+,4,2026-04-02,Fulfilled,Emergency,None
5060,2,3,O+,4,2026-04-02,Fulfilled,Emergency,None
5061,7,2,A+,1,2026-04-02,Fulfilled,Routine,None
5062,8,1,A+,1,2026-04-02,Fulfilled,Routine,None
5063,7,2,A+,1,2026-04-02,Fulfilled,Routine,None
5064,5,2,A-,7,2026-04-02,Fulfilled,Emergency,None
5065,1,3,B-,1,2026-04-03,Fulfilled,Routine,None
5066,1,4,A+,1,2026-04-03,Fulfilled,Routine,None
5067,7,3,A+,3,2026-04-03,Fulfilled,Routine,None
5068,2,3,A-,2,2026-04-03,Fulfilled,Routine,None
5069,2,2,A+,1,2026-04-03,Fulfilled,Routine,None
5070,2,2,O-,1,2026-04-03,Fulfilled,Routine,None
5071,5,4,A+,3,2026-04-03,Fulfilled,Urgent,None
5072,5,3,AB+,2,2026-04-03,Fulfilled,Routine,None
5073,7,3,O+,2,2026-04-03,Fulfilled,Routine,None
5074,5,4,A+,2,2026-04-03,Fulfilled,Routine,None
5075,6,1,A+,1,2026-04-04,Fulfilled,Routine,None
5076,1,1,O+,1,2026-04-04,Fulfilled,Urgent,None
5077,1,1,A+,1,2026-04-04,Fulfilled,Routine,None
5078,3,3,AB+,3,2026-04-04,Fulfilled,Urgent,None
5079,1,1,A+,1,2026-04-04,Fulfilled,Routine,None
5080,7,1,B-,2,2026-04-04,Fulfilled,Urgent,None
5081,6,1,A+,2,2026-04-04,Fulfilled,Routine,None
5082,5,3,O+,1,2026-04-05,Fulfilled,Routine,None
5083,7,3,B+,5,2026-04-05,Fulfilled,Urgent,None
5084,7,4,A+,2,2026-04-05,Fulfilled,Urgent,None
5085,1,1,O+,1,2026-04-05,Fulfilled,Routine,None
5086,2,2,A+,3,2026-04-05,Cancelled,Emergency,None
5087,3,3,AB+,1,2026-04-05,Cancelled,Routine,None
5088,4,3,AB+,4,2026-04-05,Fulfilled,Routine,None
5089,6,3,O+,1,2026-04-05,Fulfilled,Urgent,None
5090,3,4,O+,4,2026-04-05,Fulfilled,Urgent,None
5091,1,3,O+,1,2026-04-06,Fulfilled,Routine,None
5092,5,4,A+,2,2026-04-06,Cancelled,Routine,None
5093,2,4,A+,1,2026-04-06,Fulfilled,Routine,None
5094,4,3,AB-,3,2026-04-06,Fulfilled,Routine,None
5095,8,4,A+,2,2026-04-06,Fulfilled,Routine,None
5096,2,3,B+,1,2026-04-06,Fulfilled,Routine,None
5097,7,1,O+,3,2026-04-06,Fulfilled,Urgent,None
5098,8,3,B+,1,2026-04-06,Fulfilled,Urgent,None
5099,8,2,A+,1,2026-04-06,Fulfilled,Routine,None
5100,2,4,AB+,1,2026-04-06,Fulfilled,Routine,None
5101,3,2,A+,4,2026-04-06,Fulfilled,Routine,None
5102,5,1,O+,1,2026-04-06,Fulfilled,Routine,None
5103,7,4,B+,2,2026-04-06,Fulfilled,Routine,None
5104,5,1,B+,1,2026-04-06,Fulfilled,Routine,None
5105,4,1,A+,2,2026-04-06,Fulfilled,Routine,None
5106,4,4,B+,6,2026-04-07,Fulfilled,Routine,None
5107,1,1,A+,4,2026-04-07,Fulfilled,Routine,None
5108,4,2,B+,2,2026-04-07,Fulfilled,Routine,None
5109,7,4,A+,4,2026-04-07,Fulfilled,Urgent,None
5110,5,4,A-,3,2026-04-07,Fulfilled,Routine,None
5111,5,4,O+,2,2026-04-07,Fulfilled,Routine,None
5112,6,4,A-,3,2026-04-07,Fulfilled,Urgent,None
5113,4,2,A+,8,2026-04-07,Fulfilled,Urgent,None
5114,3,1,O+,2,2026-04-07,Fulfilled,Routine,None
5115,3,3,AB+,3,2026-04-07,Fulfilled,Emergency,None
5116,7,1,A+,3,2026-04-07,Fulfilled,Routine,None
5117,1,3,A-,3,2026-04-08,Fulfilled,Routine,None
5118,5,1,A+,2,2026-04-08,Fulfilled,Routine,None
5119,6,2,B+,2,2026-04-08,Fulfilled,Routine,None
5120,5,2,A+,2,2026-04-08,Fulfilled,Routine,None
5121,8,3,A-,2,2026-04-08,Fulfilled,Routine,None
5122,5,1,A+,2,2026-04-08,Fulfilled,Routine,None
5123,1,4,A+,2,2026-04-08,Fulfilled,Routine,None
5124,3,2,B+,6,2026-04-08,Fulfilled,Emergency,None
5125,8,1,A+,1,2026-04-09,Fulfilled,Routine,None
5126,5,4,B+,1,2026-04-09,Fulfilled,Routine,None
5127,8,4,O+,3,2026-04-09,Fulfilled,Urgent,None
5128,2,1,AB+,4,2026-04-09,Fulfilled,Routine,None
5129,2,3,O-,1,2026-04-09,Fulfilled,Routine,None
5130,4,2,O-,5,2026-04-10,Fulfilled,Routine,None
5131,2,3,AB+,5,2026-04-10,Cancelled,Emergency,None
5132,7,4,AB-,4,2026-04-10,Fulfilled,Routine,None
5133,6,1,A+,1,2026-04-10,Fulfilled,Routine,None
5134,5,2,B+,3,2026-04-10,Fulfilled,Routine,None
5135,6,4,A-,2,2026-04-10,Fulfilled,Routine,None
5136,5,3,A+,3,2026-04-10,Fulfilled,Routine,None
5137,3,1,A+,1,2026-04-10,Fulfilled,Routine,None
5138,3,2,AB+,1,2026-04-10,Fulfilled,Routine,None
5139,4,3,A+,4,2026-04-10,Fulfilled,Routine,None
5140,7,2,B-,2,2026-04-10,Fulfilled,Routine,None
5141,1,2,AB+,1,2026-04-10,Fulfilled,Routine,None
5142,7,4,B-,4,2026-04-11,Fulfilled,Emergency,None
5143,5,2,B+,3,2026-04-11,Fulfilled,Routine,None
5144,7,3,B+,1,2026-04-11,Fulfilled,Routine,None
5145,1,1,AB+,1,2026-04-11,Fulfilled,Routine,None
5146,3,4,B+,3,2026-04-11,Fulfilled,Routine,None
5147,2,2,B+,2,2026-04-11,Fulfilled,Routine,None
5148,7,2,A+,2,2026-04-11,Fulfilled,Routine,None
5149,7,1,B+,2,2026-04-11,Fulfilled,Routine,None
5150,4,2,A+,4,2026-04-11,Fulfilled,Routine,None
5151,1,2,A+,3,2026-04-11,Fulfilled,Emergency,None
5152,3,1,A+,3,2026-04-11,Fulfilled,Urgent,None
5153,6,4,A-,2,2026-04-11,Fulfilled,Routine,None
5154,4,4,A+,6,2026-04-11,Fulfilled,Urgent,None
5155,3,2,O+,4,2026-04-11,Fulfilled,Routine,None
5156,5,3,B-,2,2026-04-11,Fulfilled,Routine,None
5157,8,4,A-,1,2026-04-11,Fulfilled,Routine,None
5158,2,1,O+,1,2026-04-12,Fulfilled,Routine,None
5159,7,1,A+,1,2026-04-12,Fulfilled,Routine,None
5160,4,3,B+,5,2026-04-12,Fulfilled,Routine,None
5161,6,4,A+,1,2026-04-12,Fulfilled,Urgent,None
5162,2,4,A+,1,2026-04-13,Fulfilled,Routine,None
5163,2,3,B+,2,2026-04-13,Fulfilled,Routine,None
5164,5,2,A+,2,2026-04-13,Fulfilled,Routine,None
5165,6,1,A+,3,2026-04-13,Fulfilled,Urgent,None
5166,8,1,O+,1,2026-04-13,Fulfilled,Routine,None
5167,7,3,A-,1,2026-04-13,Fulfilled,Routine,None
5168,4,4,A+,5,2026-04-13,Fulfilled,Urgent,None
5169,2,4,A+,1,2026-04-13,Fulfilled,Routine,None
5170,6,3,AB+,1,2026-04-13,Fulfilled,Routine,None
5171,8,3,O+,5,2026-04-14,Fulfilled,Routine,None
5172,2,4,A+,2,2026-04-14,Fulfilled,Urgent,None
5173,1,1,A+,3,2026-04-14,Fulfilled,Routine,None
5174,7,3,B-,2,2026-04-14,Fulfilled,Routine,None
5175,3,2,O+,1,2026-04-14,Fulfilled,Routine,None
5176,8,2,A+,1,2026-04-14,Fulfilled,Routine,None
5177,6,1,A+,2,2026-04-14,Fulfilled,Urgent,None
5178,4,1,A+,6,2026-04-14,Fulfilled,Routine,None
5179,8,2,A-,1,2026-04-14,Fulfilled,Routine,None
5180,8,2,A+,2,2026-04-15,Fulfilled,Routine,None
5181,6,3,B-,2,2026-04-15,Fulfilled,Routine,None
5182,8,2,A-,4,2026-04-15,Cancelled,Routine,None
5183,1,2,A+,1,2026-04-15,Fulfilled,Routine,None
5184,4,4,A+,6,2026-04-15,Fulfilled,Routine,None
5185,2,4,AB+,1,2026-04-15,Fulfilled,Routine,None
5186,1,2,A+,2,2026-04-15,Fulfilled,Routine,None
5187,3,2,A-,4,2026-04-16,Fulfilled,Urgent,None
5188,5,4,A+,3,2026-04-16,Fulfilled,Emergency,None
5189,3,2,B+,2,2026-04-16,Fulfilled,Routine,None
5190,6,4,B+,4,2026-04-16,Fulfilled,Routine,None
5191,7,1,A-,7,2026-04-17,Fulfilled,Urgent,None
5192,1,1,A+,2,2026-04-17,Fulfilled,Routine,None
5193,1,3,AB+,1,2026-04-17,Fulfilled,Routine,None
5194,3,1,O+,2,2026-04-17,Fulfilled,Urgent,None
5195,3,4,O+,1,2026-04-17,Fulfilled,Routine,None
5196,8,4,O+,2,2026-04-17,Fulfilled,Urgent,None
5197,2,1,AB-,1,2026-04-17,Fulfilled,Routine,None
5198,6,4,O-,2,2026-04-17,Fulfilled,Routine,None
5199,2,1,A+,1,2026-04-17,Fulfilled,Routine,None
5200,1,2,O+,2,2026-04-17,Fulfilled,Routine,None
5201,2,4,O+,4,2026-04-17,Fulfilled,Emergency,None
5202,7,1,A+,2,2026-04-17,Fulfilled,Routine,None
5203,2,4,B-,1,2026-04-17,Fulfilled,Routine,None
5204,1,1,O+,1,2026-04-18,Fulfilled,Routine,None
5205,8,4,B+,1,2026-04-18,Fulfilled,Routine,None
5206,3,2,B+,1,2026-04-18,Fulfilled,Routine,None
5207,5,1,A+,3,2026-04-18,Fulfilled,Routine,None
5208,6,3,B+,1,2026-04-18,Fulfilled,Routine,None
5209,5,3,A-,6,2026-04-18,Fulfilled,Emergency,None
5210,3,2,A+,1,2026-04-19,Fulfilled,Urgent,None
5211,3,1,A-,2,2026-04-19,Fulfilled,Routine,None
5212,4,3,A-,4,2026-04-19,Fulfilled,Routine,None
5213,5,3,A+,1,2026-04-19,Fulfilled,Routine,None
5214,2,2,B+,2,2026-04-19,Fulfilled,Routine,None
5215,6,1,O+,1,2026-04-19,Fulfilled,Routine,None
5216,2,1,A+,2,2026-04-19,Fulfilled,Routine,None
5217,2,4,AB+,6,2026-04-19,Fulfilled,Routine,None
5218,7,4,B-,2,2026-04-19,Fulfilled,Urgent,None
5219,1,4,A+,2,2026-04-20,Fulfilled,Urgent,None
5220,4,3,B-,13,2026-04-20,Fulfilled,Emergency,None
5221,4,3,O+,5,2026-04-20,Fulfilled,Routine,None
5222,3,1,A+,1,2026-04-20,Fulfilled,Routine,None
5223,6,4,O+,1,2026-04-20,Cancelled,Routine,None
5224,8,1,AB+,3,2026-04-21,Fulfilled,Routine,None
5225,5,1,A+,1,2026-04-21,Fulfilled,Routine,None
5226,3,4,O+,1,2026-04-21,Fulfilled,Routine,None
5227,8,1,O+,1,2026-04-21,Fulfilled,Routine,None
5228,3,2,AB+,3,2026-04-21,Fulfilled,Routine,None
5229,4,4,B+,4,2026-04-21,Fulfilled,Routine,None
5230,2,3,B+,4,2026-04-22,Fulfilled,Emergency,None
5231,4,2,O+,2,2026-04-22,Fulfilled,Routine,None
5232,1,3,O+,2,2026-04-22,Fulfilled,Urgent,None
5233,5,3,A+,2,2026-04-22,Fulfilled,Routine,None
5234,7,3,B-,1,2026-04-22,Fulfilled,Routine,None
5235,2,4,AB+,5,2026-04-22,Fulfilled,Routine,None
5236,4,4,A-,5,2026-04-22,Fulfilled,Urgent,None
5237,2,2,A+,1,2026-04-22,Fulfilled,Routine,None
5238,2,1,A+,1,2026-04-22,Fulfilled,Routine,None
5239,6,1,AB+,2,2026-04-22,Fulfilled,Urgent,None
5240,1,2,B-,1,2026-04-23,Fulfilled,Routine,None
5241,7,3,A+,5,2026-04-23,Fulfilled,Emergency,None
5242,4,2,O+,4,2026-04-23,Fulfilled,Routine,None
5243,7,3,B-,2,2026-04-23,Fulfilled,Routine,None
5244,3,1,O+,1,2026-04-24,Fulfilled,Routine,None
5245,8,1,A+,3,2026-04-24,Fulfilled,Urgent,None
5246,6,3,AB+,1,2026-04-24,Fulfilled,Routine,None
5247,4,2,B+,6,2026-04-24,Fulfilled,Urgent,None
5248,5,4,A+,3,2026-04-24,Fulfilled,Routine,None
5249,1,1,B+,1,2026-04-24,Fulfilled,Urgent,None
5250,7,2,AB-,2,2026-04-24,Fulfilled,Routine,None
5251,4,3,B+,4,2026-04-24,Fulfilled,Routine,None
5252,5,1,O+,3,2026-04-24,Fulfilled,Routine,None
5253,7,3,B+,1,2026-04-24,Fulfilled,Routine,None
5254,1,4,A-,1,2026-04-25,Fulfilled,Routine,None
5255,3,4,B+,1,2026-04-25,Fulfilled,Routine,None
5256,5,4,O-,3,2026-04-25,Fulfilled,Routine,None
5257,6,2,O+,2,2026-04-25,Fulfilled,Routine,None
5258,4,2,A+,4,2026-04-25,Fulfilled,Routine,None
5259,2,1,A+,1,2026-04-25,Fulfilled,Routine,None
5260,2,2,A+,1,2026-04-25,Fulfilled,Routine,None
5261,1,3,A+,3,2026-04-25,Fulfilled,Routine,None
5262,2,2,B+,1,2026-04-26,Fulfilled,Routine,None
5263,8,1,A+,1,2026-04-26,Fulfilled,Routine,None
5264,6,3,B+,1,2026-04-26,Fulfilled,Routine,None
5265,8,3,B+,2,2026-04-26,Fulfilled,Routine,None
5266,7,2,A+,2,2026-04-27,Fulfilled,Routine,None
5267,5,4,A+,1,2026-04-27,Fulfilled,Routine,None
5268,2,3,O+,3,2026-04-27,Fulfilled,Routine,None
5269,6,2,O+,4,2026-04-27,Fulfilled,Urgent,None
5270,6,2,B+,2,2026-04-27,Fulfilled,Routine,None
5271,2,3,A-,3,2026-04-27,Fulfilled,Urgent,None
5272,6,4,B+,1,2026-04-27,Fulfilled,Routine,None
5273,1,2,B+,2,2026-04-27,Fulfilled,Routine,None
5274,3,1,A+,2,2026-04-27,Fulfilled,Routine,None
5275,2,4,A+,1,2026-04-28,Fulfilled,Routine,None
5276,1,3,B+,2,2026-04-28,Fulfilled,Routine,None
5277,2,1,A+,2,2026-04-28,Fulfilled,Routine,None
5278,5,1,AB+,3,2026-04-28,Fulfilled,Routine,None
5279,1,3,O+,3,2026-04-28,Fulfilled,Urgent,None
5280,7,1,A+,1,2026-04-28,Fulfilled,Routine,None
5281,4,1,O+,6,2026-04-28,Fulfilled,Routine,None
5282,3,3,AB+,3,2026-04-28,Fulfilled,Routine,None
5283,4,2,A+,2,2026-04-28,Fulfilled,Routine,None
5284,7,4,A+,1,2026-04-28,Fulfilled,Urgent,None
5285,8,2,O+,2,2026-04-28,Fulfilled,Routine,None
5286,8,4,B-,1,2026-04-28,Fulfilled,Routine,None
5287,6,4,A+,1,2026-04-28,Fulfilled,Routine,None
5288,7,2,A+,2,2026-04-29,Fulfilled,Urgent,None
5289,3,3,A+,1,2026-04-29,Cancelled,Routine,None
5290,2,1,A-,3,2026-04-29,Fulfilled,Urgent,None
5291,6,1,A+,1,2026-04-29,Fulfilled,Routine,None
5292,1,4,A-,2,2026-04-29,Fulfilled,Routine,None
5293,3,2,O-,2,2026-04-29,Fulfilled,Routine,None
5294,2,2,A+,3,2026-04-29,Fulfilled,Routine,None
5295,4,2,AB+,9,2026-04-29,Fulfilled,Emergency,None
5296,3,4,AB+,5,2026-04-30,Fulfilled,Emergency,Festival
5297,3,1,B+,4,2026-04-30,Fulfilled,Urgent,Festival
5298,4,4,A+,8,2026-04-30,Fulfilled,Emergency,Festival
5299,2,3,B+,6,2026-04-30,Fulfilled,Emergency,Festival
5300,1,1,O+,4,2026-04-30,Fulfilled,Emergency,Festival
5301,2,4,AB-,6,2026-04-30,Fulfilled,Emergency,Festival
5302,8,3,A+,7,2026-04-30,Fulfilled,Emergency,Festival
5303,4,3,A+,6,2026-04-30,Fulfilled,Urgent,Festival
5304,8,1,A-,8,2026-04-30,Fulfilled,Emergency,Festival
5305,2,4,B+,4,2026-05-01,Fulfilled,Emergency,Festival
5306,5,3,O+,5,2026-05-01,Fulfilled,Emergency,Festival
5307,6,4,O+,5,2026-05-01,Cancelled,Emergency,Festival
5308,7,3,AB+,6,2026-05-01,Fulfilled,Emergency,Festival
5309,8,4,A+,2,2026-05-01,Fulfilled,Urgent,Festival
5310,5,4,A+,2,2026-05-01,Fulfilled,Emergency,Festival
5311,7,3,B+,9,2026-05-01,Fulfilled,Emergency,Festival
5312,4,2,A+,5,2026-05-01,Fulfilled,Emergency,Festival
5313,3,4,B+,1,2026-05-01,Cancelled,Emergency,Festival
5314,4,4,B+,20,2026-05-01,Fulfilled,Emergency,Festival
5315,4,1,B+,7,2026-05-01,Fulfilled,Emergency,Festival
5316,1,3,B-,3,2026-05-01,Fulfilled,Emergency,Festival
5317,7,1,A-,8,2026-05-02,Fulfilled,Emergency,None
5318,6,2,A+,1,2026-05-02,Fulfilled,Routine,None
5319,7,4,O+,2,2026-05-02,Fulfilled,Routine,None
5320,3,1,B+,2,2026-05-02,Fulfilled,Routine,None
5321,1,4,O+,2,2026-05-02,Fulfilled,Emergency,None
5322,3,1,A+,3,2026-05-02,Fulfilled,Routine,None
5323,1,2,A-,1,2026-05-02,Fulfilled,Routine,None
5324,4,4,A+,4,2026-05-02,Fulfilled,Routine,None
5325,4,2,O+,6,2026-05-02,Fulfilled,Emergency,None
5326,3,2,A+,1,2026-05-02,Fulfilled,Routine,None
5327,7,1,B-,1,2026-05-03,Fulfilled,Routine,None
5328,1,2,B+,2,2026-05-03,Fulfilled,Routine,None
5329,3,4,A-,3,2026-05-03,Fulfilled,Routine,None
5330,5,2,B-,1,2026-05-03,Fulfilled,Routine,None
5331,8,1,A+,1,2026-05-03,Fulfilled,Routine,None
5332,4,2,A+,1,2026-05-04,Fulfilled,Routine,None
5333,1,2,B-,1,2026-05-04,Fulfilled,Routine,None
5334,8,1,B+,4,2026-05-04,Fulfilled,Urgent,None
5335,3,2,A+,2,2026-05-04,Fulfilled,Routine,None
5336,1,1,A+,2,2026-05-04,Fulfilled,Routine,None
5337,2,2,O+,1,2026-05-05,Cancelled,Routine,None
5338,4,3,A-,2,2026-05-05,Fulfilled,Routine,None
5339,2,2,A+,1,2026-05-05,Fulfilled,Routine,None
5340,7,4,A-,1,2026-05-05,Fulfilled,Routine,None
5341,4,3,O+,4,2026-05-05,Fulfilled,Urgent,None
5342,4,1,O+,3,2026-05-06,Fulfilled,Routine,None
5343,5,1,A+,5,2026-05-06,Fulfilled,Emergency,None
5344,8,2,AB-,3,2026-05-06,Fulfilled,Routine,None
5345,7,4,O+,1,2026-05-06,Fulfilled,Routine,None
5346,8,2,O-,4,2026-05-06,Fulfilled,Routine,None
5347,7,2,A+,1,2026-05-06,Fulfilled,Routine,None
5348,1,1,B+,4,2026-05-06,Fulfilled,Routine,None
5349,3,1,O+,1,2026-05-06,Fulfilled,Routine,None
5350,8,3,A+,3,2026-05-06,Fulfilled,Routine,None
5351,5,2,A+,2,2026-05-06,Fulfilled,Routine,None
5352,3,3,A+,1,2026-05-07,Fulfilled,Routine,None
5353,3,3,B+,2,2026-05-07,Fulfilled,Routine,None
5354,8,4,A+,1,2026-05-07,Fulfilled,Routine,None
5355,3,2,AB+,5,2026-05-07,Fulfilled,Emergency,None
5356,5,4,A+,2,2026-05-07,Fulfilled,Routine,None
5357,8,3,B+,1,2026-05-08,Fulfilled,Routine,None
5358,8,2,B+,1,2026-05-08,Fulfilled,Routine,None
5359,8,3,B+,5,2026-05-08,Fulfilled,Emergency,None
5360,5,4,B+,3,2026-05-08,Fulfilled,Urgent,None
5361,6,3,AB+,2,2026-05-08,Fulfilled,Routine,None
5362,8,4,O+,1,2026-05-08,Fulfilled,Routine,None
5363,7,4,B+,2,2026-05-08,Fulfilled,Routine,None
5364,5,4,B+,1,2026-05-08,Fulfilled,Routine,None
5365,3,1,A+,2,2026-05-09,Fulfilled,Urgent,None
5366,3,3,A+,2,2026-05-09,Fulfilled,Routine,None
5367,4,2,B+,2,2026-05-09,Fulfilled,Routine,None
5368,4,4,AB+,9,2026-05-09,Fulfilled,Urgent,None
5369,4,1,B+,4,2026-05-09,Fulfilled,Routine,None
5370,5,4,A+,1,2026-05-09,Fulfilled,Routine,None
5371,3,1,AB+,3,2026-05-09,Fulfilled,Routine,None
5372,1,1,A-,1,2026-05-09,Fulfilled,Routine,None
5373,5,1,O+,2,2026-05-09,Fulfilled,Routine,None
5374,3,4,O-,1,2026-05-09,Fulfilled,Routine,None
5375,3,2,AB+,1,2026-05-10,Fulfilled,Routine,None
5376,2,4,A+,1,2026-05-10,Fulfilled,Routine,None
5377,6,1,B+,1,2026-05-10,Fulfilled,Routine,None
5378,2,2,B+,2,2026-05-10,Fulfilled,Routine,None
5379,1,1,B+,3,2026-05-11,Fulfilled,Routine,None
5380,7,1,A-,2,2026-05-11,Fulfilled,Routine,None
5381,2,4,A+,4,2026-05-11,Fulfilled,Emergency,None
5382,2,4,O+,1,2026-05-12,Fulfilled,Routine,None
5383,3,1,A+,4,2026-05-12,Fulfilled,Routine,None
5384,1,4,O+,3,2026-05-12,Fulfilled,Routine,None
5385,6,3,A+,1,2026-05-12,Fulfilled,Routine,None
5386,5,1,B+,2,2026-05-12,Fulfilled,Routine,None
5387,2,1,AB+,3,2026-05-12,Fulfilled,Routine,None
5388,1,3,A+,1,2026-05-12,Fulfilled,Routine,None
5389,7,1,B+,8,2026-05-12,Fulfilled,Emergency,None
5390,8,1,B+,2,2026-05-12,Fulfilled,Urgent,None
5391,5,4,B-,3,2026-05-13,Fulfilled,Routine,None
5392,6,2,A-,2,2026-05-13,Fulfilled,Routine,None
5393,1,3,A+,2,2026-05-13,Fulfilled,Routine,None
5394,4,2,A+,4,2026-05-13,Fulfilled,Routine,None
5395,4,1,O+,6,2026-05-13,Fulfilled,Urgent,None
5396,6,1,A+,2,2026-05-13,Fulfilled,Routine,None
5397,8,1,A+,2,2026-05-13,Fulfilled,Routine,None
5398,8,3,A+,2,2026-05-13,Fulfilled,Routine,None
5399,3,3,B+,1,2026-05-13,Fulfilled,Routine,None
5400,8,4,O+,1,2026-05-13,Fulfilled,Routine,None
5401,6,3,B-,4,2026-05-14,Fulfilled,Routine,None
5402,7,4,O+,1,2026-05-14,Fulfilled,Routine,None
5403,1,2,A+,2,2026-05-14,Fulfilled,Routine,None
5404,1,1,O+,1,2026-05-14,Fulfilled,Routine,None
5405,4,3,A+,3,2026-05-14,Fulfilled,Routine,None
5406,2,1,B+,3,2026-05-14,Fulfilled,Routine,None
5407,5,3,B+,1,2026-05-14,Fulfilled,Routine,None
5408,7,2,A+,3,2026-05-14,Fulfilled,Urgent,None
5409,1,2,AB+,4,2026-05-14,Fulfilled,Emergency,None
5410,4,3,O+,11,2026-05-15,Fulfilled,Routine,None
5411,4,3,O+,16,2026-05-15,Fulfilled,Emergency,None
5412,1,3,O+,3,2026-05-15,Fulfilled,Urgent,None
5413,1,2,O+,1,2026-05-15,Fulfilled,Routine,None
5414,5,4,A+,3,2026-05-15,Fulfilled,Routine,None
5415,6,1,O+,1,2026-05-15,Fulfilled,Routine,None
5416,8,4,A+,1,2026-05-15,Fulfilled,Routine,None
5417,5,1,A-,2,2026-05-15,Fulfilled,Routine,None
5418,1,2,O+,2,2026-05-15,Fulfilled,Urgent,None
5419,6,4,B+,1,2026-05-15,Fulfilled,Routine,None
5420,3,4,B-,1,2026-05-15,Fulfilled,Routine,None
5421,3,4,AB+,4,2026-05-15,Fulfilled,Urgent,None
5422,7,4,B-,1,2026-05-15,Fulfilled,Routine,None
5423,6,3,A-,2,2026-05-15,Fulfilled,Routine,None
5424,3,2,O+,2,2026-05-16,Fulfilled,Routine,None
5425,6,4,B+,5,2026-05-16,Fulfilled,Urgent,None
5426,7,4,B-,1,2026-05-16,Fulfilled,Routine,None
5427,6,2,B-,1,2026-05-16,Fulfilled,Routine,None
5428,3,2,O+,1,2026-05-16,Fulfilled,Routine,None
5429,5,4,B-,1,2026-05-16,Fulfilled,Routine,None
5430,4,2,A-,6,2026-05-16,Fulfilled,Urgent,None
5431,6,2,B+,2,2026-05-16,Fulfilled,Routine,None
5432,5,4,A+,1,2026-05-16,Fulfilled,Routine,None
5433,2,4,A+,1,2026-05-16,Fulfilled,Routine,None
5434,6,4,B-,3,2026-05-17,Fulfilled,Emergency,None
5435,3,2,A+,1,2026-05-17,Fulfilled,Routine,None
5436,7,2,A+,4,2026-05-17,Fulfilled,Urgent,None
5437,7,4,A+,4,2026-05-17,Fulfilled,Routine,None
5438,3,1,B-,3,2026-05-17,Fulfilled,Urgent,None
5439,3,2,B-,3,2026-05-17,Fulfilled,Routine,None
5440,4,4,A+,3,2026-05-17,Fulfilled,Routine,None
5441,1,4,B+,4,2026-05-17,Fulfilled,Urgent,None
5442,7,3,B+,2,2026-05-17,Fulfilled,Routine,None
5443,7,4,A+,2,2026-05-18,Fulfilled,Routine,None
5444,2,3,A+,4,2026-05-18,Fulfilled,Emergency,None
5445,2,1,B-,2,2026-05-18,Fulfilled,Routine,None
5446,1,2,AB+,3,2026-05-18,Fulfilled,Emergency,None
5447,1,1,A-,2,2026-05-18,Fulfilled,Routine,None
5448,1,1,A+,3,2026-05-18,Fulfilled,Routine,None
5449,3,4,A-,1,2026-05-18,Fulfilled,Routine,None
5450,6,4,A+,6,2026-05-18,Fulfilled,Urgent,None
5451,2,1,B+,2,2026-05-18,Fulfilled,Urgent,None
5452,4,3,O+,4,2026-05-19,Fulfilled,Routine,None
5453,8,1,A+,1,2026-05-19,Fulfilled,Routine,None
5454,4,3,O-,8,2026-05-19,Fulfilled,Routine,None
5455,5,4,A+,4,2026-05-19,Fulfilled,Urgent,None
5456,2,4,B-,3,2026-05-19,Fulfilled,Routine,None
5457,1,3,B-,4,2026-05-19,Fulfilled,Routine,None
5458,2,1,B+,1,2026-05-19,Fulfilled,Routine,None
5459,4,3,A+,5,2026-05-20,Fulfilled,Urgent,None
5460,7,3,AB+,3,2026-05-20,Fulfilled,Routine,None
5461,8,3,A+,4,2026-05-20,Fulfilled,Urgent,None
5462,1,3,A-,2,2026-05-20,Fulfilled,Routine,None
5463,3,4,AB+,1,2026-05-20,Fulfilled,Routine,None
5464,5,3,A+,2,2026-05-20,Fulfilled,Routine,None
5465,1,4,B+,1,2026-05-21,Fulfilled,Routine,None
5466,5,3,B+,1,2026-05-21,Fulfilled,Routine,None
5467,2,1,B+,1,2026-05-21,Fulfilled,Routine,None
5468,1,4,A+,3,2026-05-21,Fulfilled,Routine,None
5469,7,2,O+,1,2026-05-21,Fulfilled,Routine,None
5470,1,1,O+,3,2026-05-21,Fulfilled,Routine,None
5471,6,1,B+,6,2026-05-21,Fulfilled,Emergency,None
5472,5,3,A-,1,2026-05-21,Fulfilled,Routine,None
5473,3,1,O+,1,2026-05-21,Fulfilled,Routine,None
5474,3,3,A+,5,2026-05-22,Fulfilled,Emergency,None
5475,5,1,A+,3,2026-05-22,Fulfilled,Routine,None
5476,2,1,AB+,2,2026-05-22,Fulfilled,Emergency,None
5477,8,4,B+,1,2026-05-22,Fulfilled,Routine,None
5478,1,4,A-,2,2026-05-22,Fulfilled,Routine,None
5479,3,4,A+,3,2026-05-22,Fulfilled,Routine,None
5480,5,1,B+,3,2026-05-22,Fulfilled,Routine,None
5481,5,3,B+,3,2026-05-23,Fulfilled,Routine,None
5482,3,1,O+,1,2026-05-23,Fulfilled,Routine,None
5483,5,3,A+,1,2026-05-23,Fulfilled,Routine,None
5484,3,2,A+,2,2026-05-23,Fulfilled,Routine,None
5485,4,4,AB+,2,2026-05-23,Fulfilled,Routine,None
5486,4,3,AB+,3,2026-05-23,Fulfilled,Routine,None
5487,1,1,A+,6,2026-05-23,Fulfilled,Emergency,None
5488,4,3,A+,5,2026-05-23,Fulfilled,Routine,None
5489,2,4,A+,2,2026-05-24,Cancelled,Routine,None
5490,2,3,A-,4,2026-05-24,Fulfilled,Emergency,None
5491,3,4,B+,2,2026-05-24,Fulfilled,Routine,None
5492,6,2,B+,2,2026-05-24,Fulfilled,Routine,None
5493,4,1,B+,3,2026-05-24,Fulfilled,Routine,None
5494,5,4,B+,1,2026-05-24,Fulfilled,Routine,None
5495,7,2,A+,2,2026-05-24,Fulfilled,Routine,None
5496,6,3,B+,3,2026-05-24,Fulfilled,Routine,None
5497,7,1,B+,6,2026-05-25,Fulfilled,Emergency,None
5498,1,1,B+,1,2026-05-25,Fulfilled,Routine,None
5499,2,3,A+,5,2026-05-25,Fulfilled,Urgent,None
5500,6,3,AB+,1,2026-05-25,Fulfilled,Routine,None
5501,2,1,AB+,1,2026-05-25,Fulfilled,Routine,None
5502,6,3,A+,2,2026-05-25,Fulfilled,Routine,None
5503,7,3,O+,3,2026-05-25,Fulfilled,Urgent,None
5504,3,1,A+,1,2026-05-25,Fulfilled,Routine,None
5505,2,4,A+,1,2026-05-25,Fulfilled,Routine,None
5506,4,4,B+,4,2026-05-26,Fulfilled,Routine,None
5507,1,4,B-,5,2026-05-26,Fulfilled,Emergency,None
5508,1,2,O+,1,2026-05-26,Fulfilled,Routine,None
5509,7,1,A+,1,2026-05-26,Fulfilled,Routine,None
5510,6,1,B+,1,2026-05-26,Fulfilled,Routine,None
5511,7,2,A+,1,2026-05-26,Fulfilled,Routine,None
5512,1,3,A+,3,2026-05-27,Fulfilled,Urgent,None
5513,6,3,B+,2,2026-05-27,Cancelled,Routine,None
5514,7,3,A+,1,2026-05-27,Fulfilled,Routine,None
5515,8,2,O+,4,2026-05-27,Fulfilled,Urgent,None
5516,6,4,A-,1,2026-05-28,Fulfilled,Routine,None
5517,3,1,B+,1,2026-05-28,Fulfilled,Routine,None
5518,8,1,B+,1,2026-05-28,Fulfilled,Routine,None
5519,4,1,O+,3,2026-05-29,Fulfilled,Routine,None
5520,2,3,B-,1,2026-05-29,Fulfilled,Routine,None
5521,3,3,B+,6,2026-05-29,Fulfilled,Routine,None
5522,5,4,A+,1,2026-05-29,Fulfilled,Routine,None
5523,4,3,B+,5,2026-05-29,Fulfilled,Routine,None
5524,2,4,A+,1,2026-05-29,Fulfilled,Routine,None
5525,3,3,A+,2,2026-05-29,Fulfilled,Routine,None
5526,7,4,A+,7,2026-05-29,Fulfilled,Emergency,None
5527,2,4,A-,1,2026-05-30,Fulfilled,Routine,None
5528,1,1,O+,2,2026-05-30,Fulfilled,Routine,None
5529,8,3,A-,1,2026-05-30,Fulfilled,Routine,None
5530,7,3,O+,2,2026-05-30,Fulfilled,Routine,None
5531,7,4,A+,1,2026-05-30,Fulfilled,Routine,None
5532,1,4,O+,2,2026-05-30,Fulfilled,Routine,None
5533,3,4,A+,1,2026-05-30,Cancelled,Routine,None
5534,7,4,AB-,2,2026-05-30,Fulfilled,Routine,None
5535,1,3,O+,2,2026-05-30,Fulfilled,Routine,None
5536,3,4,A+,2,2026-05-31,Fulfilled,Urgent,None
5537,2,4,A-,2,2026-05-31,Cancelled,Routine,None
5538,3,3,A-,1,2026-05-31,Fulfilled,Routine,None
5539,4,2,O+,2,2026-05-31,Fulfilled,Routine,None
5540,8,2,A+,1,2026-05-31,Fulfilled,Routine,None
5541,5,1,A+,1,2026-05-31,Fulfilled,Routine,None
5542,3,2,B+,3,2026-05-31,Fulfilled,Urgent,None
5543,4,4,B+,3,2026-06-01,Fulfilled,Routine,None
5544,1,4,B+,1,2026-06-01,Fulfilled,Routine,None
5545,8,3,B+,3,2026-06-01,Fulfilled,Urgent,None
5546,8,3,AB+,2,2026-06-01,Fulfilled,Routine,None
5547,4,3,A+,3,2026-06-01,Fulfilled,Routine,None
5548,2,4,O+,3,2026-06-02,Fulfilled,Routine,None
5549,2,3,B+,1,2026-06-02,Fulfilled,Routine,None
5550,6,1,O+,2,2026-06-02,Fulfilled,Routine,None
5551,7,1,B+,2,2026-06-02,Fulfilled,Routine,None
5552,1,2,B+,4,2026-06-02,Fulfilled,Emergency,None
5553,3,2,A+,6,2026-06-02,Fulfilled,Urgent,None
5554,2,2,A-,1,2026-06-02,Fulfilled,Routine,None
5555,1,1,B+,2,2026-06-02,Fulfilled,Routine,None
5556,7,3,AB+,1,2026-06-03,Fulfilled,Routine,None
5557,5,4,A+,2,2026-06-03,Fulfilled,Routine,None
5558,2,3,O+,1,2026-06-03,Fulfilled,Routine,None
5559,7,4,B-,1,2026-06-03,Fulfilled,Routine,None
5560,4,1,A+,3,2026-06-03,Fulfilled,Routine,None
5561,5,3,O+,3,2026-06-03,Fulfilled,Emergency,None
5562,4,1,B-,5,2026-06-03,Fulfilled,Routine,None
5563,6,1,A+,3,2026-06-03,Fulfilled,Routine,None
5564,4,3,AB+,3,2026-06-03,Fulfilled,Routine,None
5565,4,4,B-,20,2026-06-03,Fulfilled,Emergency,None
5566,7,2,B+,1,2026-06-04,Fulfilled,Routine,None
5567,5,1,AB+,7,2026-06-04,Fulfilled,Emergency,None
5568,3,4,B+,1,2026-06-04,Fulfilled,Routine,None
5569,7,4,A+,1,2026-06-04,Fulfilled,Routine,None
5570,6,4,B+,3,2026-06-04,Fulfilled,Routine,None
5571,7,3,B+,3,2026-06-04,Fulfilled,Routine,None
5572,2,4,AB+,3,2026-06-05,Fulfilled,Urgent,None
5573,2,4,AB+,2,2026-06-05,Fulfilled,Routine,None
5574,3,2,AB-,1,2026-06-05,Fulfilled,Routine,None
5575,6,1,A+,1,2026-06-05,Fulfilled,Routine,None
5576,2,2,A+,1,2026-06-05,Fulfilled,Routine,None
5577,1,3,B+,2,2026-06-05,Fulfilled,Routine,None
5578,8,3,O+,3,2026-06-05,Fulfilled,Routine,None
5579,3,4,A-,1,2026-06-06,Fulfilled,Routine,None
5580,8,2,A+,8,2026-06-06,Fulfilled,Emergency,None
5581,1,2,B+,1,2026-06-06,Fulfilled,Routine,None
5582,2,4,B-,1,2026-06-06,Fulfilled,Routine,None
5583,8,3,A+,3,2026-06-06,Fulfilled,Urgent,None
5584,5,4,A+,1,2026-06-06,Fulfilled,Routine,None
5585,8,3,A+,3,2026-06-06,Fulfilled,Routine,None
5586,4,4,AB+,3,2026-06-06,Fulfilled,Routine,None
5587,8,4,O+,1,2026-06-06,Fulfilled,Routine,None
5588,8,3,A-,2,2026-06-06,Fulfilled,Routine,None
5589,5,3,O-,2,2026-06-06,Fulfilled,Urgent,None
5590,7,1,O+,1,2026-06-07,Fulfilled,Routine,None
5591,7,4,A+,1,2026-06-07,Fulfilled,Routine,None
5592,5,1,A+,2,2026-06-07,Fulfilled,Routine,None
5593,1,2,A-,2,2026-06-07,Fulfilled,Routine,None
5594,8,4,A+,3,2026-06-07,Fulfilled,Urgent,None
5595,8,4,B+,1,2026-06-07,Fulfilled,Routine,None
5596,5,3,B+,3,2026-06-08,Fulfilled,Routine,None
5597,7,4,B+,1,2026-06-08,Fulfilled,Routine,None
5598,2,4,A+,1,2026-06-08,Fulfilled,Routine,None
5599,3,2,B+,2,2026-06-08,Fulfilled,Routine,None
5600,5,3,O+,1,2026-06-08,Fulfilled,Urgent,None
5601,5,1,A+,2,2026-06-09,Fulfilled,Routine,None
5602,2,3,A-,4,2026-06-09,Fulfilled,Urgent,None
5603,2,1,O+,3,2026-06-09,Fulfilled,Routine,None
5604,4,4,O-,8,2026-06-09,Fulfilled,Urgent,None
5605,6,3,AB+,2,2026-06-09,Fulfilled,Routine,None
5606,6,4,A+,2,2026-06-09,Fulfilled,Routine,None
5607,1,3,B+,6,2026-06-09,Fulfilled,Emergency,None
5608,1,4,B+,3,2026-06-10,Fulfilled,Routine,None
5609,2,1,A+,2,2026-06-10,Fulfilled,Emergency,None
5610,3,3,AB+,1,2026-06-10,Fulfilled,Routine,None
5611,5,2,B-,3,2026-06-10,Fulfilled,Urgent,None
5612,6,3,O+,2,2026-06-10,Fulfilled,Routine,None
5613,2,4,B+,3,2026-06-11,Fulfilled,Routine,None
5614,3,3,A+,2,2026-06-11,Fulfilled,Routine,None
5615,7,4,A+,3,2026-06-11,Fulfilled,Urgent,None
5616,5,2,A+,1,2026-06-11,Fulfilled,Routine,None
5617,6,2,A+,1,2026-06-11,Cancelled,Routine,None
5618,3,1,A+,2,2026-06-11,Fulfilled,Routine,None
5619,6,1,A+,11,2026-06-11,Fulfilled,Emergency,None
5620,4,2,B+,2,2026-06-11,Fulfilled,Routine,None
5621,6,3,A-,1,2026-06-12,Fulfilled,Routine,None
5622,8,2,AB+,1,2026-06-12,Fulfilled,Routine,None
5623,2,4,A+,1,2026-06-12,Fulfilled,Routine,None
5624,7,1,B-,2,2026-06-12,Fulfilled,Routine,None
5625,3,2,O+,1,2026-06-12,Fulfilled,Routine,None
5626,4,4,O-,5,2026-06-12,Fulfilled,Urgent,None
5627,8,2,AB+,2,2026-06-12,Fulfilled,Routine,None
5628,8,3,B+,1,2026-06-12,Fulfilled,Routine,None
5629,2,2,B+,1,2026-06-12,Fulfilled,Routine,None
5630,3,4,B-,2,2026-06-12,Fulfilled,Routine,None
5631,4,1,A+,2,2026-06-12,Fulfilled,Routine,None
5632,6,3,B-,5,2026-06-13,Fulfilled,Urgent,None
5633,8,1,A+,1,2026-06-13,Fulfilled,Routine,None
5634,8,1,O+,1,2026-06-13,Fulfilled,Routine,None
5635,5,4,A+,2,2026-06-13,Fulfilled,Routine,None
5636,3,4,O+,2,2026-06-13,Fulfilled,Routine,None
5637,5,4,O+,1,2026-06-13,Fulfilled,Routine,None
5638,7,4,O-,1,2026-06-14,Fulfilled,Routine,None
5639,2,2,O+,4,2026-06-14,Fulfilled,Urgent,None
5640,5,1,B+,1,2026-06-14,Fulfilled,Routine,None
5641,5,4,B+,1,2026-06-14,Fulfilled,Routine,None
5642,8,3,AB+,2,2026-06-14,Fulfilled,Routine,None
5643,7,3,A-,2,2026-06-14,Fulfilled,Routine,None
5644,6,1,O-,8,2026-06-15,Fulfilled,Emergency,None
5645,7,1,B-,1,2026-06-15,Fulfilled,Routine,None
5646,3,3,A-,2,2026-06-15,Fulfilled,Urgent,None
5647,8,1,A+,3,2026-06-15,Fulfilled,Urgent,None
5648,6,4,O+,3,2026-06-15,Fulfilled,Routine,None
5649,2,4,AB+,4,2026-06-15,Fulfilled,Routine,None
5650,2,2,B+,6,2026-06-15,Fulfilled,Emergency,None
5651,1,4,B+,2,2026-06-16,Fulfilled,Routine,None
5652,2,4,AB+,1,2026-06-16,Fulfilled,Routine,None
5653,2,2,B-,3,2026-06-16,Fulfilled,Emergency,None
5654,4,4,B+,6,2026-06-16,Fulfilled,Urgent,None
5655,6,2,O+,1,2026-06-16,Fulfilled,Urgent,None
5656,3,2,A+,5,2026-06-16,Fulfilled,Urgent,None
5657,1,1,O+,2,2026-06-16,Fulfilled,Routine,None
5658,8,4,A+,1,2026-06-17,Fulfilled,Routine,None
5659,4,4,B+,4,2026-06-17,Fulfilled,Routine,None
5660,5,3,AB-,2,2026-06-17,Fulfilled,Urgent,None
5661,5,2,A+,1,2026-06-17,Fulfilled,Routine,None
5662,6,3,A+,7,2026-06-17,Fulfilled,Emergency,None
5663,8,4,A+,2,2026-06-17,Fulfilled,Routine,None
5664,3,3,A+,2,2026-06-17,Fulfilled,Routine,None
5665,3,1,A-,4,2026-06-17,Fulfilled,Routine,None
5666,4,3,B+,3,2026-06-17,Fulfilled,Routine,None
5667,3,3,A+,3,2026-06-17,Fulfilled,Routine,None
5668,7,3,B-,8,2026-06-18,Fulfilled,Urgent,None
5669,8,3,A+,4,2026-06-18,Fulfilled,Urgent,None
5670,8,1,B+,4,2026-06-19,Fulfilled,Emergency,None
5671,5,4,A+,3,2026-06-19,Fulfilled,Urgent,None
5672,8,4,B+,2,2026-06-19,Fulfilled,Routine,None
5673,3,3,B+,1,2026-06-19,Fulfilled,Routine,None
5674,7,1,B+,1,2026-06-19,Fulfilled,Routine,None
5675,7,2,O-,2,2026-06-19,Fulfilled,Routine,None
5676,4,3,B+,4,2026-06-19,Fulfilled,Routine,None
5677,1,1,B+,2,2026-06-19,Fulfilled,Routine,None
5678,2,4,AB+,7,2026-06-19,Fulfilled,Urgent,None
5679,3,2,O+,1,2026-06-19,Fulfilled,Routine,None
5680,7,3,A+,1,2026-06-19,Fulfilled,Routine,None
5681,2,4,A+,2,2026-06-19,Fulfilled,Routine,None
5682,7,3,A+,1,2026-06-19,Fulfilled,Routine,None
5683,7,3,A+,2,2026-06-20,Cancelled,Routine,None
5684,3,4,O+,1,2026-06-20,Fulfilled,Routine,None
5685,2,3,A+,1,2026-06-20,Fulfilled,Routine,None
5686,5,3,O+,1,2026-06-20,Fulfilled,Routine,None
5687,8,2,O+,1,2026-06-20,Fulfilled,Routine,None
5688,8,1,B-,1,2026-06-21,Fulfilled,Routine,None
5689,3,1,A+,2,2026-06-21,Fulfilled,Routine,None
5690,6,2,AB+,2,2026-06-21,Fulfilled,Emergency,None
5691,3,3,A+,7,2026-06-21,Fulfilled,Emergency,None
5692,6,2,B+,2,2026-06-21,Fulfilled,Routine,None
5693,8,4,A+,3,2026-06-21,Fulfilled,Urgent,None
5694,6,4,A-,3,2026-06-21,Fulfilled,Urgent,None
5695,2,4,B+,1,2026-06-21,Fulfilled,Routine,None
5696,3,1,O+,7,2026-06-21,Fulfilled,Emergency,None
5697,2,3,B+,2,2026-06-22,Fulfilled,Urgent,None
5698,2,3,A+,2,2026-06-22,Fulfilled,Routine,None
5699,3,1,A+,1,2026-06-22,Fulfilled,Routine,None
5700,8,2,A+,4,2026-06-22,Fulfilled,Emergency,None
5701,6,1,B+,2,2026-06-22,Fulfilled,Routine,None
5702,5,4,A+,2,2026-06-22,Fulfilled,Urgent,None
5703,7,1,A+,1,2026-06-22,Fulfilled,Routine,None
5704,2,2,A+,1,2026-06-22,Fulfilled,Routine,None
5705,5,4,O+,1,2026-06-22,Fulfilled,Routine,None
5706,6,1,A+,2,2026-06-22,Fulfilled,Routine,None
5707,1,1,A+,5,2026-06-22,Fulfilled,Emergency,None
5708,7,3,B+,2,2026-06-22,Fulfilled,Routine,None
5709,3,2,B+,2,2026-06-23,Fulfilled,Routine,None
5710,6,4,AB+,1,2026-06-23,Fulfilled,Routine,None
5711,4,1,A+,5,2026-06-23,Fulfilled,Routine,None
5712,5,4,B+,3,2026-06-23,Fulfilled,Routine,None
5713,2,1,AB+,1,2026-06-23,Fulfilled,Urgent,None
5714,1,4,B+,2,2026-06-23,Fulfilled,Routine,None
5715,2,3,B+,5,2026-06-24,Fulfilled,Emergency,None
5716,8,4,O+,3,2026-06-24,Fulfilled,Emergency,None
5717,2,4,B-,2,2026-06-24,Fulfilled,Routine,None
5718,2,1,B+,2,2026-06-24,Fulfilled,Routine,None
5719,6,1,B+,1,2026-06-24,Fulfilled,Routine,None
5720,6,1,A+,3,2026-06-24,Fulfilled,Routine,None
5721,2,2,A+,2,2026-06-24,Fulfilled,Routine,None
5722,6,3,A+,1,2026-06-25,Fulfilled,Routine,None
5723,8,3,A-,2,2026-06-25,Fulfilled,Routine,None
5724,3,4,A-,1,2026-06-25,Fulfilled,Routine,None
5725,4,1,A+,2,2026-06-25,Fulfilled,Routine,None
5726,1,3,B-,6,2026-06-25,Fulfilled,Emergency,None
5727,8,3,B+,1,2026-06-25,Fulfilled,Routine,None
5728,3,2,B+,2,2026-06-26,Fulfilled,Routine,None
5729,8,1,B+,2,2026-06-26,Fulfilled,Routine,None
5730,3,3,A+,1,2026-06-26,Fulfilled,Routine,None
5731,3,2,O+,1,2026-06-26,Fulfilled,Routine,None
5732,8,1,B+,1,2026-06-26,Fulfilled,Routine,None
5733,2,2,AB+,1,2026-06-26,Fulfilled,Routine,None
5734,5,3,AB+,2,2026-06-26,Fulfilled,Routine,None
5735,3,1,A+,1,2026-06-26,Fulfilled,Routine,None
5736,5,3,A+,3,2026-06-26,Fulfilled,Urgent,None
5737,1,1,A+,1,2026-06-26,Fulfilled,Routine,None
5738,3,2,A+,1,2026-06-26,Fulfilled,Routine,None
5739,3,2,O+,4,2026-06-26,Fulfilled,Routine,None
5740,6,1,A+,3,2026-06-27,Fulfilled,Urgent,None
5741,8,4,A+,2,2026-06-27,Fulfilled,Routine,None
5742,5,1,A+,2,2026-06-27,Fulfilled,Routine,None
5743,5,3,A+,2,2026-06-27,Fulfilled,Routine,None
5744,1,1,B-,1,2026-06-27,Fulfilled,Routine,None
5745,5,4,B+,1,2026-06-27,Fulfilled,Routine,None
5746,5,3,B+,4,2026-06-28,Fulfilled,Urgent,None
5747,1,4,B+,1,2026-06-28,Fulfilled,Routine,None
5748,4,2,B+,6,2026-06-28,Fulfilled,Routine,None
5749,1,2,B+,2,2026-06-28,Fulfilled,Routine,None
5750,4,2,B-,4,2026-06-28,Fulfilled,Routine,None
5751,2,1,A+,4,2026-06-28,Fulfilled,Urgent,None
5752,5,3,A+,1,2026-06-28,Fulfilled,Routine,None
5753,1,1,AB+,1,2026-06-28,Fulfilled,Routine,None
5754,4,4,A+,6,2026-06-29,Fulfilled,Routine,None
5755,3,3,A+,3,2026-06-29,Fulfilled,Routine,None
5756,4,2,B+,7,2026-06-29,Fulfilled,Routine,None
5757,7,1,A-,5,2026-06-29,Fulfilled,Routine,None
5758,8,4,B+,1,2026-06-29,Fulfilled,Routine,None
5759,3,3,AB+,1,2026-06-29,Fulfilled,Routine,None
5760,8,1,B-,1,2026-06-29,Fulfilled,Routine,None
5761,6,2,A-,7,2026-06-29,Fulfilled,Emergency,None
5762,1,4,AB+,1,2026-06-29,Fulfilled,Routine,None
5763,4,2,A+,3,2026-06-30,Fulfilled,Routine,None
5764,4,3,O+,3,2026-06-30,Fulfilled,Urgent,None
5765,6,4,A+,2,2026-06-30,Fulfilled,Routine,None
5766,1,1,O+,8,2026-06-30,Fulfilled,Urgent,None
5767,6,2,A+,1,2026-07-01,Fulfilled,Urgent,None
5768,8,2,A+,2,2026-07-01,Fulfilled,Routine,None
5769,2,4,A+,2,2026-07-01,Fulfilled,Routine,None
5770,6,2,A+,3,2026-07-01,Fulfilled,Routine,None
5771,8,1,A+,1,2026-07-01,Fulfilled,Routine,None
5772,6,4,B+,1,2026-07-01,Fulfilled,Routine,None
5773,2,4,A+,1,2026-07-02,Fulfilled,Urgent,None
5774,8,4,B-,1,2026-07-02,Fulfilled,Routine,None
5775,2,2,A+,3,2026-07-02,Fulfilled,Routine,None
5776,7,1,B+,1,2026-07-02,Fulfilled,Routine,None
5777,1,1,AB+,6,2026-07-02,Fulfilled,Emergency,None
5778,3,4,AB+,2,2026-07-02,Fulfilled,Routine,None
5779,3,3,B+,3,2026-07-02,Fulfilled,Routine,None
5780,5,4,B+,1,2026-07-03,Fulfilled,Routine,None
5781,3,4,A+,1,2026-07-03,Fulfilled,Routine,None
5782,6,1,B+,1,2026-07-03,Fulfilled,Routine,None
5783,2,4,B+,2,2026-07-03,Fulfilled,Routine,None
5784,7,1,B+,2,2026-07-03,Fulfilled,Routine,None
5785,2,2,B+,2,2026-07-03,Fulfilled,Routine,None
5786,2,3,A+,3,2026-07-03,Fulfilled,Routine,None
5787,4,1,A+,3,2026-07-03,Fulfilled,Routine,None
5788,2,4,A+,2,2026-07-03,Fulfilled,Urgent,None
5789,2,1,A+,1,2026-07-04,Fulfilled,Routine,None
5790,6,1,A-,1,2026-07-04,Fulfilled,Routine,None
5791,3,1,A-,2,2026-07-04,Fulfilled,Routine,None
5792,6,1,A-,4,2026-07-04,Fulfilled,Routine,None
5793,3,2,O+,2,2026-07-05,Fulfilled,Routine,None
5794,7,1,B-,1,2026-07-05,Fulfilled,Routine,None
5795,5,2,A+,3,2026-07-05,Fulfilled,Routine,None
5796,4,1,A+,2,2026-07-05,Fulfilled,Routine,None
5797,2,3,B-,1,2026-07-05,Fulfilled,Routine,None
5798,2,3,B+,1,2026-07-05,Fulfilled,Routine,None
5799,6,3,B+,2,2026-07-05,Fulfilled,Urgent,None
5800,1,2,A-,1,2026-07-05,Fulfilled,Routine,None
5801,1,4,A+,1,2026-07-05,Fulfilled,Routine,None
